cuskEel,Abadèche,abadeche_161608_w100h100c1cxt0cyt0cxb1024cyb1024.png,fish,Cusk-eel,Abadía,g,g|kg|piece,
offal,Abats,abats_76282_w100h100c1cx3000cy2000cxt0cyt0cxb6000cyb4000.jpg,meat,Offal,Menudencias,g,g|kg|piece,
abundance,Abondance,abondance_84345_w100h100c1cx250cy250cxt0cyt0cxb500cyb500.jpg,dairy,Abundance,Abundancia,g,g|kg|piece,
apricot,Abricot,abricot_67622_w100h100c1cx256cy192cxt0cyt0cxb700cyb700.jpg,fruits,Apricot,Albaricoque,piece,piece|g|kg,
apricotInSyrup,Abricot au sirop,abricot-au-sirop_78359_w100h100c1cx1650cy1650cxt0cyt0cxb3300cyb3300.jpg,canned,Apricot in syrup,Albaricoques en almíbar,piece,piece|g|kg,
driedApricot,Abricot sec,abricot-sec_75861_w100h100c1cx1824cy1824cxt0cyt0cxb3648cyb3648.jpg,fruits,Dried apricot,albaricoque seco,piece,piece|g|kg,
absinthe,Absinthe,,beverages,Absinthe,Ajenjo,ml,ml|l|cl|piece,
achatine,Achatine,,meat,Achatine,Acatina,g,g|kg|piece,
citricAcid,Acide citrique,,preparation,Citric acid,Ácido cítrico,g,g|ml|piece,
lacticAcid,Acide lactique,,preparation,Lactic acid,Ácido láctico,g,g|ml|piece,
tartaricAcid,Acide tartrique,,preparation,Tartaric acid,Ácido tartárico,g,g|ml|piece,
acidifier,Acidifiant,,preparation,Acidifier,Acidificante,g,g|ml|piece,
acoupa,Acoupa,,fish,Acoupa,Acoupa,g,g|kg|piece,
adjwain,Adjwain,,spices,Adjwain,Adjwain,g,g|piece,
afterEight,After eight,after-eight_85397_w100h100c1cx1100cy1100cxt0cyt0cxb2200cyb2200.png,snacks,After eight,Después de ocho,g,g|piece,
agarAgar,Agar-agar,agar-agar_67736_w100h100c1cx350cy350.jpg,preparation,Agar-agar,Agar-agar,g,g|ml|piece,
lamb,Agneau,agneau_67664_w100h100c1cx350cy350.jpg,meat,Lamb,Cordero,g,g|kg|piece,
agosturaBitter,Agostura bitter,,beverages,Agostura bitter,Agostura amargo,ml,ml|l|cl|piece,
candiedCitrus,Agrume confit,,fruits,Candied citrus,cítricos confitados,piece,piece|g|kg,
duckBreastStrip,Aiguillette de canard,aiguillette-de-canard_118455_w100h100c1cx317cy317cxt0cyt0cxb634cyb634.png,meat,Duck breast strip,tiras de pechuga de pato,g,g|kg|piece,
turkeyTenderloin,Aiguillette de dinde,,meat,Turkey tenderloin,lomo de pavo,g,g|kg|piece,
chickenTenderloin,Aiguillette de poulet,aiguillette-de-poulet_118144_w100h100c1cx463cy342cxt0cyt0cxb927cyb684.jpg,meat,Chicken tenderloin,filete de pollo,g,g|kg|piece,
garlic,Ail,ail_67514_w100h100c1cx350cy350.jpg,vegetables,Garlic,Ajo,piece,piece|g,gousse
wildGarlic,Ail des ours,,vegetables,Wild garlic,ajo silvestre,piece,piece|g|kg,
garlicPowder,Ail en poudre,ail-en-poudre_109577_w100h100c1cx150cy150cxt0cyt0cxb300cyb300.jpg,vegetables,Garlic powder,Polvo de ajo,g,g|piece,
garlicPowder2,Ail semoule,ail-semoule_67618_w100h100c1cx350cy350.jpg,spices,Garlic powder,Polvo de ajo,g,g|piece,
chickenWing,Aile de poulet,aile-de-poulet_68942_w100h100c1cxt0cyt0cxb700cyb700.jpg,meat,Chicken wing,ala de pollo,piece,piece|g,
rayWing,Aile de raie,,fish,Ray wing,Ala de raya,piece,piece|g,
chickenWing2,Aileron de poulet,aileron-de-poulet_81892_w100h100c1cx2350cy2350cxt0cyt0cxb4700cyb4700.jpg,meat,Chicken wing,ala de pollo,g,g|kg|piece,
garlic2,Aillet,,vegetables,Garlic,Ajo,piece,piece|g,gousse
aioli,Aïoli,aioli_117474_w100h100c1cx866cy866cxt0cyt0cxb1732cyb1732.jpg,condiments,Aioli,Alioli,g,g|kg|ml|l|piece,
cranberries,Airelles,airelles_67632_w100h100c1cx350cy350cxt0cyt0cxb700cyb700.jpg,fruits,Cranberries,arándanos rojos,piece,piece|g|kg,
alcohol,Alcool,alcool_118146_w100h100c1cx1787cy2130cxt0cyt0cxb3574cyb4261.png,beverages,Alcohol,Alcohol,ml,ml|l|cl|piece,
alcohol96,Alcool > 96°,,beverages,Alcohol > 96°,Alcohol > 96°,ml,ml|l|cl|piece,
40Alcohol,Alcool à 40°,,beverages,40% alcohol,40% de alcohol,ml,ml|l|cl|piece,
45Alcohol,Alcool à 45°,,beverages,45% alcohol,45% de alcohol,ml,ml|l|cl|piece,
60Alcohol,Alcool à 60°,,beverages,60% alcohol,60% de alcohol,ml,ml|l|cl|piece,
90Alcohol,Alcool à 90°,,beverages,90% alcohol,90% de alcohol,ml,ml|l|cl|piece,
95Alcohol,Alcool à 95°,,beverages,95% alcohol,95% de alcohol,ml,ml|l|cl|piece,
juniperAlcohol,Alcool de genièvre,,beverages,Juniper alcohol,alcohol de enebro,ml,ml|l|cl|piece,
pearLiqueur,Alcool de poire,,beverages,Pear liqueur,Licor de pera,ml,ml|l|cl|piece,
riceAlcohol,Alcool de riz,,grains,Rice alcohol,alcohol de arroz,g,g|kg|piece,
fruitAlcohol,Alcool pour fruits,,beverages,Fruit alcohol,alcohol de frutas,ml,ml|l|cl|piece,
alevin,Alevin,,fish,Alevin,Alevín,g,g|kg|piece,
alfalfa,Alfafa,alfafa_117545_w100h100c1cx295cy295cxt0cyt0cxb591cyb591.jpg,vegetables,Alfalfa,Alfalfa,piece,piece|g|kg,
sodiumAlginate,Alginate de sodium,,preparation,Sodium alginate,alginato de sodio,g,g|ml|piece,
dulseSeaweed,Algue dulse,,vegetables,Dulse seaweed,Alga dulse,piece,piece|g|kg,
japaneseSeaweed,Algue japonaise,algue-japonaise_117492_w100h100c1cx295cy295cxt0cyt0cxb591cyb591.jpg,vegetables,Japanese seaweed,alga marina japonesa,piece,piece|g|kg,
kombuSeaweed,Algue Kombu,,vegetables,Kombu Seaweed,Alga kombu,piece,piece|g|kg,
driedSeaweed,Algue séchée,algue-sechee_117410_w100h100c1cx866cy866cxt0cyt0cxb1732cyb1732.jpg,vegetables,Dried seaweed,Algas marinas secas,piece,piece|g|kg,
alkermes,Alkermes,,beverages,Alkermes,Alkermes,ml,ml|l|cl|piece,
allBran,All-Bran®,,grains,All-Bran®,All-Bran®,g,g|kg|piece,
baconMatchsticks,Allumettes de bacon,,meat,Bacon matchsticks,Palillos de tocino,g,g|kg|piece,
smokedMatches,Allumettes Fumées,,cleaning_products,Smoked Matches,Fósforos ahumados,piece,piece,
aloeVera,Aloé vera,aloe-vera_112762_w100h100c1cx359cy243cxt0cyt0cxb719cyb486.jpg,fruits,Aloe vera,Aloe vera,piece,piece|g|kg,
shad,Alose,,fish,Shad,Sábalo,g,g|kg|piece,
lark,Alouette,,dairy,Lark,Alondra,g,g|kg|piece,
almonds,Amandes,amandes_67684_w100h100c1cx350cy350.jpg,snacks,Almonds,Almendras,g,g|piece,
sliveredAlmonds,Amandes effilées,amandes-effilees_83298_w100h100c1cx1900cy1900cxt0cyt0cxb3800cyb3800.jpg,snacks,Slivered almonds,almendras laminadas,g,g|piece,
almondPowder,Amandes en poudre,amandes-en-poudre_67694_w100h100c1cx2056cy1512.jpg,snacks,Almond powder,Polvo de almendras,g,g|piece,
wholeAlmonds,Amandes entières,amandes-entieres_83294_w100h100c1cx2396cy1917cxt0cyt0cxb4792cyb3834.jpg,snacks,Whole almonds,almendras enteras,g,g|piece,
amaranth,Amarante,amarante_117540_w100h100c1cx295cy295cxt0cyt0cxb591cyb591.jpg,grains,Amaranth,Amaranto,g,g|kg|piece,
amaretti,Amaretti,amaretti_117534_w100h100c1cx295cy295cxt0cyt0cxb591cyb591.jpg,snacks,Amaretti,Amaretti,g,g|piece,
amaretto,Amaretto,amaretto_68951_w100h100c1cxt0cyt0cxb700cyb700.jpg,beverages,Amaretto,Amaretto,ml,ml|l|cl|piece,
starch,Amidon,,preparation,Starch,Almidón,g,g|ml|piece,
pineapple,Ananas,ananas_67503_w100h100c1cx350cy350.jpg,fruits,Pineapple,Piña,piece,piece|g|kg,
anchovyPaste,Anchoïade,,condiments,Anchovy paste,Pasta de anchoas,g,g|kg|ml|l|piece,
anchovy,Anchois,anchois_67541_w100h100c1cx350cy350.jpg,fish,Anchovy,Anchoa,g,g|kg|piece,
sillyDog,Andouille,andouille_68952_w100h100c1cxt0cyt0cxb700cyb700.jpg,meat,Silly dog,Perro tonto,g,g|kg|piece,
andouillette,Andouillette,andouillette_118440_w100h100c1cx318cy315cxt0cyt0cxb636cyb630.png,meat,Andouillette,Andouillette,piece,piece|g|kg,
dill,Aneth,aneth_67431_w100h100c1cx350cy350.jpg,spices,Dill,Eneldo,piece,piece|g,brin
driedDill,Aneth séchée,aneth-sechee_109579_w100h100c1cx1579cy1579cxt0cyt0cxb3158cyb3158.jpg,spices,Dried dill,eneldo seco,piece,piece|g,brin
angelic,Angélique,,spices,Angelic,Angelical,g,g|piece,
angostura,Angostura,,beverages,Angostura,Angostura,ml,ml|l|cl|piece,
angosturaBitters,Angostura bitters,,beverages,Angostura bitters,Amargo de Angostura,ml,ml|l|cl|piece,
eel,Anguille,anguille_69215_w100h100c1cxt0cyt0cxb700cyb700.jpg,fish,Eel,Anguila,g,g|kg|piece,
anise,Anis,anis_67406_w100h100c1cx1402cy918.jpg,spices,Anise,Anís,g,g|piece,
powderedAnise,Anis en poudre,anis-en-poudre_146767_w100h100c1cxt0cyt0cxb700cyb700.jpg,spices,Powdered anise,Anís en polvo,g,g|piece,
starAnise,Anis étoilé,anis-etoile_68953_w100h100c1cxt0cyt0cxb700cyb700.jpg,spices,Star anise,Anís estrellado,g,g|piece,
anisette,Anisette,,spices,Anisette,Anisete,ml,ml|l|cl|piece,
antiPectin,Anti-pectine,,preparation,Anti-pectin,Antipectina,g,g|ml|piece,
espelettePepperPdo,AOP Piment d'Espelette,aop-piment-d-espelette_151759_w100h100c1cxt0cyt0cxb700cyb700.jpg,spices,Espelette Pepper PDO,Pimiento de Espelette DOP,g,g|piece,
apRicube,Apéricube®,,dairy,Apéricube®,Apéricube®,g,g|kg|piece,
apRifruit,Apérifruit,,dairy,Apérifruit,Apérifruit,g,g|kg|piece,
aperol,Aperol,,beverages,Aperol,Aperol,ml,ml|l|cl|piece,
appenzeller,Appenzeller,appenzeller_75700_w100h100c1cx318cy173cxt0cyt0cxb637cyb346.png,dairy,Appenzeller,Appenzeller,g,g|kg|piece,
apremont,Apremont,,beverages,Apremont,Apremont,ml,ml|l|cl|piece,
aquafaba,Aquafaba,,beverages,Aquafaba,Aquafaba,ml,ml|l|cl|piece,
peanut,Arachide,arachide_69218_w100h100c1cxt0cyt0cxb700cyb700.jpg,snacks,Peanut,Maní,g,g|piece,
seaSpider,Araignée de mer,araignee-de-mer_75702_w100h100c1cx3000cy2000cxt0cyt0cxb6000cyb4000.jpg,seafood,Sea spider,araña de mar,g,g|kg|piece,
pigSpider,Araignée de porc,araignee-de-porc_162640_w100h100c1cxt0cyt0cxb500cyb500.png,meat,Pig spider,Araña cerdo,g,g|kg|piece,
strawberryTree,Arbouse,arbouse_75703_w100h100c1cx2952cy2010cxt0cyt0cxb5904cyb4020.jpg,fruits,Strawberry tree,Árbol de fresa,piece,piece|g|kg,
seaBreamBones,Arêtes de daurade,,fish,sea ​​bream bones,espinas de dorada,g,g|kg|piece,
armagnac,Armagnac,armagnac_67614_w100h100c1cx350cy350.jpg,beverages,Armagnac,Armagnac,ml,ml|l|cl|piece,
mugwort,Armoise,,spices,Mugwort,Artemisa,g,g|piece,
aromatic,Aromate,,preparation,Aromatic,Aromático,g,g|ml|piece,
aroma,Arôme,arome_118156_w100h100c1cx150cy150cxt0cyt0cxb300cyb300.jpg,preparation,Aroma,Aroma,g,g|ml|piece,
bitterAlmondFlavor,Arôme amande amère,arome-amande-amere_68948_w100h100c1cxt0cyt0cxb700cyb700.jpg,preparation,Bitter almond flavor,Sabor a almendra amarga,g,g|ml|piece,
caramelFlavor,Arôme caramel,arome-caramel_111663_w100h100c1cx1590cy2386cxt0cyt0cxb3181cyb4772.jpg,preparation,Caramel flavor,Sabor a caramelo,g,g|ml|piece,
cherryFlavor,Arôme cerise,arome-cerise_118150_w100h100c1cx150cy150cxt0cyt0cxb300cyb300.jpg,preparation,Cherry flavor,Sabor a cereza,g,g|ml|piece,
lemonFlavor,Arôme citron,arome-citron_118149_w100h100c1cx150cy150cxt0cyt0cxb300cyb300.jpg,preparation,Lemon flavor,Sabor a limón,g,g|ml|piece,
coconutFlavor,Arôme coco,arome-coco_118151_w100h100c1cx150cy150cxt0cyt0cxb300cyb300.jpg,preparation,Coconut flavor,Sabor a coco,g,g|ml|piece,
coffeeAroma,Arôme de café,arome-de-cafe_111662_w100h100c1cx1590cy2386cxt0cyt0cxb3181cyb4772.jpg,preparation,Coffee aroma,Aroma de café,g,g|ml|piece,
strawberryFlavor,Arôme de fraise,arome-de-fraise_111661_w100h100c1cx1590cy2386cxt0cyt0cxb3181cyb4772.jpg,preparation,Strawberry flavor,Sabor a fresa,g,g|ml|piece,
vegetableFlavor,Arôme de légumes,arome-de-legumes_111667_w100h100c1cx1590cy2386cxt0cyt0cxb3181cyb4772.jpg,preparation,Vegetable flavor,Sabor a vegetales,g,g|ml|piece,
hazelnutAroma,Arôme de noisettes,arome-de-noisettes_111670_w100h100c1cx1590cy2386cxt0cyt0cxb3181cyb4772.jpg,preparation,Hazelnut aroma,Aroma a avellana,g,g|ml|piece,
pistachioFlavor,Arôme de pistache,arome-de-pistache_111668_w100h100c1cx1590cy2386cxt0cyt0cxb3181cyb4772.jpg,preparation,Pistachio flavor,Sabor a pistacho,g,g|ml|piece,
rumFlavorAlcoholFree,Arôme de rhum (sans alcool),arome-de-rhum-sans-alcool_118152_w100h100c1cx150cy150cxt0cyt0cxb300cyb300.jpg,preparation,Rum flavor (alcohol-free),Sabor a ron (sin alcohol),ml,ml|l|cl|piece,
orangeBlossomFlavor,Arôme fleur d'oranger,arome-fleur-d-oranger_69079_w100h100c1cxt0cyt0cxb700cyb700.jpg,preparation,Orange blossom flavor,Sabor a flor de naranjo,g,g|ml|piece,
naturalOrangeFlavor,Arôme naturel d'orange,arome-naturel-d-orange_118153_w100h100c1cx150cy150cxt0cyt0cxb300cyb300.jpg,preparation,Natural orange flavor,Sabor natural a naranja,g,g|ml|piece,
naturalLemonFlavor,Arôme naturel de citron,arome-naturel-de-citron_118154_w100h100c1cx150cy150cxt0cyt0cxb300cyb300.jpg,preparation,Natural lemon flavor,Sabor natural a limón,g,g|ml|piece,
vanillaFlavor,Arôme vanille,arome-vanille_68937_w100h100c1cxt0cyt0cxb700cyb700.jpg,preparation,Vanilla flavor,Sabor a vainilla,g,g|ml|piece,
violetAroma,Arôme violette,arome-violette_111681_w100h100c1cx1590cy2386cxt0cyt0cxb3181cyb4772.jpg,preparation,Violet aroma,Aroma de violeta,g,g|ml|piece,
arquebus,Arquebuse,,beverages,Arquebus,Arcabuz,ml,ml|l|cl|piece,
arrowroot,Arrow root,,preparation,Arrowroot,Arrurruz,g,g|ml|piece,
artichoke,Artichaut,artichaut_67701_w100h100c1cx350cy350.jpg,vegetables,Artichoke,Alcachofa,piece,piece|g|kg,
purpleArtichoke,Artichaut violet,artichaut-violet_68956_w100h100c1cxt0cyt0cxb700cyb700.jpg,vegetables,Purple artichoke,alcachofa morada,piece,piece|g|kg,
sallowArtichokes,Artichauts camus,,vegetables,Sallow artichokes,Alcachofas pálidas,piece,piece|g|kg,
asafoetida,Asafoetida,,spices,Asafoetida,Asa fétida,g,g|piece,
ashwagandha,Ashwagandha,,spices,Ashwagandha,Ashwagandha,g,g|piece,
aspartame,Aspartame,,condiments,Aspartame,aspartamo,g,g|kg|ml|l|piece,
asparagus,Asperge,asperge_67425_w100h100c1cx350cy350.jpg,vegetables,Asparagus,Espárragos,piece,piece|g|kg,
whiteAsparagus,Asperge blanche,asperge-blanche_109501_w100h100c1cx2487cy1959cxt0cyt0cxb4975cyb3918.jpg,vegetables,White asparagus,espárragos blancos,piece,piece|g|kg,
greenAsparagus,Asperge verte,asperge-verte_78285_w100h100c1cx2500cy2500cxt0cyt0cxb5000cyb5000.jpg,vegetables,Green asparagus,espárragos verdes,piece,piece|g|kg,
woodruff,Aspérule,asperule_117445_w100h100c1cx866cy866cxt0cyt0cxb1732cyb1732.jpg,spices,Woodruff,Woodruff,g,g|piece,
sushiSeasoning,Assaisonnement pour sushi,assaisonnement-pour-sushi_151727_w100h100c1cxt0cyt0cxb500cyb334.jpg,spices,Sushi seasoning,Condimento para sushi,g,g|piece,
astiSpumante,Asti spumante,,beverages,Asti spumante,Asti espumoso,ml,ml|l|cl|piece,
atriau,Atriau,,meat,Atriau,Atriau,g,g|kg|piece,
attiK,Attiéké,,grains,Attiéké,Attiéké,g,g|kg|piece,
eggplant,Aubergine,aubergine_67479_w100h100c1cx350cy350.jpg,vegetables,Eggplant,Berenjena,piece,piece|g|kg,
others,Autres,,other,Others,Otros,piece,piece|g|ml,
ostrich,Autruche,autruche_84346_w100h100c1cx250cy250cxt0cyt0cxb500cyb500.jpg,meat,Ostrich,Avestruz,g,g|kg|piece,
avocado,Avocat,avocat_67382_w100h100c1cx350cy350.jpg,fruits,Avocado,Abogado,piece,piece|g|kg,
oats,Avoine,avoine_67361_w100h100c1cx350cy350.jpg,grains,Oats,Avena,g,g|kg|piece,
baba,Baba,,snacks,Baba,Baba,g,g|piece,
buttermilk,Babeurre,,dairy,Buttermilk,Suero de la leche,g,g|kg|piece,
babybel,Babybel,babybel_81529_w100h100c1cx1347cy1329cxt0cyt0cxb2694cyb2658.jpg,dairy,Babybel,Babybel,g,g|kg|piece,
bacardi,Bacardi,,beverages,Bacardi,Bacardi,ml,ml|l|cl|piece,
bacon,Bacon,bacon_67592_w100h100c1cx350cy350.jpg,meat,Bacon,Tocino,piece,piece|g,tranche
bagel,Bagel,bagel_95907_w100h100c1cx2474cy2460cxt0cyt0cxb4949cyb4920.jpg,grains,Bagel,Rosquilla,piece,piece|g,
baguette,Baguette,baguette_67472_w100h100c1cx350cy350.jpg,grains,Baguette,Junquillo,piece,piece|g,
serviceberry,Baie d'amélanchier,,fruits,Serviceberry,amelanchier,piece,piece|g|kg,
rosehipBerry,Baie d'églantier,baie-d-eglantier_117595_w100h100c1cxt0cyt0cxb591cyb591.jpg,fruits,Rosehip berry,baya de rosa mosqueta,piece,piece|g|kg,
cardamomBerry,Baie de cardamome,,spices,Cardamom berry,Baya de cardamomo,g,g|piece,
juniperBerry,Baie de genévrier,baie-de-genevrier_69216_w100h100c1cxt0cyt0cxb700cyb700.jpg,spices,Juniper berry,Baya de enebro,g,g|piece,
sichuanBay,Baie de Sichuan,,spices,Sichuan Bay,Bahía de Sichuan,g,g|piece,
elderberry,Baie de sureau,baie-de-sureau_117518_w100h100c1cx295cy295cxt0cyt0cxb591cyb591.jpg,fruits,Elderberry,Saúco,piece,piece|g|kg,
groundBerry,Baie moulu,,fruits,Ground berry,baya de tierra,piece,piece|g|kg,
redBerry,Baie rouge,,fruits,Red Berry,Baya roja,piece,piece|g|kg,
seaBuckthornBerries,Baies d'argousier,baies-d-argousier_117552_w100h100c1cx295cy295cxt0cyt0cxb591cyb591.jpg,fruits,Sea buckthorn berries,bayas de espino amarillo,piece,piece|g|kg,
gojiBerries,Baies de goji,baies-de-goji_81562_w100h100c1cx2500cy1666cxt0cyt0cxb5000cyb3333.jpg,fruits,Goji berries,bayas de goji,piece,piece|g|kg,
myrtleBerries,Baies de myrte,,fruits,Myrtle berries,Bayas de mirto,piece,piece|g|kg,
greenPeppercorns,Baies de poivre vert,,spices,Green peppercorns,granos de pimienta verde,g,g|piece,
pinkPeppercorns,Baies roses,baies-rose_68959_w100h100c1cxt0cyt0cxb700cyb700.jpg,spices,Pink peppercorns,granos de pimienta rosa,g,g|piece,
baileyS,Bailey's,bailey-s_118630_w100h100c1cx617cy617cxt0cyt0cxb1234cyb1234.png,beverages,Bailey's,Bailey's,ml,ml|l|cl|piece,
bakingPowder,Baking powder,,preparation,Baking powder,Levadura en polvo,g,g|ml|piece,
bamboo,Bambou,bambou_67740_w100h100c1cx350cy350.jpg,vegetables,Bamboo,Bambú,piece,piece|g|kg,
banana,Banane,banane_67637_w100h100c1cx350cy350.jpg,fruits,Banana,Banana,piece,piece|g|kg,
plantainBanana,Banane plantain,banane-plantain_68961_w100h100c1cxt0cyt0cxb700cyb700.jpg,fruits,Plantain banana,Plátano,piece,piece|g|kg,
banania,Banania,,beverages,Banania,Plátano,ml,ml|l|cl|piece,
banon,Banon,banon_69221_w100h100c1cxt0cyt0cxb700cyb700.jpg,dairy,Banon,Banón,g,g|kg|piece,
banyuls,Banyuls,,beverages,Banyuls,Banyuls,ml,ml|l|cl|piece,
bar,Bar,bar_161008_w100h100c1cxt0cyt0cxb500cyb500.png,fish,Bar,Bar,g,g|kg|piece,
starAnise2,étoile de badiane,badiane_67561_w100h100c1cx350cy350.jpg,spices,star anise,anís estrellado,g,g|piece,
cottonCandy,Barbe-à-papa,,snacks,Cotton candy,Algodón de azúcar,g,g|piece,
barbel,Barbeau,,fish,Barbel,Barbo,g,g|kg|piece,
brill,Barbue,,fish,Brill,Rodaballo,g,g|kg|piece,
baconBarding,Barde de lard,,meat,Bacon barding,Barda de tocino,g,g|kg|piece,
bardiRe,Bardière,,meat,Bardière,Bardière,g,g|kg|piece,
marbledBretonBar,Barre bretonne marbrée,,snacks,marbled Breton bar,barra bretona jaspeada,g,g|piece,
chocolateBar,Barre chocolatée,barre-chocolatee_69204_w100h100c1cxt0cyt0cxb700cyb700.jpg,snacks,Chocolate bar,Barra de chocolate,g,g|piece,
kinderChocolateBar,Barre chocolatée kinder,,snacks,Kinder chocolate bar,barra de chocolate Kinder,g,g|piece,
basil,Basilic,basilic_67553_w100h100c1cx350cy350.jpg,spices,Basil,Albahaca,piece,piece|g,feuille
lemonBasil,Basilic citron,basilic-citron_68939_w100h100c1cxt0cyt0cxb700cyb700.jpg,spices,Lemon Basil,Albahaca de limón,piece,piece|g,feuille
freshBasil,Basilic frais,basilic-frais_68938_w100h100c1cxt0cyt0cxb700cyb700.jpg,spices,Fresh basil,Albahaca fresca,piece,piece|g,feuille
lowerCoast,Basse-côte,,meat,Lower Coast,Costa Baja,g,g|kg|piece,
bastogne,Bastogne,,snacks,Bastogne,Bastogne,g,g|piece,
batavia,Batavia,batavia_68945_w100h100c1cxt0cyt0cxb700cyb700.jpg,vegetables,Batavia,Batavia,piece,piece|g|kg,
whiteChocolateSticks,Bâtonnets au chocolat blanc,,snacks,White chocolate sticks,palitos de chocolate blanco,g,g|piece,
anglerfish,Baudroie,baudroie_75708_w100h100c1cx2959cy1972cxt0cyt0cxb5919cyb3945.jpg,meat,Anglerfish,Pez rape,g,g|kg|piece,
bib,Bavette,bavette_139346_w100h100c1cx411cy411cxt0cyt0cxb822cyb822.png,meat,Bib,Babero,g,g|kg|piece,
beaufort,Beaufort,beaufort_161475_w100h100c1cxt0cyt0cxb1024cyb1024.png,dairy,Beaufort,Beaufort,g,g|kg|piece,
beaujolais,Beaujolais,beaujolais_76273_w100h100c1cx2083cy2083cxt0cyt0cxb4167cyb4167.jpg,beverages,Beaujolais,Beaujolais,ml,ml|l|cl|piece,
beaumesDeVenise,Beaumes de Venise,,beverages,Beaumes de Venise,Beaumes de Venise,ml,ml|l|cl|piece,
woodcock,Bécasse,,meat,Woodcock,Woodcock,g,g|kg|piece,
bechamel,Béchamel,bechamel_77537_w100h100c1cx1850cy1850cxt0cyt0cxb3700cyb3700.jpg,condiments,Bechamel,Besamel,g,g|kg|ml|l|piece,
beefSteak,Beef steak,beef-steak_69171_w100h100c1cxt0cyt0cxb700cyb700.jpg,meat,Beef steak,Filete de res,g,g|kg|piece,
frozenCalamariFritter,Beignet de calamar surgelé,beignet-de-calamar-surgele_152238_w100h100c1cxt0cyt0cxb700cyb700.png,frozen,Frozen calamari fritter,buñuelos de calamar congelados,g,g|kg|piece,
bLanger,Bélangère,,vegetables,Bélanger,Bélanger,piece,piece|g|kg,
benedictine,Bénédictine,,beverages,Benedictine,benedictino,ml,ml|l|cl|piece,
beniShGaPickledGinger,Beni Shôga (gingembre mariné),,spices,Beni Shôga (pickled ginger),Beni Shôga (jengibre encurtido),g,g|piece,
bergamot,Bergamote,bergamote_69224_w100h100c1cxt0cyt0cxb700cyb700.jpg,fruits,Bergamot,Bergamota,piece,piece|g|kg,
bergerac,Bergerac,,beverages,Bergerac,Bergerac,ml,ml|l|cl|piece,
berkoukes,Berkoukes,,grains,Berkoukes,Berkoukes,g,g|kg|piece,
bernique,Bernique,bernique_117087_w100h100c1cx1475cy1200cxt0cyt0cxb2950cyb2400.jpg,seafood,Bernique,Bernique,g,g|kg|piece,
bTcheye,Bètcheye,,spices,Bètcheye,Bètcheye,g,g|piece,
swissChard,Bette à carde,bettes-a-cardes_69223_w100h100c1cxt0cyt0cxb700cyb700.jpg,vegetables,Swiss chard,acelga,piece,piece|g|kg,
beet,Betterave,betterave_67490_w100h100c1cx350cy350.jpg,vegetables,Beet,Remolacha,piece,piece|g|kg,
cookedYellowBeetroot,Betterave jaune cuite,,vegetables,cooked yellow beetroot,remolacha amarilla cocida,piece,piece|g|kg,
mediumSizedRedBeet,Betterave rouge de taille moyenne,,vegetables,Medium-sized red beet,Remolacha roja de tamaño mediano,piece,piece|g|kg,
butter,Beurre,beurre_115998_w100h100c1cx912cy821cxt0cyt0cxb1824cyb1643.jpg,dairy,Butter,Manteca,g,g|kg|piece,
reducedFatButter,Beurre allégé,beurre-allege_68917_w100h100c1cxt0cyt0cxb300cyb300.jpg,dairy,Reduced-fat butter,Mantequilla baja en grasa,g,g|kg|piece,
whiteButter,Beurre blanc,beurre-blanc_111699_w100h100c1cx332cy262cxt0cyt0cxb665cyb525.jpg,dairy,White butter,Mantequilla blanca,g,g|kg|piece,
almondButter,Beurre d'amande,beurre-d-amande_111388_w100h100c1cx150cy150cxt0cyt0cxb300cyb300.jpg,dairy,Almond butter,mantequilla de almendras,g,g|kg|piece,
peanutButter,Beurre d'arachide,beurre-d-arachide_68921_w100h100c1cxt0cyt0cxb700cyb700.jpg,dairy,Peanut butter,Manteca de cacahuete,g,g|kg|piece,
snailButter,Beurre d'escargot,beurre-d-escargot_81518_w100h100c1cx1900cy1900cxt0cyt0cxb3800cyb3800.jpg,dairy,Snail butter,Mantequilla de caracol,g,g|kg|piece,
peanutButter2,Beurre de cacahuètes,beurre-de-cacahuetes_68922_w100h100c1cxt0cyt0cxb700cyb700.jpg,dairy,Peanut butter,Manteca de cacahuete,g,g|kg|piece,
cocoaButter,Beurre de cacao,beurre-de-cacao_111703_w100h100c1cx376cy232cxt0cyt0cxb752cyb465.jpg,dairy,Cocoa butter,manteca de cacao,g,g|kg|piece,
semiSaltedButter,Beurre demi-sel,beurre-demi-sel_115999_w100h100c1cx912cy821cxt0cyt0cxb1824cyb1643.jpg,dairy,Semi-salted butter,mantequilla semisalada,g,g|kg|piece,
sweetButter,Beurre doux,beurre-doux_116000_w100h100c1cx912cy821cxt0cyt0cxb1824cyb1643.jpg,dairy,Sweet butter,mantequilla dulce,g,g|kg|piece,
saltedButter,Beurre salé,beurre-sale_116001_w100h100c1cx912cy821cxt0cyt0cxb1824cyb1643.jpg,dairy,Salted butter,mantequilla salada,g,g|kg|piece,
softButter,Beurre tendre,beurre-tendre_68920_w100h100c1cxt0cyt0cxb300cyb300.jpg,dairy,Soft butter,mantequilla blanda,g,g|kg|piece,
bicarbonate,Bicarbonate,bicarbonate_67615_w100h100c1cx350cy350.jpg,preparation,Bicarbonate,Bicarbonato,g,g|ml|piece,
doe,Biche,,meat,Doe,Gama,g,g|kg|piece,
beer,Bière,biere_67698_w100h100c1cx350cy350.jpg,beverages,Beer,Cerveza,ml,ml|l|cl|piece,
blondeBeer,Bière blonde,biere-blonde_67554_w100h100c1cx350cy350.jpg,beverages,Blonde beer,cerveza rubia,ml,ml|l|cl|piece,
brownBeer,Bière brune,biere-brune_67552_w100h100c1cx350cy350.jpg,beverages,Brown beer,cerveza marrón,ml,ml|l|cl|piece,
groundBeef,Bifteck haché,bifteck-hache_117453_w100h100c1cx866cy866cxt0cyt0cxb1732cyb1732.jpg,meat,Ground beef,Carne molida,g,g|kg|piece,
bitterOrange,Bigarade,,fruits,bitter orange,naranja agria,piece,piece|g|kg,
periwinkle,Bigorneau,bigorneau_118441_w100h100c1cx318cy315cxt0cyt0cxb636cyb630.png,seafood,Periwinkle,Bígaro,g,g|kg|piece,
sweetDecorationBall,Bille de décoration sucré,,condiments,Sweet decoration ball,Bola de decoración dulce,g,g|kg|ml|l|piece,
chocolateBalls,Billes de chocolat,billes-de-chocolat_85404_w100h100c1cx1797cy1553cxt0cyt0cxb3594cyb3106.jpg,snacks,Chocolate balls,bolas de chocolate,g,g|piece,
mozzarellaBalls,Billes de mozzarella,,dairy,Mozzarella balls,bolas de mozzarella,g,g|kg|piece,
multicoloredMarbles,Billes multicolores,,snacks,Multicolored marbles,Canicas multicolores,g,g|piece,
bimiOrBroccolini,Bimi (ou broccolini),bimi-ou-broccolini_81856_w100h100c1cx2200cy2200cxt0cyt0cxb4400cyb4400.jpg,meat,Bimi (or broccolini),Bimi (o brócoli),g,g|kg|piece,
biscotte,Biscotte,biscotte_67512_w100h100c1cx350cy350.jpg,grains,Biscotte,Biscotte,piece,piece|g,
biscuit,Biscuit,biscuit_67750_w100h100c1cx350cy350.jpg,snacks,Biscuit,Galleta,g,g|piece,
amarettiBiscuit,Biscuit amaretti,biscuit-amaretti_118157_w100h100c1cx351cy449cxt0cyt0cxb702cyb898.png,snacks,Amaretti biscuit,Galleta Amaretti,g,g|piece,
englishBiscuit,Biscuit anglais,biscuit-anglais_81478_w100h100c1cx2500cy2500cxt0cyt0cxb5000cyb5000.png,snacks,English biscuit,galleta inglesa,g,g|piece,
bretonBiscuit,Biscuit breton,biscuit-breton_81457_w100h100c1cx2592cy1728cxt0cyt0cxb5184cyb3456.jpg,snacks,Breton biscuit,galleta bretona,g,g|piece,
briocheBiscuit,Biscuit brioché,,snacks,Brioche biscuit,Galleta brioche,g,g|piece,
ladyfingerBiscuit,Biscuit cuiller,biscuit-cuiller_81459_w100h100c1cx2150cy2150cxt0cyt0cxb4300cyb4300.png,snacks,Ladyfinger biscuit,Bizcocho de soletilla,g,g|piece,
petitBrunBiscuit,Biscuit Petit Brun,,snacks,Petit Brun Biscuit,Galleta Petit Brun,g,g|piece,
pinkBiscuitFromReims,Biscuit rose de Reims,biscuit-rose-de-reims_118159_w100h100c1cx344cy344cxt0cyt0cxb689cyb689.jpeg,snacks,Pink biscuit from Reims,Galleta rosa de Reims,g,g|piece,
shortbreadBiscuit,Biscuit sablé,biscuit-sable_75636_w100h100c1cx2592cy1728cxt0cyt0cxb5184cyb3456.jpg,snacks,Shortbread biscuit,Galleta de mantequilla,g,g|piece,
cracker,Biscuit salé,biscuit-sale_117423_w100h100c1cx866cy866cxt0cyt0cxb1732cyb1732.jpg,snacks,Cracker,Galleta,g,g|piece,
luTeaBiscuit,Biscuit thé de lu,,snacks,Lu tea biscuit,Galleta de té Lu,g,g|piece,
ladyfingers,Biscuits à la cuillère,biscuits-a-la-cuillere_68934_w100h100c1cxt0cyt0cxb700cyb700.jpg,snacks,Ladyfingers,Lengua de gato,g,g|piece,
savoryBiscuits,Biscuits apéritifs,biscuits-aperitifs_118161_w100h100c1cx241cy241cxt0cyt0cxb483cyb483.jpeg,snacks,Savory biscuits,galletas saladas,g,g|piece,
dryBiscuits,Biscuits secs,biscuits-secs_68963_w100h100c1cxt0cyt0cxb700cyb700.jpg,snacks,Dry biscuits,galletas secas,g,g|piece,
bison,Bison,bison_84348_w100h100c1cx250cy250cxt0cyt0cxb500cyb500.jpg,meat,Bison,Bisonte,g,g|kg|piece,
lobsterBisque,Bisque de homard,,seafood,Lobster bisque,sopa de langosta,g,g|kg|piece,
italianBitters,Bitter italien,,beverages,Italian bitters,amargos italianos,ml,ml|l|cl|piece,
eggWhite,Blanc d'oeuf,blanc-d-oeuf_75633_w100h100c1cx1744cy1466cxt0cyt0cxb3488cyb2932.jpg,dairy,Egg white,clara de huevo,piece,piece|g,
turkeyBreast,Blanc de dinde,blanc-de-dinde_68965_w100h100c1cxt0cyt0cxb700cyb700.jpg,meat,Turkey breast,Pechuga de pavo,g,g|kg|piece,
pheasantBreast,Blanc de faisan,,meat,Pheasant breast,pechuga de faisán,g,g|kg|piece,
leekWhite,Blanc de poireau,blanc-de-poireau_74693_w100h100c1cx1965cy1460cxt0cyt0cxb3930cyb2921.jpg,vegetables,Leek white,Puerro blanco,piece,piece|g|kg,
chickenBreast,Blanc de poulet,blanc-de-poulet_77988_w100h100c1cx2550cy2550cxt0cyt0cxb5100cyb5100.jpg,meat,Chicken breast,Pechuga de pollo,g,g|kg|piece,
turkeyStew,Blanquette de dinde,,meal,Turkey stew,Estofado de pavo,piece,piece|g,
vealStew,Blanquette de veau,blanquette-de-veau_75710_w100h100c1cx2500cy1572cxt0cyt0cxb5000cyb3144.jpg,meal,Veal stew,Estofado de ternera,piece,piece|g,
wheat,Blé,ble_67471_w100h100c1cx350cy350.jpg,grains,Wheat,Trigo,g,g|kg|piece,
chard,Blette,blette_67534_w100h100c1cx350cy350.jpg,vegetables,Chard,Acelga,piece,piece|g,
blue,Bleu,bleu_67448_w100h100c1cx350cy350.jpg,dairy,Blue,Azul,g,g|kg|piece,
bleuDAuvergne,Bleu d'Auvergne,bleu-d-auvergne_68968_w100h100c1cxt0cyt0cxb700cyb700.jpg,dairy,Bleu d'Auvergne,Azul de Auvernia,g,g|kg|piece,
bleuDeBresse,Bleu de Bresse,bleu-de-bresse_117089_w100h100c1cx1060cy707cxt594cyt355cxb1498cyb1238.jpg,dairy,Bleu de Bresse,Azul de Bresse,g,g|kg|piece,
bleuDeGex,Bleu de gex,,dairy,Bleu de Gex,Azul de Gex,g,g|kg|piece,
blueOfTheCausses,Bleu des causses,,dairy,Blue of the Causses,Azul de las causas,g,g|kg|piece,
blini,Blini,,meal,Blini,Blini,piece,piece|g,
bocconcini,Bocconcini,bocconcini_75711_w100h100c1cx2100cy1402cxt0cyt0cxb4200cyb2804.jpg,dairy,Bocconcini,Bocconcini,g,g|kg|piece,
beef,Boeuf,boeuf_67515_w100h100c1cx350cy350.jpg,meat,Beef,Carne de res,g,g|kg|piece,
groundBeef2,Boeuf haché,boeuf-hache_67692_w100h100c1cx350cy350.jpg,meat,Ground beef,Carne molida,g,g|kg|piece,
westIndianWood,Bois d'Inde,,spices,West Indian wood,madera de las Indias Occidentales,g,g|piece,
boisBand,Bois-bandé,,spices,Bois-bandé,Bois-bandé,g,g|piece,
almondDrink,Boisson aux amandes,boisson-aux-amandes_83295_w100h100c1cx2522cy2522cxt0cyt0cxb5045cyb5045.jpg,beverages,Almond drink,bebida de almendras,ml,ml|l|cl|piece,
sparklingColaDrink,Boisson pétillante au cola,,beverages,Sparkling cola drink,Bebida de cola con gas,ml,ml|l|cl|piece,
plantBasedDrink,Boisson végétale,,beverages,Plant-based drink,bebida a base de plantas,ml,ml|l|cl|piece,
canOfTunaInOil,Boîte de thon à l'huile,boite-de-thon-a-l-huile_161740_w100h100c1cxt0cyt0cxb500cyb500.png,fish,Can of tuna in oil,Lata de atún en aceite,g,g|kg|piece,
bokChoy,Bok choy,bok-choy_76274_w100h100c1cx1979cy1776cxt0cyt0cxb3958cyb3552.jpg,vegetables,Bok choy,Bok choy,piece,piece|g|kg,
boletus,Bolet,bolet_117329_w100h100c1cx1050cy1050cxt0cyt0cxb2100cyb2100.jpg,vegetables,Boletus,Boleto,piece,piece|g|kg,
candy,Bonbon,bonbon_67624_w100h100c1cx350cy350.jpg,snacks,Candy,Dulce,g,g|piece,
harlequinCandy,Bonbon arlequin,,snacks,Harlequin candy,Caramelos de arlequín,g,g|piece,
chocolateCandy,Bonbon au chocolat,bonbon-au-chocolat_81883_w100h100c1cx1750cy1750cxt0cyt0cxb3500cyb3500.png,snacks,Chocolate candy,Caramelos de chocolate,g,g|piece,
caramelCandy,Bonbon caramel,bonbon-caramel_118162_w100h100c1cx381cy229cxt0cyt0cxb763cyb458.jpg,snacks,Caramel candy,Caramelo,g,g|piece,
redThreadCandy,Bonbon fil rouge,,snacks,Red thread candy,Caramelo de hilo rojo,g,g|piece,
violetCandies,Bonbons à la violette,bonbons-a-la-violette_81505_w100h100c1cx2600cy2600cxt0cyt0cxb5200cyb5200.png,snacks,Violet candies,caramelos violetas,g,g|piece,
bonito,Bonite,,fish,Bonito,Bonito,g,g|kg|piece,
driedBonito,Bonite séchée,,fish,Dried bonito,bonito seco,g,g|kg|piece,
cap,Bonnet,,vegetables,Cap,Tapa,piece,piece|g|kg,
bordeaux,Bordeaux,bordeaux_76283_w100h100c1cx2083cy2083cxt0cyt0cxb4167cyb4167.jpg,beverages,Bordeaux,Burdeos,ml,ml|l|cl|piece,
queenSBouchE,Bouchée à la reine,bouchee-a-la-reine_84340_w100h100c1cx1500cy1500cxt0cyt0cxb3000cyb3000.jpg,meal,Queen's Bouchée,Bouchée de la reina,piece,piece|g,
puffPastryBite,Bouchée feuilletée,bouchee-feuilletee_84341_w100h100c1cx250cy250cxt0cyt0cxb500cyb500.jpg,meal,Puff pastry bite,Bocado de hojaldre,piece,piece|g,
blackPudding,Boudin,boudin_117454_w100h100c1cxt0cyt0cxb1732cyb1732.jpg,meat,Black Pudding,Morcilla,piece,piece|g|kg,
caribbeanBloodSausage,Boudin antillais,,meat,Caribbean blood sausage,morcilla caribeña,piece,piece|g|kg,
whitePudding,Boudin blanc,boudin-blanc_67545_w100h100c1cx350cy350.jpg,meat,White pudding,morcilla blanca,piece,piece|g|kg,
blackPudding2,Boudin noir,boudin-noir_67591_w100h100c1cx350cy350.jpg,meat,Black pudding,Morcilla,piece,piece|g|kg,
boudoir,Boudoir,boudoir_67509_w100h100c1cx350cy350.jpg,grains,Boudoir,Tocador,g,g|kg|piece,
broth,Bouillon,bouillon_67659_w100h100c1cx350cy350.jpg,spices,Broth,Caldo,ml,ml|l|piece,
beefBroth,Bouillon de boeuf,bouillon-de-boeuf_68971_w100h100c1cxt0cyt0cxb700cyb700.jpg,meat,Beef broth,Caldo de res,ml,ml|l|piece,
vegetableBroth,Bouillon de légumes,bouillon-de-legumes_68970_w100h100c1cxt0cyt0cxb700cyb700.jpg,vegetables,Vegetable broth,caldo de verduras,ml,ml|l|piece,
chickenBroth,Bouillon de poule,bouillon-de-poule_68969_w100h100c1cxt0cyt0cxb700cyb700.jpg,meat,Chicken broth,Caldo de pollo,ml,ml|l|piece,
vealBroth,Bouillon de veau,bouillon-de-veau_118163_w100h100c1cx101cy96cxt0cyt0cxb202cyb192.png,meat,Veal broth,Caldo de ternera,ml,ml|l|piece,
chickenBroth2,Bouillon de volaille,bouillon-de-volaille_67586_w100h100c1cx350cy350.jpg,meat,Chicken broth,Caldo de pollo,ml,ml|l|piece,
whiteBall,Boule blanche,,vegetables,White ball,Bola blanca,piece,piece|g|kg,
beefMeatball,Boulette de boeuf,,meat,Beef meatball,albóndiga de ternera,g,g|kg|piece,
meatballs,Boulettes de viande,boulettes-de-viande_117495_w100h100c1cx295cy295cxt0cyt0cxb591cyb591.jpg,meal,Meatballs,Albóndigas,piece,piece|g,
bulgur,Boulgour,boulgour_67502_w100h100c1cx350cy350.jpg,grains,Bulgur,Bulgur,g,g|kg|piece,
bounty,Bounty,,snacks,Bounty,Generosidad,g,g|piece,
bouquetGarni,Bouquet garni,bouquet-garni_67407_w100h100c1cx350cy350.jpg,spices,Bouquet garni,Ramito de hierbas aromáticas,g,g|piece,
ibex,Bouquetin,,meat,Ibex,Cabra montés,g,g|kg|piece,
bourbon,Bourbon,,beverages,Bourbon,Borbón,ml,ml|l|cl|piece,
bourgeois,Bourgeois,,vegetables,Bourgeois,Burgués,piece,piece|g|kg,
burgundy,Bourgogne,bourgogne_76278_w100h100c1cx2083cy2083cxt0cyt0cxb4167cyb4167.jpg,beverages,Burgundy,borgoña,ml,ml|l|cl|piece,
burgundy2,Bourguignon,bourguignon_76275_w100h100c1cx2736cy1824cxt0cyt0cxb5472cyb3648.jpg,meal,Burgundy,borgoña,piece,piece|g,
borage,Bourrache,bourrache_75712_w100h100c1cx1873cy1426cxt0cyt0cxb3746cyb2852.jpg,vegetables,Borage,Borraja,piece,piece|g|kg,
boursault,Boursault,,dairy,Boursault,Boursault,g,g|kg|piece,
boursin,Boursin,boursin_67430_w100h100c1cx350cy350.jpg,dairy,Boursin,Boursin,g,g|kg|piece,
goatButton,Bouton de chèvre,bouton-de-chevre_76284_w100h100c1cx2736cy1824cxt0cyt0cxb5472cyb3648.jpg,dairy,Goat button,Botón de cabra,g,g|kg|piece,
gut,Boyau,,meat,Gut,Intestino,g,g|kg|piece,
sausageCasing,Boyau pour saucisse,,meat,Sausage casing,Tripa de salchicha,g,g|kg|piece,
firBranch,Branche de sapin,branche-de-sapin_103543_w100h100c1cx1041cy1041cxt0cyt0cxb2083cyb2083.png,vegetables,Fir branch,Rama de abeto,piece,piece|g|kg,
brandade,Brandade,,meal,Brandade,Brandade,piece,piece|g,
brandy,Brandy,brandy_117482_w100h100c1cx295cy295cxt0cyt0cxb591cyb591.jpg,beverages,Brandy,brandy,ml,ml|l|cl|piece,
chayoteGreens,Brède chouchou,,vegetables,Chayote greens,Hojas de chayote,piece,piece|g|kg,
mafaneLeaf,Brède Mafane,,vegetables,Mafane Leaf,Hoja de Mafane,piece,piece|g|kg,
bresaola,Bresaola,bresaola_75713_w100h100c1cx3392cy2643cxt0cyt0cxb6785cyb5287.jpg,meat,Bresaola,Bresaola,piece,piece|g,tranche
bresseBleu,Bresse Bleu,,dairy,Bresse Bleu,Bresse Bleu,g,g|kg|piece,
pretzel,Bretzel,,grains,Pretzel,Galleta salada,g,g|kg|piece,
brig,Brick,brick_76280_w100h100c1cx2808cy1872cxt0cyt0cxb5616cyb3744.jpg,grains,Brig,Bergantín,g,g|kg|piece,
brie,Brie,brie_129111_w100h100c1cx362cy241cxt0cyt0cxb724cyb483.jpg,dairy,Brie,queso Brie,g,g|kg|piece,
brieDeCoulommiers,Brie de coulommiers,brie-de-coulommiers_76277_w100h100c1cx1899cy1762cxt0cyt0cxb3799cyb3524.jpg,dairy,Brie de Coulommiers,Brie de Coulommiers,g,g|kg|piece,
brieDeMeaux,Brie de meaux,brie-de-meaux_68973_w100h100c1cxt0cyt0cxb700cyb700.jpg,dairy,Brie de Meaux,Brie de Meaux,g,g|kg|piece,
brillatSavarin,Brillat-savarin,,dairy,Brillat-Savarin,Brillat-Savarin,g,g|kg|piece,
bun,Brioche,brioche_67660_w100h100c1cx350cy350.jpg,grains,Bun,Bollo,piece,piece|g,
brioche,Briochette,,snacks,Brioche,Brioche,g,g|piece,
brick,Brique,,vegetables,Brick,Ladrillo,piece,piece|g|kg,
brokenPiecesOfCandiedChestnuts,Brisures de marrons glacés,,snacks,Broken pieces of candied chestnuts,trozos rotos de castañas confitadas,g,g|piece,
trufflePieces,Brisures de truffe,,vegetables,Truffle pieces,trozos de trufa,piece,piece|g|kg,
brocciu,Brocciu,brocciu_117091_w100h100c1cx1412cy1109cxt0cyt0cxb2825cyb2219.jpg,dairy,Brocciu,Brocciu,g,g|kg|piece,
pike,Brochet,,fish,Pike,Lucio,g,g|kg|piece,
broccoli,Brocoli,brocoli_67718_w100h100c1cx1250cy1250.jpg,vegetables,Broccoli,Brócoli,piece,piece|g,
bush,Brousse,brousse_117092_w100h100c1cx985cy760cxt0cyt0cxb1970cyb1521.jpg,dairy,Bush,Arbusto,g,g|kg|piece,
graze,Broute,,vegetables,Graze,Pacer,piece,piece|g|kg,
brownie,Brownie,brownie_81461_w100h100c1cx3000cy2000cxt0cyt0cxb6000cyb4000.jpg,snacks,Brownie,Duende,g,g|piece,
nectarine,Brugnon,brugnon_69225_w100h100c1cxt0cyt0cxb6000cyb5200.jpg,fruits,Nectarine,Nectarina,piece,piece|g|kg,
brunost,Brunost,brunost_117559_w100h100c1cx295cy295cxt0cyt0cxb591cyb591.jpg,dairy,Brunost,Brunost,g,g|kg|piece,
bucatini,Bucatini,bucatini_118632_w100h100c1cx433cy434cxt0cyt0cxb866cyb868.png,grains,Bucatini,Bucatini,g,g|kg|piece,
log,Bûche,buche_75862_w100h100c1cx2728cy1816cxt0cyt0cxb5456cyb3632.jpg,snacks,Log,Registro,g,g|piece,
chavrouxLog,Bûche chavroux,,dairy,Chavroux log,Registro de Chavroux,g,g|kg|piece,
goatSLog,Bûche de chèvre,buche-de-chevre_67352_w100h100c1cx350cy350.jpg,dairy,Goat's log,Diario de cabra,g,g|kg|piece,
ashCoatedGoatSMilkLog,Bûche de chèvre cendrée,buche-de-chevre-cendree_128413_w100h100c1cx411cy411cxt0cyt0cxb822cyb822.png,dairy,Ash-coated goat's milk log,Tronco de leche de cabra recubierto de ceniza,g,g|kg|piece,
whelk,Bulot,bulot_76294_w100h100c1cx2265cy1728cxt0cyt0cxb4530cyb3456.jpg,seafood,Whelk,Buccino,g,g|kg|piece,
burrata,Burrata,burrata_159693_w100h100c1cx2859cy2849cxt0cyt0cxb5718cyb5699.jpg,dairy,Burrata,Burrata,g,g|kg|piece,
butternut,Butternut,butternut_68974_w100h100c1cxt0cyt0cxb700cyb700.jpg,vegetables,Butternut,Calabaza,piece,piece|g|kg,
cabCou,Cabécou,,dairy,Cabécou,Cabécou,g,g|kg|piece,
cod,Cabillaud,cabillaud_67384_w100h100c1cx350cy350.jpg,fish,Cod,Bacalao,g,g|kg|piece,
roastedPeanut,Cacahuète grillée,cacahuete-grillee_69219_w100h100c1cxt0cyt0cxb700cyb700.jpg,snacks,Roasted peanut,cacahuete tostado,g,g|piece,
peanuts,Cacahuètes,cacahuetes_81893_w100h100c1cx2100cy2100cxt0cyt0cxb4200cyb4200.jpg,snacks,Peanuts,Miseria,g,g|piece,
cocoa,Cacao,cacao_67369_w100h100c1cx350cy350.jpg,preparation,Cocoa,Cacao,g,g|ml|piece,
bitterCocoa,Cacao amer,cacao-amer_67774_w100h100c1cx350cy350.jpg,preparation,Bitter cocoa,cacao amargo,g,g|ml|piece,
cocoaPowder,Cacao en poudre,cacao-en-poudre_115256_w100h100c1cx663cy646cxt0cyt0cxb1326cyb1292.png,preparation,Cocoa powder,cacao en polvo,g,g|ml|piece,
cachaA,Cachaça,,beverages,Cachaça,Cachaça,ml,ml|l|cl|piece,
cachou,Cachou,,snacks,Cachou,Caramelo perfumado,g,g|piece,
caciocavallo,Caciocavallo,caciocavallo_112355_w100h100c1cx411cy411cxt0cyt0cxb822cyb822.png,dairy,Caciocavallo,Caciocavallo,g,g|kg|piece,
cactus,Cactus,,vegetables,Cactus,Cactus,piece,piece|g|kg,
coffee,Café,cafe_67609_w100h100c1cx350cy350.jpg,beverages,Coffee,Café,ml,ml|l|piece,
groundCoffee,Café en poudre,cafe-en-poudre_117424_w100h100c1cx866cy866cxt0cyt0cxb1732cyb1732.jpg,beverages,Ground coffee,café molido,ml,ml|l|piece,
freezeDriedInstantCoffee,Café instantané lyophilisé,cafe-instantane-lyophilise_68975_w100h100c1cxt0cyt0cxb700cyb700.jpg,beverages,Freeze-dried instant coffee,café instantáneo liofilizado,ml,ml|l|piece,
instantCoffee,Café soluble,cafe-soluble_67713_w100h100c1cx350cy350.jpg,beverages,Instant coffee,Café instantáneo,ml,ml|l|piece,
quail,Caille,caille_67362_w100h100c1cx350cy350.jpg,dairy,Quail,Codorniz,g,g|kg|piece,
sheepSMilkCurd,Caillé de brebis,,dairy,Sheep's milk curd,Cuajada de leche de oveja,g,g|kg|piece,
squid,Calamar,calamar_67461_w100h100c1cx350cy350.jpg,seafood,Squid,Calamar,g,g|kg|piece,
calisson,Calisson,,snacks,Calisson,Calisson,g,g|piece,
caloupil,Caloupilé,,spices,Caloupilé,Caloupilé,g,g|piece,
calvados,Calvados,calvados_67542_w100h100c1cx350cy525.jpg,beverages,Calvados,Calvados,ml,ml|l|cl|piece,
cambozola,Cambozola,,dairy,Cambozola,Cambozola,g,g|kg|piece,
camembert,Camembert,camembert_67633_w100h100c1cx350cy350.jpg,dairy,Camembert,queso Camembert,g,g|kg|piece,
campari,Campari,,beverages,Campari,Campari,ml,ml|l|cl|piece,
duck,Canard,canard_67450_w100h100c1cx350cy350.jpg,meat,Duck,Pato,g,g|kg|piece,
duckConfit,Canard confit,,meat,Duck confit,Confit de pato,g,g|kg|piece,
cancoillotte,Cancoillotte,,dairy,Cancoillotte,Cancoillotte,g,g|kg|piece,
can,Canette,,meat,Can,Poder,g,g|kg|piece,
cranberry,Canneberge,canneberge_76296_w100h100c1cx2008cy1642cxt0cyt0cxb4016cyb3285.jpg,fruits,Cranberry,Arándano,piece,piece|g|kg,
cinnamon,Cannelle,cannelle_67747_w100h100c1cx350cy350.jpg,spices,Cinnamon,Canela,g,g|piece,
canneloni,Canneloni,canneloni_69226_w100h100c1cxt0cyt0cxb3840cyb3840.jpg,grains,Canneloni,Canelones,g,g|kg|piece,
cantadouWithGarlicAndHerbs,Cantadou à l'ail et fines herbes,,spices,Cantadou with garlic and herbs,Cantadou con ajo y hierbas,g,g|piece,
cantal,Cantal,cantal_67517_w100h100c1cx350cy350.jpg,dairy,Cantal,Cantal,g,g|kg|piece,
capCorse,Cap Corse,,beverages,Cap Corse,Gorra Corse,ml,ml|l|cl|piece,
capellini,Capellini,capellini_117594_w100h100c1cx350cy350cxt0cyt0cxb700cyb700.jpg,grains,Capellini,Capellini,g,g|kg|piece,
cappuccino,Cappuccino,cappuccino_117523_w100h100c1cx295cy295cxt0cyt0cxb591cyb591.jpg,beverages,Cappuccino,Capuchino,ml,ml|l|piece,
capers,Câpres,capres_67470_w100h100c1cx350cy350.jpg,condiments,Capers,Alcaparras,g,g|kg|ml|l|piece,
capersInVinegar,Câpres au vinaigre,,condiments,Capers in vinegar,Alcaparras en vinagre,g,g|kg|ml|l|piece,
caprons,Caprons,,vegetables,Caprons,Caprones,piece,piece|g|kg,
capucine,Capucine,capucine_81494_w100h100c1cx2078cy2000cxt0cyt0cxb4156cyb4000.jpg,vegetables,Capucine,Capucina,piece,piece|g|kg,
carambar,Carambar©,,snacks,Carambar©,Carambar©,g,g|piece,
carambars,Carambars,,snacks,Carambars,Carambars,g,g|piece,
starfruit,Carambole,carambole_69227_w100h100c1cxt0cyt0cxb700cyb700.jpg,fruits,Starfruit,Carambola,piece,piece|g|kg,
caramel,Caramel,caramel_157337_w100h100c1cx83cy83cxt0cyt0cxb166cyb166.jpg,snacks,Caramel,Caramelo,g,g|piece,
saltedCaramel,Caramel au beurre salé,caramel-au-beurre-sale_117332_w100h100c1cx866cy866cxt0cyt0cxb1732cyb1732.jpg,snacks,Salted caramel,caramelo salado,g,g|piece,
calciumCarbonate,Carbonate de calcium,,preparation,Calcium carbonate,Carbonato de calcio,g,g|ml|piece,
lambFilletCarcass,Carcasse de filets d’agneau,,meat,Lamb fillet carcass,Canal de filete de cordero,g,g|kg|piece,
cardamom,Cardamome,cardamome_67381_w100h100c1cx1980cy1256.jpg,spices,Cardamom,Cardamomo,g,g|piece,
card,Carde,,vegetables,Card,Tarjeta,piece,piece|g|kg,
cardon,Cardon,cardon_81493_w100h100c1cx2600cy2600cxt0cyt0cxb5200cyb5200.png,vegetables,Cardon,Cardón,piece,piece|g|kg,
carensac,Carensac®,,snacks,Carensac®,Carensac®,g,g|piece,
carmine,Carmine®,carmine_128563_w100h100c1cx411cy411cxt0cyt0cxb822cyb822.png,condiments,Carmine®,Carmín®,g,g|kg|ml|l|piece,
carrot,Carotte,carotte_67370_w100h100c1cx350cy350.jpg,vegetables,Carrot,Zanahoria,piece,piece|g|kg,
yellowCarrot,Carotte jaune,carotte-jaune_134865_w100h100c1cxt0cyt0cxb2121cyb1414.jpg,vegetables,Yellow carrot,Zanahoria amarilla,piece,piece|g|kg,
purpleCarrot,Carotte pourpre,carotte-pourpre_128806_w100h100c1cxt0cyt0cxb2121cyb1414.jpg,vegetables,Purple Carrot,Zanahoria morada,piece,piece|g|kg,
purpleCarrot2,Carotte violette,,vegetables,Purple carrot,Zanahoria morada,piece,piece|g|kg,
gratedCarrots,Carottes râpées,carottes-rapees_149375_w100h100c1cx1840cy1688cxt0cyt0cxb3680cyb3376.jpg,vegetables,Grated carrots,Zanahorias ralladas,piece,piece|g|kg,
carpaccio,Carpaccio,,meal,Carpaccio,Carpaccio,piece,piece|g,
carp,Carpe,,fish,Carp,Carpa,g,g|kg|piece,
rackOfLamb,Carré d'agneau,carre-d-agneau_117101_w100h100c1cx1564cy1043cxt0cyt0cxb3128cyb2086.jpg,meat,Rack of lamb,Costillas de cordero,g,g|kg|piece,
rackOfVeal,Carré de veau,,meat,Rack of veal,Costillar de ternera,g,g|kg|piece,
freshSquare,Carré frais,carre-frais_67572_w100h100c1cx350cy350.jpg,dairy,Fresh square,Fresh square,g,g|kg|piece,
gervaisSquare,Carré gervais,,dairy,Gervais Square,Plaza Gervais,g,g|kg|piece,
carrelet,Carrelet,,fish,Carrelet,Carrelet,g,g|kg|piece,
caraway,Carvi,carvi_68977_w100h100c1cxt0cyt0cxb700cyb700.jpg,spices,Caraway,Alcaravea,g,g|piece,
casarecce,Casarecce,,grains,Casarecce,Casarece,g,g|kg|piece,
blackcurrant,Cassis,cassis_67604_w100h100c1cx350cy350.jpg,fruits,Blackcurrant,Grosella negra,piece,piece|g|kg,
brownSugar,Cassonade,cassonade_67379_w100h100c1cx350cy350.jpg,condiments,Brown sugar,azúcar moreno,g,g|kg|ml|l|piece,
cassoulet,Cassoulet,cassoulet_118633_w100h100c1cx361cy362cxt0cyt0cxb722cyb724.png,meal,Cassoulet,Cassoulet,piece,piece|g,
howAreYou,Cava,,beverages,How are you,Cómo estás,ml,ml|l|cl|piece,
caviar,Caviar,caviar_68978_w100h100c1cxt0cyt0cxb700cyb700.jpg,fish,Caviar,Caviar,g,g|kg|piece,
eggplantCaviar,Caviar d'aubergine,caviar-d-aubergine_77540_w100h100c1cx2162cy1857cxt0cyt0cxb4325cyb3715.jpg,condiments,Eggplant caviar,caviar de berenjena,g,g|kg|ml|l|piece,
tomatoCaviar,Caviar de tomates,,condiments,Tomato caviar,caviar de tomate,g,g|kg|ml|l|piece,
citron,Cédrat,cedrat_118443_w100h100c1cx544cy549cxt0cyt0cxb1088cyb1098.png,fruits,Citron,Cidra,piece,piece|g|kg,
candiedCitron,Cédrat confit,,fruits,Candied citron,cidra confitada,piece,piece|g|kg,
celery,Céleri,celeri_67731_w100h100c1cx350cy350.jpg,vegetables,Celery,Apio,piece,piece|g|kg,
celeryStalk,Céleri branche,celeri-branche_117605_w100h100c1cx295cy295cxt0cyt0cxb591cyb591.jpg,vegetables,Celery stalk,tallo de apio,piece,piece|g|kg,
celeriac,Céleri-rave,celeri-rave_68979_w100h100c1cxt0cyt0cxb700cyb700.jpg,vegetables,Celeriac,Apio nabo,piece,piece|g|kg,
oakWoodAsh,Cendres de bois de chêne,cendres-de-bois-de-chene_121118_w100h100c1cx414cy314cxt0cyt0cxb828cyb629.jpg,spices,Oak wood ash,ceniza de madera de roble,g,g|piece,
cenovis,Cenovis,,dairy,Cenovis,Cenovis,g,g|kg|piece,
porciniMushrooms,Cèpes,cepes_67753_w100h100c1cx350cy350.jpg,vegetables,Porcini mushrooms,setas porcini,g,g|kg|piece,
driedPorciniMushrooms,Cèpes séchés,,vegetables,Dried porcini mushrooms,setas porcini secas,g,g|kg|piece,
cereal,Céréale,,grains,Cereal,Cereal,g,g|kg|piece,
deer,Cerf,,meat,Deer,Ciervo,g,g|kg|piece,
chervil,Cerfeuil,cerfeuil_67356_w100h100c1cx350cy350.jpg,spices,Chervil,Perifollo,piece,piece|g,brin
groundCherry,Cerise de terre,cerise-de-terre_117095_w100h100c1cx306cy275cxt0cyt0cxb612cyb550.jpg,fruits,ground cherry,cereza de tierra,piece,piece|g|kg,
cherries,Cerises,cerises_67491_w100h100c1cx350cy350.jpg,fruits,Cherries,Guindas,piece,piece|g|kg,
walnutKernel,Cerneau de noix,cerneau-de-noix_69102_w100h100c1cxt0cyt0cxb700cyb700.jpg,snacks,Walnut kernel,Nuez,g,g|piece,
pecanNutKernels,Cerneaux de noix de pécan,cerneaux-de-noix-de-pecan_131736_w100h100c1cx400cy399cxt0cyt0cxb800cyb799.png,snacks,Pecan nut kernels,granos de nuez pecana,g,g|piece,
cervelas,Cervelas,,meat,Cervelas,Cervelas,g,g|kg|piece,
brain,Cervelle,,meat,Brain,Cerebro,g,g|kg|piece,
chabichou,Chabichou,chabichou_117096_w100h100c1cx766cy977cxt0cyt0cxb1533cyb1955.jpg,dairy,Chabichou,Chabichou,g,g|kg|piece,
chablis,Chablis,,beverages,Chablis,Chablis,ml,ml|l|cl|piece,
sausageMeat,Chair à saucisse,chair-a-saucisse_67445_w100h100c1cx1657cy1145.jpg,meat,Sausage meat,Carne de salchicha,g,g|kg|piece,
duckSausageMeat,Chair à saucisse de canard,,meat,Duck sausage meat,carne de salchicha de pato,g,g|kg|piece,
alligatorFlesh,Chair d'alligator,,meat,Alligator flesh,carne de caimán,g,g|kg|piece,
lobsterMeat,Chair de homard,,seafood,Lobster meat,carne de langosta,g,g|kg|piece,
crabMeat,Chair de tourteau,,seafood,crab meat,carne de cangrejo,g,g|kg|piece,
marbledFlesh,Chair persillée,,meat,Marbled flesh,carne jaspeada,g,g|kg|piece,
marshmallow,Chamallow,chamallow_67577_w100h100c1cx350cy350.jpg,snacks,Marshmallow,Malvavisco,g,g|piece,
champagne,Champagne,champagne_67569_w100h100c1cx350cy350.jpg,beverages,Champagne,Champán,ml,ml|l|cl|piece,
demiSecChampagne,Champagne Demi-Sec,,beverages,Demi-Sec Champagne,Champán semiseco,ml,ml|l|cl|piece,
mushroom,Champignon,champignon_67739_w100h100c1cx350cy350.jpg,vegetables,Mushroom,Champiñón,g,g|kg|piece,
brownButtonMushroom,Champignon de Paris brun,champignon-de-paris-brun_71162_w100h100c1cxt0cyt0cxb3557cyb2426.jpg,vegetables,Brown button mushroom,Champiñón marrón,g,g|kg|piece,
freshMushroom,Champignon frais,champignon-frais_67358_w100h100c1cx350cy350.jpg,vegetables,Fresh mushroom,Champiñones frescos,g,g|kg|piece,
blackMushroom,Champignon noir,champignon-noir_67602_w100h100c1cx350cy350.jpg,vegetables,Black mushroom,Hongo negro,g,g|kg|piece,
parisMushrooms,Champignons de Paris,champignons-de-paris_68980_w100h100c1cxt0cyt0cxb700cyb700.jpg,vegetables,Paris mushrooms,Champiñones de París,g,g|kg|piece,
chanterelle,Chanterelle,chanterelle_77539_w100h100c1cx2350cy2350cxt0cyt0cxb4700cyb4700.jpg,vegetables,Chanterelle,Cuerda,g,g|kg|piece,
chaource,Chaource,chaource_68981_w100h100c1cxt0cyt0cxb700cyb700.jpg,dairy,Chaource,Chaource,g,g|kg|piece,
breadcrumbs,Chapelure,chapelure_67436_w100h100c1cx350cy350.jpg,condiments,Breadcrumbs,Pan rallado,g,g|kg|ml|l|piece,
capon,Chapon,chapon_68982_w100h100c1cxt0cyt0cxb700cyb700.jpg,meat,Capon,Capón,g,g|kg|piece,
activatedCharcoal,Charbon actif,,preparation,Activated charcoal,Carbón activado,g,g|ml|piece,
deliMeats,Charcuteries,charcuteries_81913_w100h100c1cx2550cy2550cxt0cyt0cxb5100cyb5100.png,meat,Deli meats,fiambres,g,g|kg|piece,
charolais,Charolais,,dairy,Charolais,Charolais,g,g|kg|piece,
yellowChartreuse,Chartreuse jaune,,beverages,Yellow Chartreuse,Chartreuse amarillo,ml,ml|l|cl|piece,
greenChartreuse,Chartreuse verte,,beverages,Green Chartreuse,Chartreuse verde,ml,ml|l|cl|piece,
waterChestnut,Châtaigne d'eau,chataigne-d-eau_71019_w100h100c1cxt0cyt0cxb5184cyb3456.jpg,fruits,Water chestnut,castaña de agua,piece,piece|g|kg,
chestnuts,Châtaignes,chataignes_67478_w100h100c1cx350cy350.jpg,fruits,Chestnuts,Castañas,piece,piece|g|kg,
chatrou,Chatrou,,seafood,Chatrou,Chatrou,g,g|kg|piece,
thatch,Chaume,,dairy,Thatch,Paja,g,g|kg|piece,
monksCauseway,Chaussée aux moines,chaussee-aux-moines_158937_w100h100c1cx750cy750cxt0cyt0cxb1500cyb1500.jpg,dairy,Monks' Causeway,Calzada de los Monjes,g,g|kg|piece,
chayote,Chayote,chayote_75721_w100h100c1cx4544cy3168cxt0cyt0cxb9088cyb6336.jpg,vegetables,Chayote,Chayote,piece,piece|g|kg,
cheddar,Cheddar,cheddar_67544_w100h100c1cx350cy350.jpg,dairy,Cheddar,queso Cheddar,g,g|kg|piece,
oak,Chêne,chene_76298_w100h100c1cx3304cy2652cxt0cyt0cxb6608cyb5304.jpg,vegetables,Oak,Roble,piece,piece|g|kg,
chermoula,Chermoula,,spices,Chermoula,Chermoula,g,g|piece,
chester,Chester,,dairy,Chester,Chester,g,g|kg|piece,
horse,Cheval,,meat,Horse,Caballo,g,g|kg|piece,
angelHair,Cheveux d'ange,cheveux-d-ange_117475_w100h100c1cx866cy866cxt0cyt0cxb1732cyb1732.jpg,vegetables,Angel hair,Cabello de ángel,piece,piece|g|kg,
goat,Chèvre,chevre_67397_w100h100c1cx350cy350.jpg,dairy,Goat,Cabra,g,g|kg|piece,
freshGoatCheese,Chèvre frais,chevre-frais_67702_w100h100c1cx350cy350.jpg,dairy,Fresh goat cheese,queso fresco de cabra,g,g|kg|piece,
kid,Chevreau,,meat,Kid,Niño,g,g|kg|piece,
roeDeer,Chevreuil,,meat,Roe deer,Corzo,g,g|kg|piece,
chevrotin,Chevrotin,,dairy,Chevrotin,Chevrotin,g,g|kg|piece,
chicory,Chicorée,chicoree_75735_w100h100c1cx2880cy1920cxt0cyt0cxb5760cyb3840.jpg,vegetables,Chicory,Achicoria,piece,piece|g|kg,
chile,Chili,chili_67646_w100h100c1cx350cy350.jpg,spices,Chile,Chile,g,g|piece,
chiliPowder,Chili en poudre,,spices,Chili powder,chile en polvo,g,g|piece,
chimera,Chimère,,fish,Chimera,Quimera,g,g|kg|piece,
chipiron,Chipiron,chipiron_76297_w100h100c1cx2292cy1488cxt0cyt0cxb4584cyb2976.jpg,seafood,Chipiron,Chipirón,g,g|kg|piece,
chipolata,Chipolata,chipolata_68984_w100h100c1cxt0cyt0cxb700cyb700.jpg,meat,Chipolata,Chipolata,piece,piece|g|kg,
chips,Chips,chips_69229_w100h100c1cxt0cyt0cxb5111cyb3734.jpg,snacks,Chips,Papas fritas,g,g|piece,
tortillaChips,Chips tortilla,chips-tortilla_117403_w100h100c1cx866cy866cxt0cyt0cxb1732cyb1732.jpg,grains,Tortilla chips,totopos,g,g|kg|piece,
saltyTortillaChips,Chips tortilla salée,chips-tortilla-salee_117405_w100h100c1cxt0cyt0cxb1732cyb1732.jpg,grains,Salty tortilla chips,Totopos salados,g,g|kg|piece,
sodiumChloride,Chlorure de sodium,,spices,Sodium chloride,cloruro de sodio,g,g|piece,
chocolate,Chocolat,chocolat_67456_w100h100c1cx350cy350.jpg,snacks,Chocolate,Chocolate,g,g|piece,
hazelnutChocolate,Chocolat à la noisette,chocolat-a-la-noisette_141637_w100h100c1cx629cy653cxt0cyt0cxb1258cyb1306.jpg,snacks,Hazelnut chocolate,chocolate con avellanas,g,g|piece,
chocolateSpread,Chocolat à tartiner,chocolat-a-tartiner_75739_w100h100c1cx2939cy1908cxt0cyt0cxb5878cyb3817.jpg,condiments,Chocolate spread,Crema de chocolate,g,g|piece,
bitterChocolate,Chocolat amer,chocolat-amer_69205_w100h100c1cxt0cyt0cxb700cyb700.jpg,snacks,Bitter chocolate,Chocolate amargo,g,g|piece,
caramelChocolate,Chocolat au caramel,chocolat-au-caramel_85311_w100h100c1cx1150cy1150cxt0cyt0cxb2300cyb2300.png,snacks,Caramel chocolate,chocolate con caramelo,g,g|piece,
milkChocolate,Chocolat au lait,chocolat-au-lait_69206_w100h100c1cxt0cyt0cxb700cyb700.jpg,snacks,Milk chocolate,Chocolate con leche,g,g|piece,
chocolateWithPuffedRice,Chocolat au riz soufflé,chocolat-au-riz-souffle_81879_w100h100c1cx1000cy1000cxt0cyt0cxb2000cyb2000.png,snacks,Chocolate with puffed rice,Chocolate con arroz inflado,g,g|piece,
hazelnutChocolate2,Chocolat aux noisettes,chocolat-aux-noisettes_69207_w100h100c1cxt0cyt0cxb700cyb700.jpg,snacks,Hazelnut chocolate,chocolate con avellanas,g,g|piece,
whiteChocolate,Chocolat blanc,chocolat-blanc_67543_w100h100c1cx350cy350.jpg,snacks,White chocolate,Chocolate blanco,g,g|piece,
blondChocolate,Chocolat blond,,snacks,Blond chocolate,chocolate rubio,g,g|piece,
hotChocolate,Chocolat chaud,chocolat-chaud_85366_w100h100c1cxt0cyt0cxb2000cyb2000.jpg,beverages,Hot chocolate,Chocolate caliente,ml,ml|l|piece,
couvertureChocolate,Chocolat de couverture,chocolat-de-couverture_69202_w100h100c1cxt0cyt0cxb700cyb700.jpg,snacks,couverture chocolate,chocolate de cobertura,g,g|piece,
easterChocolate,Chocolat de Pâques,,snacks,Easter Chocolate,Chocolate de Pascua,g,g|piece,
dulceyChocolate,Chocolat dulcey,,snacks,Dulcey chocolate,Chocolate Dulcey,g,g|piece,
chocolatePowder,Chocolat en poudre,chocolat-en-poudre_67367_w100h100c1cx350cy350.jpg,preparation,Chocolate powder,Chocolate en polvo,g,g|piece,
kinderChocolate,Chocolat Kinder,,snacks,Kinder chocolate,Chocolate Kinder,g,g|piece,
darkChocolate,Chocolat noir,chocolat-noir_67423_w100h100c1cx350cy350.jpg,snacks,Dark chocolate,Chocolate oscuro,g,g|piece,
darkChocolate2,Chocolat noir corsé,chocolat-noir-corse_85405_w100h100c1cx2250cy1260cxt0cyt0cxb4500cyb2521.jpg,snacks,Dark chocolate,Chocolate oscuro,g,g|piece,
meltedDarkChocolate,Chocolat noir fondu,chocolat-noir-fondu_159523_w100h100c1cx3976cy3318cxt0cyt0cxb7952cyb6636.jpg,snacks,Melted dark chocolate,Chocolate negro derretido,g,g|piece,
bakingChocolate,Chocolat pâtissier,chocolat-patissier_68985_w100h100c1cxt0cyt0cxb700cyb700.jpg,preparation,Baking chocolate,chocolate para hornear,g,g|piece,
pralineChocolate,Chocolat praliné,chocolat-praline_85312_w100h100c1cx2500cy2500cxt0cyt0cxb5000cyb5000.png,snacks,Praline chocolate,Chocolate praliné,g,g|piece,
smartiesChocolate,Chocolat smarties,chocolat-smarties_117460_w100h100c1cx866cy866cxt0cyt0cxb1732cyb1732.jpg,snacks,Smarties chocolate,Chocolate Smarties,g,g|piece,
veganChocolate,Chocolat végétal,chocolat-vegetal_85384_w100h100c1cx1650cy1650cxt0cyt0cxb3300cyb3300.png,snacks,Vegan chocolate,Chocolate vegano,g,g|piece,
chorizo,Chorizo,chorizo_67539_w100h100c1cx350cy350.jpg,meat,Chorizo,Chorizo,g,g|kg|piece,
cabbage,Chou,chou_67685_w100h100c1cx350cy350.jpg,vegetables,Cabbage,Repollo,piece,piece|g,
whiteCabbage,Chou blanc,chou-blanc_117603_w100h100c1cx295cy295cxt0cyt0cxb591cyb591.jpg,vegetables,White cabbage,col blanca,piece,piece|g,
chineseCabbage,Chou chinois,chou-chinois_67409_w100h100c1cx350cy350.jpg,vegetables,Chinese cabbage,col china,piece,piece|g,
brusselsSprouts,Chou de bruxelles,chou-de-bruxelles_68986_w100h100c1cxt0cyt0cxb700cyb700.jpg,vegetables,Brussels sprouts,coles de Bruselas,piece,piece|g,
kale,Chou frisé,chou-frise_145383_w100h100c1cx1087cy1000cxt0cyt0cxb2175cyb2000.jpg,vegetables,Kale,Col rizada,piece,piece|g,
romanescoCabbage,Chou romanesco,chou-romanesco_69197_w100h100c1cxt0cyt0cxb700cyb700.jpg,vegetables,Romanesco cabbage,col romanesco,piece,piece|g,
redCabbage,Chou rouge,chou-rouge_72248_w100h100c1cx1834cy1834cxt0cyt0cxb3668cyb3668.jpg,vegetables,Red cabbage,Col lombarda,piece,piece|g,
greenCabbage,Chou vert,chou-vert_117609_w100h100c1cx295cy295cxt0cyt0cxb591cyb591.jpg,vegetables,Green cabbage,repollo verde,piece,piece|g,
cauliflower,Chou-fleur,chou-fleur_67526_w100h100c1cx350cy350.jpg,vegetables,Cauliflower,Coliflor,piece,piece|g,
kohlrabi,Chou-rave,chou-rave_117514_w100h100c1cx295cy295cxt0cyt0cxb591cyb591.jpg,vegetables,Kohlrabi,Colinabo,piece,piece|g,
chouchen,Chouchen,,beverages,Chouchen,Chouchen,ml,ml|l|cl|piece,
pet,Chouchou,chouchou_76300_w100h100c1cx2592cy1728cxt0cyt0cxb5184cyb3456.jpg,vegetables,Pet,Mascota,piece,piece|g|kg,
sauerkraut,Choucroute,choucroute_67758_w100h100c1cx350cy350.jpg,meal,Sauerkraut,Chucrut,piece,piece|g,
chouquette,Chouquette,chouquette_118636_w100h100c1cx308cy283cxt0cyt0cxb616cyb567.jpg,grains,Chouquette,Chouquette,piece,piece|g,
brusselsSprouts2,Choux de Bruxelles,choux-de-bruxelles_157026_w100h100c1cx83cy83cxt0cyt0cxb166cyb166.jpg,vegetables,Brussels sprouts,coles de Bruselas,piece,piece|g,
kohlrabi2,Choux raves,,vegetables,Kohlrabi,Colinabo,piece,piece|g,
christophine,Christophine,christophine_76299_w100h100c1cx2592cy1728cxt0cyt0cxb5184cyb3456.jpg,vegetables,Christophine,Christophine,piece,piece|g|kg,
chutney,Chutney,chutney_147349_w100h100c1cx540cy540cxt0cyt0cxb1080cyb1080.png,condiments,Chutney,Chatney,g,g|kg|ml|l|piece,
gingerChutney,Chutney au gingembre,,condiments,Ginger chutney,chutney de jengibre,g,g|kg|ml|l|piece,
mangoChutney,Chutney mangue,chutney-mangue_117373_w100h100c1cx866cy866cxt0cyt0cxb1732cyb1732.jpg,condiments,Mango chutney,Chutney de mango,g,g|kg|ml|l|piece,
papayaChutney,Chutney papaye,,condiments,Papaya Chutney,Chutney de papaya,g,g|kg|ml|l|piece,
ciabatta,Ciabatta,ciabatta_117519_w100h100c1cx295cy295cxt0cyt0cxb591cyb591.jpg,grains,Ciabatta,Ciabatta,g,g|kg|piece,
chive,Ciboule,ciboule_67374_w100h100c1cx350cy350.jpg,vegetables,Chive,Cebollino,piece,piece|g|kg,
chives,Ciboulette,ciboulette_67695_w100h100c1cx350cy350.jpg,spices,Chives,Cebollino,piece,piece|g,brin
cider,Cidre,cidre_67600_w100h100c1cx350cy350.jpg,beverages,Cider,Sidra,ml,ml|l|cl|piece,
seaCicada,Cigale de mer,,seafood,Sea cicada,cigarra marina,g,g|kg|piece,
crispyCigarette,Cigarette croustillante,,snacks,Crispy cigarette,cigarrillo crujiente,g,g|piece,
russianCigarette,Cigarette russe,cigarette-russe_69231_w100h100c1cxt0cyt0cxb700cyb700.jpg,snacks,Russian cigarette,cigarrillo ruso,g,g|piece,
fivePerfumes,Cinq parfums,cinq-parfums_117102_w100h100c1cx1555cy1172cxt0cyt0cxb3110cyb2345.jpg,spices,Five perfumes,Cinco perfumes,g,g|piece,
fiveSpicePowder,Cinq-épices,cinq-epices_69052_w100h100c1cxt0cyt0cxb700cyb700.jpg,spices,Five-spice powder,polvo de cinco especias,g,g|piece,
cinzano,Cinzano,,beverages,Cinzano,Cinzano,ml,ml|l|cl|piece,
lemon,Citron,citron_67457_w100h100c1cx350cy350.jpg,fruits,Lemon,Limón,piece,piece|g|kg,
candiedLemon,Citron confit,citron-confit_67484_w100h100c1cx350cy350.jpg,fruits,Candied lemon,limón confitado,piece,piece|g|kg,
mentonLemon,Citron de Menton,citron-de-menton_159553_w100h100c1cxt0cyt0cxb858cyb858.jpg,fruits,Menton Lemon,Limón de Menton,piece,piece|g|kg,
lime,Citron vert,citron-vert_67725_w100h100c1cx350cy350.jpg,fruits,Lime,Cal,piece,piece|g|kg,
lemonate,Citronat,,fruits,Lemonate,Limonada,piece,piece|g|kg,
lemongrass,Citronnelle,citronnelle_67715_w100h100c1cx350cy350.jpg,fruits,Lemongrass,Hierba de limón,piece,piece|g|kg,
pumpkin,Citrouille,citrouille_67394_w100h100c1cx350cy350.jpg,vegetables,Pumpkin,Calabaza,piece,piece|g|kg,
cive,Cive,cive_81513_w100h100c1cx1900cy1900cxt0cyt0cxb3800cyb3800.jpg,vegetables,Cive,Cive,piece,piece|g|kg,
clairetteDeDie,Clairette de Die,,beverages,Clairette de Die,Clairette de Die,ml,ml|l|cl|piece,
clams,Clams,clams_117104_w100h100c1cx1025cy731cxt0cyt0cxb2051cyb1462.jpg,seafood,Clams,Almejas,g,g|kg|piece,
clementine,Clémentine,clementine_67492_w100h100c1cx350cy350.jpg,fruits,Clementine,Clementina,piece,piece|g|kg,
clove,Clou de girofle,clou-de-girofle_67585_w100h100c1cx1335cy864.jpg,spices,Clove,Clavo,g,g|piece,
clovis,Clovisse,,seafood,Clovis,Clovis,g,g|kg|piece,
cobia,Cobia,,fish,Cobia,Cobia,g,g|kg|piece,
pig,Cochon,,meat,Pig,Cerdo,g,g|kg|piece,
paimpolCoco,Coco de paimpol,coco-de-paimpol_68988_w100h100c1cxt0cyt0cxb700cyb700.jpg,fruits,Paimpol Coco,Coco Paimpol,piece,piece|g|kg,
coconutPowder,Coco en poudre,coco-en-poudre_68991_w100h100c1cxt0cyt0cxb700cyb700.jpg,fruits,Coconut powder,Polvo de coco,piece,piece|g|kg,
flatCoconut,Coco plat,,fruits,Flat coconut,coco plano,piece,piece|g|kg,
heart,Coeur,coeur_67765_w100h100c1cx350cy350.jpg,meat,Heart,Corazón,g,g|kg|piece,
piggyHeart,Coeur cochonnet,,meat,Piggy heart,Corazón de cerdito,g,g|kg|piece,
lambSHeart,Coeur d'agneau,,meat,Lamb's heart,Corazón de cordero,g,g|kg|piece,
artichokeHeart,Coeur d'artichaut,coeur-d-artichaut_68992_w100h100c1cxt0cyt0cxb700cyb700.jpg,vegetables,artichoke heart,corazón de alcachofa,piece,piece|g|kg,
beefHeart,Coeur de boeuf,,meat,Beef heart,Corazón de res,g,g|kg|piece,
codHeart,Coeur de cabillaud,,fish,Cod heart,Corazón de bacalao,g,g|kg|piece,
duckHeart,Coeur de canard,,meat,Duck heart,Corazón de pato,g,g|kg|piece,
celeryHeart,Coeur de céleri,,vegetables,Celery heart,Corazón de apio,piece,piece|g|kg,
sheepSHeart,Coeur de mouton,,vegetables,Sheep's heart,Corazón de oveja,piece,piece|g|kg,
heartOfPalm,Coeur de palmier,coeur-de-palmier_72249_w100h100c1cx1848cy1725cxt0cyt0cxb3696cyb3450.jpg,vegetables,Heart of palm,Corazón de palma,piece,piece|g|kg,
porkHeart,Coeur de porc,,meat,Pork heart,Corazón de cerdo,g,g|kg|piece,
chickenHeart,Coeur de poulet,,meat,Chicken heart,Corazón de pollo,g,g|kg|piece,
salmonHeart,Coeur de saumon,,fish,Salmon heart,Corazón de salmón,g,g|kg|piece,
sweetcornHeart,Coeur de sucrine,,vegetables,Sweetcorn heart,Corazón de maíz dulce,piece,piece|g|kg,
calfSHeart,Coeur de veau,,meat,Calf's heart,Corazón de ternera,g,g|kg|piece,
chickenHeart2,Coeur de volaille,coeur-de-volaille_117608_w100h100c1cx295cy295cxt0cyt0cxb591cyb591.jpg,meat,Chicken heart,Corazón de pollo,g,g|kg|piece,
sugarHeart,Coeur en sucre,,snacks,Sugar heart,Corazón de azúcar,g,g|piece,
cognac,Cognac,cognac_67612_w100h100c1cx350cy350.jpg,beverages,Cognac,Coñac,ml,ml|l|cl|piece,
cognacFineChampagne,Cognac Fine Champagne,,beverages,Cognac Fine Champagne,Coñac Champagne fino,ml,ml|l|cl|piece,
quince,Coing,coing_67719_w100h100c1cx350cy350.jpg,fruits,Quince,Membrillo,piece,piece|g|kg,
cointreau,Cointreau,,beverages,Cointreau,Cointreau,ml,ml|l|cl|piece,
cola,Cola,cola_76825_w100h100c1cx1591cy2250cxt0cyt0cxb3182cyb4500.jpg,beverages,Cola,Reajuste salarial,ml,ml|l|cl|piece,
colaCocaColaPepsi,"Cola (coca cola, pepsi)",,beverages,"Cola (coca cola, pepsi)","Cola (Coca-Cola, Pepsi)",ml,ml|l|cl|piece,
coleslaw,Coleslaw,coleslaw_77342_w100h100c1cx2557cy1704cxt0cyt0cxb5114cyb3409.jpg,meal,Coleslaw,Ensalada de col,piece,piece|g,
colin,Colin,colin_139041_w100h100c1cx411cy411cxt0cyt0cxb822cyb822.png,fish,Colin,Colin,g,g|kg|piece,
smokedCollar,Collet fumé,,meat,Smoked collar,Collar ahumado,g,g|kg|piece,
lambNeck,Collier d'agneau,collier-d-agneau_159600_w100h100c1cxt0cyt0cxb500cyb500.png,meat,lamb neck,cuello de cordero,g,g|kg|piece,
beefNeck,Collier de boeuf,,meat,Beef neck,cuello de res,g,g|kg|piece,
dye,Colorant,colorant_68997_w100h100c1cxt0cyt0cxb700cyb700.jpg,preparation,Dye,Teñir,g,g|ml|piece,
foodColoring,Colorant alimentaire,colorant-alimentaire_68996_w100h100c1cxt0cyt0cxb700cyb700.jpg,preparation,Food coloring,colorante alimentario,g,g|ml|piece,
combava,Combava,combava_68998_w100h100c1cxt0cyt0cxb700cyb700.jpg,fruits,Combava,Combava,piece,piece|g|kg,
compote,Compote,compote_67766_w100h100c1cx350cy350.jpg,condiments,Compote,Compota,g,g|ml|piece,
appleCompote,Compote de pomme,,condiments,Apple compote,compota de manzana,g,g|ml|piece,
county,Comté,comte_67555_w100h100c1cx350cy350.jpg,dairy,County,Condado,g,g|kg|piece,
coconutConcentrate,Concentré de coco,,canned,Coconut concentrate,concentrado de coco,g,g|piece,
tomatoPaste,Concentré de tomates,concentre-de-tomate_67606_w100h100c1cx350cy350.jpg,canned,Tomato paste,pasta de tomate,g,g|piece,
concentrateForChineseSoup,Concentré pour soupe chinoise,,meal,Concentrate for Chinese soup,Concentrado para sopa china,piece,piece|g,
conchiglioni,Conchiglioni,conchiglioni_69233_w100h100c1cxt0cyt0cxb5616cyb3744.jpg,grains,Conchiglioni,Conchiglioni,g,g|kg|piece,
cucumber,Concombre,concombre_67693_w100h100c1cx350cy350.jpg,vegetables,Cucumber,Pepino,piece,piece|g|kg,
whiteBalsamicCondiment,Condiment balsamique blanc,,beverages,White balsamic condiment,condimento balsámico blanco,ml,ml|l|cl|piece,
condiments,Condiments,,condiments,Condiments,Condimentos,g,g|kg|ml|l|piece,
confisuc,Confisuc,,condiments,Confisuc,Confisuc,g,g|kg|ml|l|piece,
onionConfit,Confit d'oignon,,condiments,Onion confit,Cebolla confitada,g,g|kg|ml|l|piece,
duckConfit2,Confit de canard,confit-de-canard_69232_w100h100c1cxt0cyt0cxb5184cyb3456.jpg,meat,Duck confit,Confit de pato,g,g|kg|piece,
courgetteConfit,Confit de courgettes,,vegetables,Courgette confit,Confit de calabacín,piece,piece|g|kg,
jam,Confiture,confiture_67485_w100h100c1cx350cy350.jpg,condiments,Jam,Atasco,g,g|ml|piece,
apricotJam,Confiture d'abricot,confiture-d-abricot_78360_w100h100c1cx2500cy2500cxt0cyt0cxb5000cyb5000.jpg,fruits,Apricot jam,Mermelada de albaricoque,g,g|ml|piece,
cranberryJam,Confiture d'airelles,confiture-d-airelles_113147_w100h100c1cx2527cy1685cxt0cyt0cxb5054cyb3370.jpg,fruits,Cranberry jam,Mermelada de arándanos,g,g|ml|piece,
orangeMarmalade,Confiture d'orange,confiture-d-orange_112540_w100h100c1cx1095cy684cxt0cyt0cxb2190cyb1369.jpg,fruits,Orange marmalade,mermelada de naranja,g,g|ml|piece,
bananaJam,Confiture de banane,confiture-de-banane_118165_w100h100c1cx295cy295cxt0cyt0cxb591cyb591.jpg,condiments,Banana jam,Mermelada de plátano,g,g|ml|piece,
blackcurrantJam,Confiture de cassis,confiture-de-cassis_112541_w100h100c1cx707cy1060cxt0cyt0cxb1414cyb2121.jpg,condiments,Blackcurrant jam,Mermelada de grosella negra,g,g|ml|piece,
cherryJam,Confiture de cerise,confiture-de-cerise_117517_w100h100c1cx295cy295cxt0cyt0cxb591cyb591.jpg,condiments,Cherry jam,Mermelada de cereza,g,g|ml|piece,
chestnutJam,Confiture de châtaigne,confiture-de-chataigne_112542_w100h100c1cx705cy1062cxt0cyt0cxb1411cyb2124.jpg,condiments,Chestnut jam,mermelada de castañas,g,g|ml|piece,
figJam,Confiture de figue,confiture-de-figue_112543_w100h100c1cx341cy256cxt0cyt0cxb683cyb512.jpg,condiments,Fig jam,mermelada de higos,g,g|ml|piece,
strawberryJam,Confiture de fraises,confiture-de-fraises_71035_w100h100c1cxt0cyt0cxb4385cyb4030.jpg,condiments,Strawberry jam,Mermelada de fresa,g,g|ml|piece,
raspberryJam,Confiture de framboise,confiture-de-framboise_112544_w100h100c1cx362cy241cxt0cyt0cxb724cyb483.jpg,condiments,Raspberry jam,mermelada de frambuesa,g,g|ml|piece,
redFruitJam,Confiture de fruits rouges,confiture-de-fruits-rouges_117426_w100h100c1cx1175cy1175cxt0cyt0cxb2350cyb2350.jpg,condiments,Red fruit jam,Mermelada de frutos rojos,g,g|ml|piece,
redcurrantJam,Confiture de groseille,confiture-de-groseille_117427_w100h100c1cx866cy866cxt0cyt0cxb1732cyb1732.jpg,condiments,Redcurrant jam,Mermelada de grosella roja,g,g|ml|piece,
dulceDeLeche,Confiture de lait,confiture-de-lait_117549_w100h100c1cx295cy295cxt0cyt0cxb591cyb591.jpg,condiments,Dulce de leche,Dulce de leche,g,g|ml|piece,
mandarinJam,Confiture de mandarine,confiture-de-mandarine_163130_w100h100c1cxt0cyt0cxb500cyb500.jpg,condiments,Mandarin jam,mermelada de mandarina,g,g|ml|piece,
mangoJam,Confiture de mangue,confiture-de-mangue_117520_w100h100c1cx295cy295cxt0cyt0cxb591cyb591.jpg,condiments,Mango jam,Mermelada de mango,g,g|ml|piece,
blueberryJam,Confiture de myrtilles,confiture-de-myrtilles_81853_w100h100c1cx2750cy2750cxt0cyt0cxb5500cyb5500.jpg,condiments,Blueberry jam,mermelada de arándanos,g,g|ml|piece,
pearJam,Confiture de poire,confiture-de-poire_117516_w100h100c1cx295cy295cxt0cyt0cxb591cyb591.jpg,condiments,Pear jam,Mermelada de pera,g,g|ml|piece,
appleJam,Confiture de pomme,confiture-de-pomme_112550_w100h100c1cx774cy968cxt0cyt0cxb1549cyb1936.jpg,condiments,Apple jam,Mermelada de manzana,g,g|ml|piece,
plumJam,Confiture de prune,confiture-de-prune_112551_w100h100c1cx1060cy707cxt0cyt0cxb2121cyb1414.jpg,condiments,Plum jam,Mermelada de ciruela,g,g|ml|piece,
rhubarbJam,Confiture de rhubarbe,confiture-de-rhubarbe_112548_w100h100c1cx774cy968cxt0cyt0cxb1549cyb1936.jpg,condiments,Rhubarb jam,Mermelada de ruibarbo,g,g|ml|piece,
conger,Congre,,fish,Conger,Congrio,g,g|kg|piece,
gameConsomm,Consommé de gibier,,meat,Game consommé,Consomé de caza,g,g|kg|piece,
sirloinSteak,Contre-filet,,meat,Sirloin steak,Solomillo,g,g|kg|piece,
cookie,Cookie,cookie_67347_w100h100c1cx350cy350.jpg,snacks,Cookie,Galleta,g,g|piece,
chocolateCookie,Cookie chocolat,cookie-chocolat_81875_w100h100c1cx3000cy2000cxt0cyt0cxb6000cyb4000.jpg,snacks,Chocolate cookie,Galleta de chocolate,g,g|piece,
chocolateShavings,Copeaux de chocolat,copeaux-de-chocolat_85313_w100h100c1cx1750cy1750cxt0cyt0cxb3500cyb3500.png,preparation,Chocolate shavings,virutas de chocolate,g,g|ml|piece,
whiteChocolateShavings,Copeaux de chocolat blanc,copeaux-de-chocolat-blanc_69208_w100h100c1cxt0cyt0cxb700cyb700.jpg,preparation,White chocolate shavings,virutas de chocolate blanco,g,g|ml|piece,
coppa,Coppa,coppa_69004_w100h100c1cxt0cyt0cxb700cyb700.jpg,meat,Coppa,Coppa,piece,piece|g,tranche
rooster,Coq,,meat,Rooster,Gallo,g,g|kg|piece,
cockerel,Coquelet,,meat,Cockerel,Gallo joven,g,g|kg|piece,
poppy,Coquelicot,coquelicot_117593_w100h100c1cx295cy295cxt0cyt0cxb591cyb591.jpg,vegetables,Poppy,Amapola,piece,piece|g|kg,
shells,Coques,coques_117122_w100h100c1cx707cy707cxt0cyt0cxb1414cyb1414.jpeg,seafood,Shells,Conchas,g,g|kg|piece,
scallopShell,Coquille saint-jacques,coquille-saint-jacques_67462_w100h100c1cx350cy350.jpg,seafood,Scallop shell,concha de vieira,piece,piece|g,
coquillettes,Coquillettes,coquillettes_67679_w100h100c1cx350cy350.jpg,grains,Coquillettes,Coquillettes,g,g|kg|piece,
cordonBleu,Cordon bleu,cordon-bleu_155929_w100h100c1cxt0cyt0cxb166cyb166.jpg,meal,Cordon bleu,Cordon bleu,piece,piece|g|kg,
coriander,Coriandre,coriandre_67770_w100h100c1cx350cy350.jpg,spices,Coriander,Cilantro,piece,piece|g,brin
corianderSeeds,Coriandre en grains,coriandre-en-grains_69005_w100h100c1cxt0cyt0cxb700cyb700.jpg,spices,Coriander seeds,Semillas de cilantro,g,g|piece,
daikon,Daikon,daikon_69239_w100h100c1cxt0cyt0cxb700cyb700.jpg,vegetables,Daikon,daikon,piece,piece|g|kg,
suede,Daim,,meat,Suede,Ante,g,g|kg|piece,
dakatine,Dakatine,,condiments,Dakatine,Dakatine,g,g|kg|ml|l|piece,
danette,Danette,,snacks,Danette,Danette,g,g|piece,
dashi,Dashi,,preparation,Dashi,Dashi,g,g|ml|piece,
date,Datte,datte_67730_w100h100c1cx350cy350.jpg,fruits,Date,Fecha,g,g|piece,
cretanDaucus,Daucus de Crête,,vegetables,Cretan Daucus,Daucus cretense,piece,piece|g|kg,
seaBream,Daurade,daurade_77535_w100h100c1cx2350cy2350cxt0cyt0cxb4700cyb4700.jpg,fish,Sea bream,Besugo,g,g|kg|piece,
mediterraneanSeaBreamWeighing15Kg,Daurade de Méditerranée de 1.5 kg,,meal,Mediterranean sea bream weighing 1.5 kg,"Dorada mediterránea de 1,5 kg",piece,piece|g,
sugarDecoration,Décor en sucre,,condiments,Sugar decoration,Decoración de azúcar,g,g|kg|ml|l|piece,
dicedHam,Dés de jambon,des-de-jambon_67738_w100h100c1cx350cy350.jpg,meat,Diced ham,jamón en dados,g,g|kg|piece,
digestive,Digestive,,beverages,Digestive,Digestivo,ml,ml|l|cl|piece,
turkey,Dinde,dinde_67734_w100h100c1cx350cy350.jpg,meat,Turkey,Pavo,g,g|kg|piece,
turkey2,Dindonneau,,meat,Turkey,Pavo,g,g|kg|piece,
diot,Diot,diot_76313_w100h100c1cx1630cy1630cxt0cyt0cxb3260cyb3260.jpg,meat,Diot,Diot,g,g|kg|piece,
gyozaDoughDisc,Disque de pâte pour gyozas,disque-de-pate-pour-gyozas_159659_w100h100c1cxt0cyt0cxb500cyb500.png,meal,Gyoza dough disc,disco de masa de gyoza,piece,piece|g,
miscellaneous,Divers,,other,Miscellaneous,Misceláneas,piece,piece|g|ml,
djansan,Djansan,,spices,Djansan,Djansan,g,g|piece,
seaBream2,Dorade,dorade_69025_w100h100c1cxt0cyt0cxb700cyb700.jpg,fish,Sea bream,Besugo,g,g|kg|piece,
golden,Doré,,fish,Golden,Dorado,g,g|kg|piece,
codLoin,Dos de cabillaud,dos-de-cabillaud_118166_w100h100c1cx363cy441cxt0cyt0cxb726cyb883.png,fish,Cod loin,lomo de bacalao,g,g|kg|piece,
doubanjiang,Doubanjiang,,spices,Doubanjiang,Doubanjiang,g,g|piece,
doubleConcentratedTomatoPaste,Double concentré de tomates,double-concentre-de-tomates_69000_w100h100c1cxt0cyt0cxb700cyb700.jpg,vegetables,Double concentrated tomato paste,pasta de tomate doblemente concentrada,piece,piece|g|kg,
dragee,Dragée,,snacks,Dragee,Gragea,g,g|piece,
dragibusCandies,Dragibus (bonbons),,snacks,Dragibus (candies),Dragibus (caramelos),g,g|piece,
dragibus,Dragibus®,,snacks,Dragibus®,Dragibus®,g,g|piece,
water,Eau,eau_67528_w100h100c1cx350cy350.jpg,beverages,Water,Agua,ml,ml|l|piece,
water2,Eau,eau_88958_w100h100c1cx150cy150cxt0cyt0cxb300cyb300.jpg,beverages,Water,Agua,ml,ml|l|piece,
coconutWater,Eau de coco,,beverages,Coconut water,agua de coco,ml,ml|l|piece,
orangeBlossomWater,Eau de fleur d'oranger,eau-de-fleur-d-oranger_69026_w100h100c1cxt0cyt0cxb700cyb700.jpg,beverages,Orange blossom water,agua de azahar,ml,ml|l|piece,
roseWater,Eau de rose,eau-de-rose_111666_w100h100c1cx1590cy2386cxt0cyt0cxb3181cyb4772.jpg,spices,Rose water,agua de rosas,ml,ml|l|piece,
pearBrandy,Eau de vie de poire,,beverages,Pear brandy,brandy de pera,ml,ml|l|piece,
sparklingWater,Eau gazeuse,eau-gazeuse_67417_w100h100c1cx350cy350.jpg,beverages,sparkling water,agua con gas,ml,ml|l|piece,
shallot,échalote,echalote_67402_w100h100c1cx3008cy2000.jpg,vegetables,shallot,chalote,piece,piece|g|kg,
porkLoin,échine de porc,echine-de-porc_69027_w100h100c1cxt0cyt0cxb700cyb700.jpg,meat,pork loin,lomo de cerdo,g,g|kg|piece,
almondSlivers,éclats d’amandes,,snacks,almond slivers,almendras laminadas,g,g|piece,
hazelnutPieces,éclats de noisettes,eclats-de-noisettes_115233_w100h100c1cx261cy261cxt0cyt0cxb522cyb522.png,snacks,hazelnut pieces,trozos de avellana,g,g|piece,
orangePeel,écorce d'orange,ecorce-d-orange_69028_w100h100c1cxt0cyt0cxb700cyb700.jpg,fruits,orange peel,cáscara de naranja,piece,piece|g|kg,
lemonPeel,écorce de citron,,fruits,lemon peel,cáscara de limón,piece,piece|g|kg,
candiedOrangePeels,écorces d'oranges confites,ecorces-d-oranges-confites_69029_w100h100c1cxt0cyt0cxb700cyb700.jpg,fruits,candied orange peels,cáscaras de naranja confitadas,piece,piece|g|kg,
crayfish,écrevisse,ecrevisse_69031_w100h100c1cxt0cyt0cxb700cyb700.jpg,seafood,crayfish,cangrejo de río,g,g|kg|piece,
edam,Edam,edam_69243_w100h100c1cxt0cyt0cxb700cyb700.jpg,dairy,Edam,queso Edam,g,g|kg|piece,
edamame,Edamame,,dairy,Edamame,Edamame,g,g|kg|piece,
sweetener,édulcorant,edulcorant_67487_w100h100c1cx350cy350.jpg,condiments,sweetener,edulcorante,g,g|kg|ml|l|piece,
eglantine,églantine,eglantine_117546_w100h100c1cx295cy295cxt0cyt0cxb591cyb591.jpg,fruits,eglantine,eglantina,piece,piece|g|kg,
haddock,églefin,,fish,haddock,eglefino,g,g|kg|piece,
smokedElbot,Elbot fumé,,fish,Smoked Elbot,Elbot ahumado,g,g|kg|piece,
mincedPork,émincé de porc,,meat,minced pork,carne de cerdo picada,g,g|kg|piece,
emmental,Emmental,emmental_67601_w100h100c1cx350cy350.jpg,dairy,Emmental,Emmental,g,g|kg|piece,
gratedEmmentalCheese,Emmental râpé,emmental-rape_152215_w100h100c1cx1484cy1346cxt0cyt0cxb2969cyb2693.jpg,dairy,Grated Emmental cheese,queso Emmental rallado,g,g|kg|piece,
emperor,Empereur,empereur_117539_w100h100c1cx295cy295cxt0cyt0cxb591cyb591.jpg,fish,Emperor,Emperador,g,g|kg|piece,
squid2,Encornet,encornet_69009_w100h100c1cxt0cyt0cxb700cyb700.jpg,seafood,Squid,Calamar,g,g|kg|piece,
endive,Endive,endive_67408_w100h100c1cx350cy350.jpg,vegetables,Endive,Endibia,piece,piece|g|kg,
carmineEndive,Endive Carmine®,endive-carmine_128564_w100h100c1cx411cy411cxt0cyt0cxb822cyb822.png,vegetables,Carmine Endive®,Endivia Carmín®,piece,piece|g|kg,
redEndive,Endive rouge,endive-rouge_128411_w100h100c1cx411cy411cxt0cyt0cxb822cyb822.png,vegetables,Red endive,endivia roja,piece,piece|g|kg,
energyDrinkRedBullPitbullDuff,"Energy drink (red bull, pitbull, duff)",,beverages,"Energy drink (red bull, pitbull, duff)","Bebida energética (Red Bull, Pitbull, Duff)",ml,ml|l|cl|piece,
entrecote,Entrecôte,entrecote_69033_w100h100c1cxt0cyt0cxb700cyb700.jpg,meat,Entrecote,Entrecot,g,g|kg|piece,
shoulder,épaule,epaule_118188_w100h100c1cx647cy649cxt0cyt0cxb1294cyb1298.png,meat,shoulder,hombro,g,g|kg|piece,
lambShoulder,épaule d'agneau,epaule-d-agneau_69252_w100h100c1cxt0cyt0cxb4752cyb3168.jpg,meat,lamb shoulder,paletilla de cordero,g,g|kg|piece,
shoulderOfDeer,épaule de biche,epaule-de-biche_118190_w100h100c1cx573cy573cxt0cyt0cxb1146cyb1146.png,meat,shoulder of deer,hombro de ciervo,g,g|kg|piece,
wildBoarShoulder,épaule de sanglier,epaule-de-sanglier_118189_w100h100c1cxt0cyt0cxb1146cyb1146.png,meat,wild boar shoulder,hombro de jabalí,g,g|kg|piece,
vealShoulder,épaule de veau,epaule-de-veau_118191_w100h100c1cx647cy649cxt0cyt0cxb1294cyb1298.png,meat,veal shoulder,Paletilla de ternera,g,g|kg|piece,
spelt,épeautre,epeautre_75868_w100h100c1cx2500cy1666cxt0cyt0cxb5000cyb3333.jpg,grains,spelt,espelta,g,g|kg|piece,
smelt,éperlan,,fish,smelt,eperlano,g,g|kg|piece,
rabelaisSpice,épice Rabelais,,spices,Rabelais spice,Especias Rabelais,g,g|piece,
spices,épices,epices_118620_w100h100c1cx866cy866cxt0cyt0cxb1732cyb1732.jpg,spices,spices,especias,g,g|piece,
colomboSpices,épices à colombo,epices-a-colombo_68995_w100h100c1cxt0cyt0cxb700cyb700.jpg,spices,Colombo spices,Especias de Colombo,g,g|piece,
couscousSpices,épices à couscous,epices-a-couscous_117379_w100h100c1cx866cy866cxt0cyt0cxb1732cyb1732.jpg,spices,couscous spices,especias para cuscús,g,g|piece,
paellaSpices,épices à paella,epices-a-paella_118194_w100h100c1cx425cy425cxt0cyt0cxb850cyb850.png,meal,paella spices,especias para paella,piece,piece|g,
gingerbreadSpices,épices à pain d'épices,epices-a-pain-d-epices_118167_w100h100c1cx2041cy1506cxt0cyt0cxb4083cyb3012.jpg,spices,gingerbread spices,especias de pan de jengibre,g,g|piece,
mulledWineSpices,épices à vin chaud,,spices,mulled wine spices,especias para vino caliente,g,g|piece,
poultrySpices,épices à volaille,epices-a-volaille_118278_w100h100c1cx1060cy707cxt0cyt0cxb2121cyb1414.jpg,spices,poultry spices,especias para aves,g,g|piece,
cajunSpices,épices cajun,,spices,Cajun spices,Especias cajún,g,g|piece,
spanishSpices,épices espagnoles,epices-espagnoles_118279_w100h100c1cx300cy291cxt0cyt0cxb601cyb582.jpg,spices,Spanish spices,especias españolas,g,g|piece,
spicesAndHerbs,Épices et arômates,epices-et-aromates_69034_w100h100c1cxt0cyt0cxb700cyb700.jpg,spices,Spices and herbs,Especias y hierbas,g,g|piece,
indianSpices,épices indiennes,epices-indiennes_118280_w100h100c1cx295cy295cxt0cyt0cxb591cyb591.jpg,spices,Indian spices,Especias indias,g,g|piece,
moroccanSpices,épices marocaines,epices-marocaines_118282_w100h100c1cx1555cy1172cxt0cyt0cxb3110cyb2345.jpg,spices,Moroccan spices,Especias marroquíes,g,g|piece,
pizzaSpices,épices pour pizza,epices-pour-pizza_118283_w100h100c1cx1060cy707cxt0cyt0cxb2121cyb1414.jpg,meal,pizza spices,especias para pizza,piece,piece|g,
spicesForFish,épices pour poisson,epices-pour-poisson_118284_w100h100c1cx1060cy707cxt0cyt0cxb2121cyb1414.jpg,spices,spices for fish,especias para pescado,g,g|piece,
spicesForTagine,épices pour tajine,epices-pour-tajine_118285_w100h100c1cx241cy241cxt0cyt0cxb482cyb482.jpeg,meal,spices for tagine,especias para tajín,piece,piece|g,
tandooriSpices,épices tandoori,epices-tandoori_117400_w100h100c1cx866cy866cxt0cyt0cxb1732cyb1732.jpg,spices,tandoori spices,especias tandoori,g,g|piece,
lambEpigram,épigramme d’agneau,,meat,Lamb epigram,Epigrama de Lamb,g,g|kg|piece,
spinach,épinards,epinards_67594_w100h100c1cx350cy350.jpg,vegetables,spinach,espinaca,piece,piece|g,
freshSpinach,épinards frais,epinards-frais_67648_w100h100c1cx350cy350.jpg,vegetables,fresh spinach,espinacas frescas,piece,piece|g,
barberry,épine vinette,,fruits,barberry,bérbero,piece,piece|g|kg,
whiteFirNeedles,épines de sapin blanc,epines-de-sapin-blanc_129288_w100h100c1cx1060cy707cxt0cyt0cxb2121cyb1414.jpg,vegetables,white fir needles,agujas de abeto blanco,piece,piece|g|kg,
cornCobs,Épis de maïs,epis-de-mais_152750_w100h100c1cxt0cyt0cxb8856cyb6057.jpg,vegetables,Corn cobs,mazorcas de maíz,piece,piece|g|kg,
peelings,épluchures,,vegetables,peelings,peladuras,piece,piece|g|kg,
vegetablePeelings,Épluchures de légumes,,vegetables,Vegetable peelings,cáscaras de vegetales,piece,piece|g|kg,
poisses,époisses,epoisses_75869_w100h100c1cx2880cy1920cxt0cyt0cxb5760cyb3840.jpg,dairy,Époisses,Époisses,g,g|kg|piece,
maple,érable,,grains,maple,arce,g,g|kg|piece,
escalope,Escalope,escalope_117129_w100h100c1cx350cy350cxt0cyt0cxb700cyb700.jpg,meat,Escalope,Escalope,piece,piece|g|kg,
turkeyEscalope,Escalope de dinde,escalope-de-dinde_67495_w100h100c1cx350cy350.jpg,meat,Turkey escalope,escalope de pavo,piece,piece|g|kg,
porkEscalope,Escalope de porc,escalope-de-porc_85796_w100h100c1cx150cy150cxt0cyt0cxb300cyb300.jpg,meat,Pork escalope,escalope de cerdo,piece,piece|g|kg,
chickenEscalope,Escalope de poulet,escalope-de-poulet_77989_w100h100c1cx2550cy2550cxt0cyt0cxb5100cyb5100.jpg,meat,Chicken escalope,escalope de pollo,piece,piece|g|kg,
vealEscalope,Escalope de veau,escalope-de-veau_122861_w100h100c1cx411cy411cxt0cyt0cxb822cyb822.png,meat,Veal escalope,escalope de ternera,piece,piece|g|kg,
snail,Escargot,escargot_67655_w100h100c1cx350cy350.jpg,meat,Snail,Caracol,g,g|kg|piece,
swordfish,Espadon,,fish,Swordfish,Pez espada,g,g|kg|piece,
bitterAlmondEssence,Essence d'amande amère,essence-d-amande-amere_68947_w100h100c1cxt0cyt0cxb700cyb700.jpg,preparation,Bitter almond essence,esencia de almendra amarga,g,g|ml|piece,
stomach,Estomac,,meat,Stomach,Estómago,g,g|kg|piece,
tarragon,Estragon,estragon_67546_w100h100c1cx350cy350.jpg,spices,Tarragon,Estragón,piece,piece|g,brin
sturgeon,Esturgeon,,fish,Sturgeon,Esturión,g,g|kg|piece,
etorki,Etorki,,dairy,Etorki,Etorki,g,g|kg|piece,
currycomb,étrille,,seafood,currycomb,almohaza,g,g|kg|piece,
espresso,Expresso,expresso_117466_w100h100c1cx866cy866cxt0cyt0cxb1732cyb1732.jpg,beverages,Espresso,Café exprés,ml,ml|l|piece,
almondExtract,Extrait d'amande,extrait-d-amande_68950_w100h100c1cxt0cyt0cxb700cyb700.jpg,preparation,Almond extract,extracto de almendra,g,g|ml|piece,
bitterAlmondExtract,Extrait d'amande amère,extrait-d-amande-amere_68946_w100h100c1cxt0cyt0cxb700cyb700.jpg,preparation,Bitter almond extract,extracto de almendra amarga,g,g|ml|piece,
coffeeExtract,Extrait de café,,preparation,Coffee extract,extracto de café,g,g|ml|piece,
coconutExtract,Extrait de coco,,preparation,Coconut extract,extracto de coco,g,g|ml|piece,
whiteFirExtract,Extrait de sapin blanc,extrait-de-sapin-blanc_129290_w100h100c1cx707cy1060cxt0cyt0cxb1414cyb2121.jpg,preparation,White fir extract,extracto de abeto blanco,g,g|ml|piece,
vanillaExtract,Extrait de vanille,extrait-de-vanille_68936_w100h100c1cxt0cyt0cxb700cyb700.jpg,preparation,Vanilla extract,extracto de vainilla,g,g|ml|piece,
liquidVanillaExtract,Extrait de vanille liquide,extrait-de-vanille-liquide_68935_w100h100c1cxt0cyt0cxb700cyb700.jpg,preparation,Liquid vanilla extract,extracto líquido de vainilla,g,g|ml|piece,
pheasant,Faisan,faisan_117132_w100h100c1cx866cy866cxt120cyt110cxb1609cyb1611.jpeg,meat,Pheasant,Faisán,g,g|kg|piece,
faisselle,Faisselle,faisselle_69036_w100h100c1cxt0cyt0cxb700cyb700.jpg,dairy,Faisselle,Faiselle,g,g|piece,
fajitas,Fajitas,fajitas_77341_w100h100c1cx2815cy1879cxt0cyt0cxb5630cyb3758.jpg,meal,Fajitas,Fajitas,piece,piece|g,
carrotTops,Fanes de carotte,fanes-de-carotte_115210_w100h100c1cx526cy526cxt0cyt0cxb1052cyb1052.jpg,vegetables,Carrot tops,hojas de zanahoria,piece,piece|g|kg,
fanta,Fanta,,beverages,Fanta,Fanta,ml,ml|l|cl|piece,
farce,Farce,farce_76332_w100h100c1cx2592cy1728cxt0cyt0cxb5184cyb3456.jpg,meat,Farce,Farsa,g,g|kg|piece,
farfalle,Farfalle,farfalle_69037_w100h100c1cxt0cyt0cxb700cyb700.jpg,grains,Farfalle,Farfalle,g,g|kg|piece,
flour,Farine,farine_67682_w100h100c1cx350cy350.jpg,grains,Flour,Harina,g,g|kg|piece,
cakeFlour,Farine à gâteaux,,grains,Cake flour,Harina para pasteles,g,g|kg|piece,
pizzaFlour,Farine à pizza,,meal,Pizza flour,Harina para pizza,g,g|kg|piece,
wholemealFlour,Farine complète,farine-complete_89791_w100h100c1cx1650cy1816cxt0cyt0cxb3300cyb3633.jpg,grains,Wholemeal flour,harina integral,g,g|kg|piece,
oatmeal,Farine d'avoine,farine-d-avoine_118168_w100h100c1cx272cy320cxt0cyt0cxb544cyb641.jpg,grains,Oatmeal,Avena,g,g|kg|piece,
speltFlour,Farine d'épeautre,,grains,Spelt flour,Harina de espelta,g,g|kg|piece,
barleyFlour,Farine d'orge,,grains,Barley flour,harina de cebada,g,g|kg|piece,
wheatFlour,Farine de blé,farine-de-ble_69041_w100h100c1cxt0cyt0cxb300cyb300.jpg,grains,Wheat flour,harina de trigo,g,g|kg|piece,
buckwheatFlour,Farine de blé noir,farine-de-ble-noir_69038_w100h100c1cxt0cyt0cxb700cyb700.jpg,grains,Buckwheat flour,harina de trigo sarraceno,g,g|kg|piece,
chestnutFlour,Farine de châtaigne,farine-de-chataigne_76333_w100h100c1cx2880cy1920cxt0cyt0cxb5760cyb3840.jpg,grains,Chestnut flour,harina de castañas,g,g|kg|piece,
coconutFlour,Farine de coco,,grains,Coconut flour,harina de coco,g,g|kg|piece,
oatmealFlour,Farine de gruau,,grains,Oatmeal flour,harina de avena,g,g|kg|piece,
lentilFlour,Farine de lentilles,,grains,Lentil flour,harina de lentejas,g,g|kg|piece,
lupinFlour,Farine de lupin,farine-de-lupin_162820_w100h100c1cxt0cyt0cxb500cyb500.jpg,grains,Lupin flour,harina de lupino,g,g|kg|piece,
cornFlour,Farine de maïs,farine-de-mais_69039_w100h100c1cxt0cyt0cxb700cyb700.jpg,grains,Corn flour,harina de maíz,g,g|kg|piece,
cassavaFlour,Farine de manioc,farine-de-manioc_118196_w100h100c1cx362cy241cxt0cyt0cxb724cyb483.jpg,grains,Cassava flour,harina de yuca,g,g|kg|piece,
sweetPotatoFlour,Farine de patate douce,farine-de-patate-douce_117211_w100h100c1cx362cy241cxt0cyt0cxb724cyb483.jpg,grains,Sweet potato flour,harina de batata,g,g|kg|piece,
speltFlour2,Farine de petit épeautre,,grains,Spelt flour,Harina de espelta,g,g|kg|piece,
chickpeaFlour,Farine de pois chiches,farine-de-pois-chiches_81891_w100h100c1cx2350cy2350cxt0cyt0cxb4700cyb4700.jpg,grains,Chickpea flour,harina de garbanzos,g,g|kg|piece,
riceFlour,Farine de riz,farine-de-riz_81896_w100h100c1cx3400cy3400cxt0cyt0cxb6800cyb6800.jpg,grains,Rice flour,Harina de arroz,g,g|kg|piece,
buckwheatFlour2,Farine de sarrasin,farine-de-sarrasin_69040_w100h100c1cxt0cyt0cxb700cyb700.jpg,grains,Buckwheat flour,harina de trigo sarraceno,g,g|kg|piece,
ryeFlour,Farine de seigle,,grains,Rye flour,Harina de centeno,g,g|kg|piece,
wholemealRyeFlour,Farine de seigle complète,,grains,Wholemeal rye flour,harina de centeno integral,g,g|kg|piece,
soyFlour,Farine de soja,,grains,Soy flour,harina de soja,g,g|kg|piece,
sorghumFlour,Farine de sorgho,,grains,Sorghum flour,Harina de sorgo,g,g|kg|piece,
tapiocaFlour,Farine de tapioca,,grains,Tapioca flour,Harina de tapioca,g,g|kg|piece,
selfRaisingFlour,Farine fermentante,farine-fermentante_69042_w100h100c1cxt0cyt0cxb300cyb300.jpg,grains,Self-raising flour,harina leudante,g,g|kg|piece,
wholemealFlour2,Farine intégrale,,grains,Wholemeal flour,harina integral,g,g|kg|piece,
glutenFreeFlour,Farine sans gluten,,grains,Gluten-free flour,Harina sin gluten,g,g|kg|piece,
semiWholemealFlour,Farine semi complète,,grains,Semi-wholemeal flour,Harina semiintegral,g,g|kg|piece,
sirloinSteak2,Faux-filet,faux-filet_93155_w100h100c1cx2250cy2250cxt0cyt0cxb4500cyb4500.png,meat,Sirloin steak,Solomillo,g,g|kg|piece,
starch2,Fécule,fecule_76335_w100h100c1cx2122cy1414cxt0cyt0cxb4245cyb2829.jpg,preparation,Starch,Almidón,g,g|ml|piece,
cornstarch,Fécule de maïs,fecule-de-mais_67665_w100h100c1cx350cy350.jpg,preparation,cornstarch,maicena,g,g|ml|piece,
potatoStarch,Fécule de pomme de terre,fecule-de-pomme-de-terre_67389_w100h100c1cx350cy350.jpg,preparation,Potato starch,almidón de patata,g,g|ml|piece,
fennel,Fenouil,fenouil_67476_w100h100c1cx350cy350.jpg,vegetables,Fennel,Hinojo,piece,piece|g|kg,
fennelSeeds,Fenouil en grains,fenouil-en-grains_69060_w100h100c1cxt0cyt0cxb700cyb700.jpg,spices,Fennel seeds,Semillas de hinojo,piece,piece|g|kg,
wildFennel,Fenouil sauvage,,vegetables,Wild Fennel,Hinojo silvestre,piece,piece|g|kg,
fenugreek,Fenugreek,fenugreek_76334_w100h100c1cx3680cy2456cxt0cyt0cxb7360cyb4912.jpg,spices,Fenugreek,Fenogreco,g,g|piece,
fera,Féra,,fish,Fera,Fera,g,g|kg|piece,
lacticAcid2,Ferment lactique,,preparation,Lactic acid,Ácido láctico,g,g|ml|piece,
feta,Feta,feta_67752_w100h100c1cx350cy350.jpg,dairy,Feta,Feta,g,g|kg|piece,
marinatedFeta,Feta marinée,,dairy,Marinated feta,feta marinada,g,g|kg|piece,
fettuccine,Fettucine,fettucine_118631_w100h100c1cx363cy441cxt0cyt0cxb726cyb883.png,grains,Fettuccine,Fettuccine,g,g|kg|piece,
bananaLeaf,Feuille de bananier,feuille-de-bananier_118461_w100h100c1cx423cy423cxt0cyt0cxb846cyb846.png,vegetables,Banana leaf,Hoja de plátano,piece,piece|g,feuille
wheatLeaf,Feuille de blé,,vegetables,Wheat leaf,Hoja de trigo,piece,piece|g,feuille
brickPastrySheet,Feuille de brick,feuille-de-brick_76281_w100h100c1cx2808cy1872cxt0cyt0cxb5616cyb3744.jpg,preparation,Brick pastry sheet,lámina de hojaldre tipo ladrillo,piece,piece|g,feuille
curryLeaf,Feuille de cari,,vegetables,Curry leaf,Hoja de curry,piece,piece|g,feuille
cherryLeaf,Feuille de cerisier,,fruits,Cherry leaf,Hoja de cerezo,piece,piece|g,feuille
lemonLeaf,Feuille de citronnier,feuille-de-citronnier_117496_w100h100c1cx295cy295cxt0cyt0cxb591cyb591.jpg,spices,Lemon leaf,Hoja de limón,piece,piece|g,feuille
kaffirLimeLeaf,Feuille de combava,feuille-de-combava_68999_w100h100c1cxt0cyt0cxb700cyb700.jpg,spices,Kaffir lime leaf,hoja de lima kaffir,piece,piece|g,feuille
curryLeaf2,Feuille de curry,,spices,Curry leaf,Hoja de curry,piece,piece|g,feuille
figLeaf,Feuille de figuier,feuille-de-figuier_117455_w100h100c1cxt0cyt0cxb1732cyb1732.jpg,fruits,Fig leaf,Hoja de higuera,piece,piece|g,feuille
gelatinSheet,Feuille de gélatine,,preparation,Gelatin sheet,Lámina de gelatina,piece,piece|g,feuille
guimLeaf,Feuille de guigne,,fruits,Guim leaf,Hoja de Guim,piece,piece|g,feuille
jasmineLeaf,Feuille de jasmin,feuille-de-jasmin_117354_w100h100c1cxt0cyt0cxb2592cyb2592.jpg,vegetables,Jasmine leaf,hoja de jazmín,piece,piece|g,feuille
kaffirLimeLeaf2,Feuille de Kaffir,,spices,Kaffir lime leaf,hoja de lima kaffir,piece,piece|g,feuille
bayLeaf,Feuille de laurier,feuille-de-laurier_68932_w100h100c1cxt0cyt0cxb700cyb700.jpg,spices,Bay leaf,hoja de laurel,piece,piece|g,feuille
cassavaLeaf,Feuille de manioc,,vegetables,cassava leaf,hoja de yuca,piece,piece|g,feuille
mintLeaf,Feuille de menthe,feuille-de-menthe_120056_w100h100c1cx866cy866cxt0cyt0cxb1732cyb1732.jpg,vegetables,Mint leaf,hoja de menta,piece,piece|g,feuille
noriSheet,Feuille de nori,feuille-de-nori_74694_w100h100c1cx3000cy2000cxt0cyt0cxb6000cyb4000.jpg,vegetables,Nori sheet,Hoja de nori,piece,piece|g,feuille
ricePaper,Feuille de riz,feuille-de-riz_79693_w100h100c1cx2768cy1954cxt0cyt0cxb5536cyb3908.jpg,grains,Rice paper,papel de arroz,piece,piece|g,feuille
salamLeaf,Feuille de salam,,vegetables,Salam leaf,Hoja de salam,piece,piece|g,feuille
shisoLeaf,Feuille de shiso,,vegetables,Shiso leaf,hoja de shiso,piece,piece|g,feuille
titoSSheet,Feuille de Tito,,vegetables,Tito's Sheet,Hoja de Tito,piece,piece|g,feuille
vineLeaf,Feuille de vigne,feuille-de-vigne_117526_w100h100c1cx295cy295cxt0cyt0cxb591cyb591.jpg,vegetables,Vine leaf,Hoja de vid,piece,piece|g,feuille
wontonSheet,Feuille de won-ton,feuille-de-won-ton_81466_w100h100c1cx1700cy1700cxt0cyt0cxb3400cyb3400.png,grains,Wonton sheet,Hoja de wonton,piece,piece|g,feuille
blackcurrantLeaves,Feuilles de cassis,feuilles-de-cassis_81850_w100h100c1cx1932cy1288cxt0cyt0cxb3865cyb2576.jpg,spices,Blackcurrant leaves,Hojas de grosella negra,piece,piece|g,feuille
lemongrassLeaves,Feuilles de citronnelle,feuilles-de-citronnelle_117418_w100h100c1cx1424cy1424cxt0cyt0cxb2848cyb2848.jpg,vegetables,Lemongrass leaves,hojas de limoncillo,piece,piece|g,feuille
comfreyLeaves,Feuilles de consoude,,vegetables,Comfrey leaves,Hojas de consuelda,piece,piece|g,feuille
corianderLeaves,Feuilles de coriandre,feuilles-de-coriandre_69006_w100h100c1cxt0cyt0cxb700cyb700.jpg,vegetables,Coriander leaves,Hojas de cilantro,piece,piece|g,feuille
guascoLeaves,Feuilles de guascas,,vegetables,Guasco leaves,Hojas de Guasco,piece,piece|g,feuille
marjoramLeaves,Feuilles de marjolaine,feuilles-de-marjolaine_76404_w100h100c1cx2128cy1416cxt0cyt0cxb4256cyb2832.jpg,vegetables,Marjoram leaves,Hojas de mejorana,piece,piece|g,feuille
lemonBalmLeaves,Feuilles de mélisse,,vegetables,Lemon balm leaves,Hojas de melisa,piece,piece|g,feuille
walnutLeaves,Feuilles de noyer,feuilles-de-noyer_117551_w100h100c1cx295cy295cxt0cyt0cxb591cyb591.jpg,fruits,Walnut leaves,Hojas de nogal,piece,piece|g,feuille
peachLeaves,Feuilles de pêcher,,fruits,Peach leaves,Hojas de durazno,piece,piece|g,feuille
leaflet,Feuillet,,meal,leaflet,prospecto,piece,piece|g,
laminated,Feuilleté,,grains,Laminated,Laminado,g,g|kg|piece,
ravioliWrappers,Feuillets à raviolis,feuillets-a-raviolis_117330_w100h100c1cx956cy783cxt0cyt0cxb1913cyb1567.jpg,meal,Ravioli wrappers,Envolturas para raviolis,piece,piece|g,
tonkaBean,Fève de tonka,feve-de-tonka_115261_w100h100c1cx1728cy1728cxt0cyt0cxb3456cyb3456.jpg,fruits,tonka bean,haba tonka,g,g|kg|piece,
beans,Fèves,feves_67507_w100h100c1cx350cy350.jpg,grains,Beans,Frijoles,g,g|kg|piece,
bean,Févette,fevette_69199_w100h100c1cxt0cyt0cxb700cyb700.jpg,grains,Bean,Frijol,g,g|kg|piece,
string,Ficelle,,grains,String,Cadena,g,g|kg|piece,
figatelli,Figatelli,,meat,Figatelli,Figatelli,g,g|kg|piece,
figolus,Figolus,,snacks,Figolus,Fígolo,g,g|piece,
fig,Figue,figue_67641_w100h100c1cx350cy350.jpg,fruits,Fig,Higo,piece,piece|g|kg,
pricklyPear,Figue de barbarie,figue-de-barbarie_76365_w100h100c1cx2500cy2500cxt0cyt0cxb5000cyb5000.jpg,fruits,Prickly pear,Higo chumbo,piece,piece|g|kg,
lambFillet,Filet d'agneau,,meat,Lamb fillet,filete de cordero,g,g|kg|piece,
beefFillet,Filet de boeuf,filet-de-boeuf_118637_w100h100c1cx361cy362cxt0cyt0cxb722cyb724.png,fish,Beef fillet,Filete de res,piece,piece|g,
fishFillet,Filet de poisson,,fish,Fish fillet,filete de pescado,piece,piece|g,
porkTenderloin,Filet de porc,filet-de-porc_85797_w100h100c1cx2551cy2551cxt0cyt0cxb5102cyb5102.jpg,meat,Pork tenderloin,lomo de cerdo,g,g|kg|piece,
chickenFillet,Filet de poulet,filet-de-poulet_67699_w100h100c1cx350cy350.jpg,meat,Chicken fillet,filete de pollo,g,g|kg|piece,
turbotFillet,Filet de turbot,,fish,Turbot fillet,Filete de rodaballo,piece,piece|g,
vealFillet,Filet de veau,,meat,Veal fillet,Filete de ternera,g,g|kg|piece,
filetMignon,Filet mignon,filet-mignon_67706_w100h100c1cx350cy350.jpg,meat,Filet mignon,Filete mignon,piece,piece|g|kg,
filletedAndScaledRedMulletFillets,Filets de rougets barbet désarêtés et écaillés,filets-de-rougets-barbet-desaretes-et-ecailles_121077_w100h100c1cx229cy229cxt0cyt0cxb458cyb458.jpg,fish,Filleted and scaled red mullet fillets,Filetes de salmonete rojo fileteados y descamados,piece,piece|g,
filo,Filo,filo_76359_w100h100c1cx1504cy1000cxt0cyt0cxb3008cyb2000.jpg,grains,Filo,Filo,g,g|kg|piece,
fineHerbs,Fines herbes,fines-herbes_67590_w100h100c1cx350cy350.jpg,spices,Fine herbs,Hierbas finas,g,g|piece,
fixWhippedCream,Fixe chantilly,,preparation,Fix whipped cream,Arreglar la crema batida,g,g|ml|piece,
flageolet,Flageolet,flageolet_76363_w100h100c1cx2507cy1804cxt0cyt0cxb5014cyb3608.jpg,grains,Flageolet,Octavín,g,g|kg|piece,
flank,Flanchet,,meat,Flank,Flanco,g,g|kg|piece,
halibut,Flétan,,meat,Halibut,Hipogloso,g,g|kg|piece,
acaciaFlower,Fleur d'acacia,fleur-d-acacia_117489_w100h100c1cx866cy866cxt0cyt0cxb1732cyb1732.jpg,vegetables,Acacia flower,Flor de acacia,piece,piece|g|kg,
hibiscusFlower,Fleur d'hibiscus,fleur-d-hibiscus_117462_w100h100c1cx866cy866cxt0cyt0cxb1732cyb1732.jpg,vegetables,Hibiscus flower,Flor de hibisco,piece,piece|g|kg,
orangeBlossom,Fleur d'oranger,fleur-d-oranger_69044_w100h100c1cxt0cyt0cxb700cyb700.jpg,vegetables,Orange blossom,Azahar,piece,piece|g|kg,
chamomileFlower,Fleur de camomille,fleur-de-camomille_117497_w100h100c1cx271cy272cxt0cyt0cxb542cyb544.png,vegetables,Chamomile flower,flor de manzanilla,piece,piece|g|kg,
courgetteFlower,Fleur de courgette,fleur-de-courgette_119667_w100h100c1cx652cy652cxt0cyt0cxb1304cyb1304.png,vegetables,Courgette flower,Flor de calabacín,piece,piece|g|kg,
jasmineFlower,Fleur de jasmin,fleur-de-jasmin_117481_w100h100c1cx295cy295cxt0cyt0cxb591cyb591.jpg,vegetables,Jasmine flower,Flor de jazmín,piece,piece|g|kg,
cornFlower,Fleur de maïs,,vegetables,Corn flower,flor de maíz,piece,piece|g|kg,
fleurDeSel,Fleur de sel,fleur-de-sel_69045_w100h100c1cxt0cyt0cxb700cyb700.jpg,spices,Fleur de sel,Flor de sal,g,g|piece,
elderflower,Fleur de sureau,,vegetables,Elderflower,flor de saúco,piece,piece|g|kg,
puffPastryJewel,Fleuron feuilleté,,meal,Puff pastry jewel,Joya de hojaldre,piece,piece|g,
flowers,Fleurs,,vegetables,Flowers,Flores,piece,piece|g|kg,
borageFlowers,Fleurs de bourache,fleurs-de-bourache_129117_w100h100c1cx707cy1060cxt0cyt0cxb1414cyb2121.jpg,vegetables,Borage flowers,Flores de borraja,piece,piece|g|kg,
nasturtiumFlowers,Fleurs de Capucines,,vegetables,Nasturtium Flowers,Flores de capuchina,piece,piece|g|kg,
chiveFlowers,Fleurs de ciboulette,,vegetables,Chive flowers,Flores de cebollino,piece,piece|g|kg,
lavenderFlowers,Fleurs de lavande officinale,,vegetables,Lavender flowers,Flores de lavanda,piece,piece|g|kg,
lilacFlowers,Fleurs de lilas,fleurs-de-lilas_117596_w100h100c1cxt0cyt0cxb591cyb591.jpg,vegetables,Lilac flowers,Flores de lila,piece,piece|g|kg,
chiliFlake,Flocon de piment,,spices,Chili flake,hojuelas de chile,g,g|kg|piece,
mashedPotatoFlakes,Flocon de purée,flocon-de-puree_81456_w100h100c1cx2150cy2150cxt0cyt0cxb4300cyb4300.png,grains,Mashed potato flakes,copos de puré de patatas,g,g|kg|piece,
oatFlakes,Flocons d'avoine,flocons-d-avoine_69046_w100h100c1cxt0cyt0cxb700cyb700.jpg,grains,Oat flakes,copos de avena,g,g|kg|piece,
bonitoFlakes,Flocons de bonite,flocons-de-bonite_74691_w100h100c1cx3652cy2383cxt0cyt0cxb7304cyb4767.jpg,fish,Bonito flakes,Copos de bonito,g,g|kg|piece,
floraline,Floraline,,preparation,Floraline,Floralina,g,g|ml|piece,
florentine,Florentin,,snacks,Florentine,florentino,g,g|piece,
fluff,Fluff,,condiments,Fluff,Pelusa,g,g|kg|ml|l|piece,
flute,Flûte,,grains,Flute,Flauta,g,g|kg|piece,
liver,Foie,foie_67649_w100h100c1cx350cy350.jpg,meat,Liver,Hígado,g,g|kg|piece,
porkLiver,Foie de porc,,meat,Pork liver,hígado de cerdo,g,g|kg|piece,
calfSLiver,Foie de veau,,meat,Calf's liver,hígado de ternera,g,g|kg|piece,
chickenLiver,Foie de volaille,foie-de-volaille_121894_w100h100c1cxt0cyt0cxb822cyb822.png,meat,Chicken liver,Hígado de pollo,g,g|kg|piece,
foieGras,Foie gras,foie-gras_67410_w100h100c1cx350cy350.jpg,meat,Foie gras,Foie gras,g,g|kg|piece,
bottom,Fond,,meat,Bottom,Abajo,ml,ml|l|piece,
whiteCookingBase,Fond blanc de cuisson,,meat,White cooking base,base de cocina blanca,g,g|kg|piece,
artichokeBottom,Fond d'artichaut,fond-d-artichaut_68957_w100h100c1cxt0cyt0cxb700cyb700.jpg,vegetables,artichoke bottom,fondo de alcachofa,ml,ml|l|piece,
roastStock,Fond de rôti,,meat,Roast stock,Caldo de asar,ml,ml|l|piece,
vealStock,Fond de veau,fond-de-veau_67741_w100h100c1cx350cy350.jpg,meat,Veal stock,caldo de ternera,ml,ml|l|piece,
chickenStock,Fond de volaille,fond-de-volaille_67599_w100h100c1cx350cy350.jpg,meat,Chicken stock,caldo de pollo,ml,ml|l|piece,
fondant,Fondant,,preparation,Fondant,Fondant,g,g|ml|piece,
tomatoFondue,Fondue de tomate,,vegetables,Tomato fondue,fondue de tomate,piece,piece|g|kg,
fonio,Fonio,,grains,Fonio,Fonio,g,g|kg|piece,
whippedSheepSMilkCheeseLePetitBasque,Fouetté de brebis Le Petit basque®,fouette-de-brebis-le-petit-basque_154062_w100h100c1cxt0cyt0cxb166cyb166.jpg,dairy,Whipped sheep's milk cheese Le Petit Basque®,Queso batido de leche de oveja Le Petit Basque®,g,g|kg|piece,
fourmeDAmbert,Fourme d'ambert,fourme-d-ambert_69047_w100h100c1cxt0cyt0cxb700cyb700.jpg,dairy,Fourme d'ambert,Fourme d'ambert,g,g|kg|piece,
fourmeDeMontbrison,Fourme de montbrison,,dairy,Fourme de Montbrison,Fourme de Montbrison,g,g|kg|piece,
vealSweetbreads,Fraise de veau,,meat,Veal sweetbreads,mollejas de ternera,g,g|kg|piece,
wildStrawberry,Fraise des bois,fraise-des-bois_76356_w100h100c1cx2736cy1824cxt0cyt0cxb5472cyb3648.jpg,fruits,Wild strawberry,fresa silvestre,piece,piece|g|kg,
gariguetteStrawberry,Fraise gariguette,fraise-gariguette_76358_w100h100c1cx2500cy2500cxt0cyt0cxb5000cyb5000.jpg,fruits,Gariguette strawberry,Fresa Gariguette,piece,piece|g|kg,
tagadaStrawberry,Fraise tagada,,snacks,Tagada strawberry,Fresa Tagada,g,g|piece,
strawberries,Fraises,fraises_67613_w100h100c1cx350cy350.jpg,fruits,Strawberries,Fresas,piece,piece|g|kg,
tagadaStrawberries,Fraises tagada®,fraises-tagada_69173_w100h100c1cxt0cyt0cxb700cyb700.jpg,snacks,Tagada® Strawberries,Fresas Tagada®,g,g|piece,
raspberries,Framboises,framboises_67401_w100h100c1cx350cy350.jpg,fruits,Raspberries,Frambuesas,piece,piece|g|kg,
frozenRaspberries,Framboises surgelées,framboises-surgelees_101271_w100h100c1cx150cy150cxt0cyt0cxb300cyb300.jpg,frozen,Frozen raspberries,frambuesas congeladas,g,g|kg|piece,
frangipane,Frangipane,,condiments,Frangipane,Frangipane,g,g|kg|ml|l|piece,
fregolaSarda,Fregola sarda,fregola-sarda_118451_w100h100c1cx574cy573cxt0cyt0cxb1148cyb1146.png,grains,Fregola sarda,Fregola sarda,g,g|kg|piece,
frik,Frik,,grains,Frik,Frik,g,g|kg|piece,
curly,Frisée,frisee_103524_w100h100c1cx2500cy2076cxt0cyt0cxb5000cyb4153.jpg,vegetables,Curly,Ondulado,piece,piece|g|kg,
frenchFries,Frite,frite_117464_w100h100c1cx866cy866cxt0cyt0cxb1732cyb1732.jpg,frozen,French Fries,Papas fritas,g,g|kg|piece,
curlyFries,Frites frisées,frites-frisees_160903_w100h100c1cxt0cyt0cxb500cyb500.png,grains,Curly fries,papas fritas rizadas,g,g|kg|piece,
cheese,Fromage,fromage_67453_w100h100c1cx350cy350.jpg,dairy,Cheese,Queso,g,g|kg|piece,
racletteCheese,Fromage à raclette,fromage-a-raclette_69142_w100h100c1cxt0cyt0cxb700cyb700.jpg,dairy,Raclette cheese,queso raclette,g,g|kg|piece,
garlicAndHerbCheese,Fromage ail et fines herbes,fromage-ail-et-fines-herbes_68943_w100h100c1cxt0cyt0cxb700cyb700.jpg,dairy,Garlic and herb cheese,queso con ajo y hierbas,g,g|kg|piece,
cottageCheese,Fromage blanc,fromage-blanc_67744_w100h100c1cx350cy350.jpg,dairy,Cottage cheese,Requesón,piece,piece|g,
sweetenedCottageCheese,Fromage blanc sucré,fromage-blanc-sucre_76338_w100h100c1cx1944cy1296cxt0cyt0cxb3888cyb2592.jpg,dairy,Sweetened cottage cheese,requesón dulce,piece,piece|g,
capriceDesDieuxCheese,Fromage Caprice des Dieux,,dairy,Caprice des Dieux cheese,Queso Caprice des Dieux,g,g|kg|piece,
sheepSCheese,Fromage de brebis,fromage-de-brebis_129103_w100h100c1cxt0cyt0cxb724cyb483.jpg,dairy,Sheep's cheese,queso de oveja,g,g|kg|piece,
goatCheese,Fromage de chèvre,fromage-de-chevre_67447_w100h100c1cx350cy350.jpg,dairy,Goat cheese,queso de cabra,g,g|kg|piece,
freshCheese,Fromage frais,fromage-frais_67486_w100h100c1cx350cy350.jpg,dairy,Fresh cheese,queso fresco,g,g|kg|piece,
granaPadanoCheese,Fromage grana padano,fromage-grana-padano_150129_w100h100c1cxt0cyt0cxb444cyb414.jpg,dairy,Grana Padano cheese,queso Grana Padano,g,g|kg|piece,
gratedCheese,Fromage râpé,fromage-rape_67732_w100h100c1cx1484cy1346.jpg,dairy,Grated cheese,Queso rallado,g,g|kg|piece,
saintAgurCheese,Fromage Saint Agur,fromage-saint-agur_117425_w100h100c1cx866cy866cxt0cyt0cxb1732cyb1732.jpg,dairy,Saint Agur cheese,queso Saint Agur,g,g|kg|piece,
greekCheeses,Fromages grecs,,dairy,Greek cheeses,quesos griegos,g,g|kg|piece,
dutchCheeses,Fromages hollandais,,dairy,Dutch cheeses,quesos holandeses,g,g|kg|piece,
italianCheeses,Fromages italiens,,dairy,Italian cheeses,quesos italianos,g,g|kg|piece,
swissCheeses,Fromages suisses,,dairy,Swiss cheeses,quesos suizos,g,g|kg|piece,
fructose,Fructose,fructose_117359_w100h100c1cx866cy866cxt0cyt0cxb1732cyb1732.jpg,condiments,Fructose,Fructosa,g,g|kg|ml|l|piece,
breadfruit,Fruit à pain,fruit-a-pain_117134_w100h100c1cx1353cy1352cxt0cyt0cxb2706cyb2705.jpg,grains,Breadfruit,Panapen,g,g|kg|piece,
candiedFruit,Fruit confit,fruit-confit_69048_w100h100c1cxt0cyt0cxb700cyb700.jpg,fruits,Candied fruit,Fruta confitada,piece,piece|g|kg,
passionFruit,Fruit de la passion,fruit-de-la-passion_67536_w100h100c1cx1791cy1456.jpg,fruits,Passion fruit,Granadilla,piece,piece|g|kg,
dragonFruit,Fruit du dragon,fruit-du-dragon_112055_w100h100c1cx1646cy1397cxt0cyt0cxb3293cyb2795.jpg,fruits,Dragon Fruit,Pitaya,piece,piece|g|kg,
fruits,Fruits,fruit_77002_w100h100c1cx2800cy2800cxt0cyt0cxb5600cyb5600.png,fruits,Fruits,Frutas,piece,piece|g|kg,
nuts,Fruits à coque,,grains,Nuts,Cojones,g,g|kg|piece,
seasonalFruits,Fruits de saison,,fruits,Seasonal fruits,Frutas de temporada,piece,piece|g|kg,
exoticFruits,Fruits exotiques,fruits-exotiques_81519_w100h100c1cx3181cy3500cxt0cyt0cxb6362cyb7000.jpg,fruits,Exotic fruits,Frutas exóticas,piece,piece|g|kg,
redBerries,Fruits rouges,fruits-rouges_67521_w100h100c1cx350cy350.jpg,fruits,Red berries,bayas rojas,piece,piece|g|kg,
driedFruit,Fruits secs,fruits-secs_69049_w100h100c1cxt0cyt0cxb700cyb700.jpg,fruits,Dried fruit,Fruta seca,piece,piece|g|kg,
driedFruitsNutsOilseeds,"Fruits secs, à coque, oleagineux",fruits-secs-a-coque-oleagineux_76367_w100h100c1cx1837cy1835cxt0cyt0cxb3674cyb3670.jpg,grains,"Dried fruits, nuts, oilseeds","Frutas secas, frutos secos, semillas oleaginosas",g,g|kg|piece,
fumet,Fumet,fumet_67378_w100h100c1cx350cy350.jpg,preparation,Fumet,Fumet,ml,ml|l|piece,
shellfishStock,Fumet de crustacé,,preparation,Shellfish stock,Caldero de mariscos,ml,ml|l|piece,
fishStock,Fumet de poisson,,preparation,Fish stock,Caldero de peces,ml,ml|l|piece,
fungrec,Fungrec,,spices,Fungrec,Fungrec,g,g|piece,
executed,Fusilli,fusilli_76336_w100h100c1cx2590cy1726cxt0cyt0cxb5180cyb3453.jpg,grains,Executed,Ejecutado,g,g|kg|piece,
galanga,Galanga,galanga_117407_w100h100c1cx866cy866cxt0cyt0cxb1732cyb1732.jpg,spices,Galanga,Galanga,g,g|piece,
galette,Galette,,grains,Galette,Galette,g,g|kg|piece,
wheatPancake,Galette de blé,,grains,Wheat pancake,Tortita de trigo,g,g|kg|piece,
wholeWheatGalette,Galette de blé complet,galette-de-ble-complet_118127_w100h100c1cx362cy241cxt0cyt0cxb724cyb483.jpg,grains,Whole wheat galette,galette de trigo integral,g,g|kg|piece,
cornCake,Galette de maïs,,grains,Corn cake,Arepa,g,g|kg|piece,
riceCake,Galette de riz,galette-de-riz_156110_w100h100c1cxt0cyt0cxb4782cyb4645.jpg,grains,Rice cake,Pastel de arroz,g,g|kg|piece,
buckwheatPancake,Galette de sarrasin,,grains,Buckwheat pancake,Tortita de trigo sarraceno,g,g|kg|piece,
bretonPancakes,Galettes (bretonnes),galettes-bretonnes-_76337_w100h100c1cx2592cy1728cxt0cyt0cxb5184cyb3456.jpg,grains,(Breton) pancakes,(Breton) tortitas,g,g|kg|piece,
prawns,Gambas,gambas_67628_w100h100c1cx350cy350.jpg,seafood,Prawns,Gambas,g,g|kg|piece,
chocolateGanache,Ganache au chocolat,ganache-au-chocolat_81874_w100h100c1cx1384cy1384cxt0cyt0cxb2768cyb2768.jpg,snacks,Chocolate ganache,ganache de chocolate,g,g|piece,
gaperon,Gaperon,,dairy,Gaperon,Gaperón,g,g|kg|piece,
garamMasala,Garam masala,garam-masala_69051_w100h100c1cxt0cyt0cxb700cyb700.jpg,spices,Garam masala,Garam masala,g,g|piece,
gari,Gari,,grains,Gari,Gari,g,g|kg|piece,
cakes,Gâteaux,,snacks,Cakes,Pasteles,g,g|piece,
waffle,Gaufre,gaufre_67772_w100h100c1cx350cy350.jpg,snacks,Waffle,Gofre,g,g|piece,
wafer,Gaufrette,gaufrette_76353_w100h100c1cx2024cy1485cxt0cyt0cxb4049cyb2971.jpg,snacks,Wafer,Oblea,g,g|piece,
gavotte,Gavotte,,snacks,Gavotte,Gavota,g,g|piece,
gelatin,Gélatine,gelatine_67647_w100h100c1cx350cy350.jpg,preparation,Gelatin,Gelatina,g,g|ml|piece,
gelatin2,Gélatine,gelatine_147548_w100h100c1cxt0cyt0cxb1080cyb1080.jpg,preparation,Gelatin,Gelatina,g,g|ml|piece,
sheetGelatin,Gélatine en feuilles,gelatine-en-feuilles_76342_w100h100c1cx1920cy2667cxt0cyt0cxb3840cyb5334.jpg,preparation,Sheet gelatin,Gelatina en láminas,g,g|ml|piece,
powderedGelatin,Gélatine en poudre,gelatine-en-poudre_76343_w100h100c1cx1876cy1530cxt0cyt0cxb3753cyb3060.jpg,preparation,Powdered gelatin,gelatina en polvo,g,g|ml|piece,
jelly,Gelée,,condiments,Jelly,Gelatina,g,g|ml|piece,
strawberryEnglishJelly,Gelée anglaise à la fraise,gelee-anglaise-a-la-fraise_81889_w100h100c1cx1000cy1000cxt0cyt0cxb2000cyb2000.jpg,fruits,Strawberry English jelly,mermelada inglesa de fresa,g,g|ml|piece,
madeiraJelly,Gelée au madère,,condiments,Madeira jelly,Gelatina de Madeira,g,g|ml|piece,
whiteWineJelly,Gelée au vin blanc,,beverages,White wine jelly,gelatina de vino blanco,g,g|ml|piece,
apricotJelly,Gelée d'abricot,gelee-d-abricot_78361_w100h100c1cx1250cy1250cxt0cyt0cxb2500cyb2500.jpg,fruits,Apricot jelly,Jalea de albaricoque,g,g|ml|piece,
gelsuc,Gelsuc,,dairy,Gelsuc,Gelsuc,g,g|kg|piece,
policeOfficer,Gendarme,,meat,Police officer,agente de policía,g,g|kg|piece,
genepi,Génépi,,beverages,Genepi,Genepi,ml,ml|l|cl|piece,
juniper,Genièvre,genievre_67357_w100h100c1cx350cy350.jpg,beverages,Juniper,Enebro,ml,ml|l|cl|piece,
genoa,Génoise,,snacks,Genoa,Génova,g,g|piece,
alfalfaSprout,Germe de luzerne,germe-de-luzerne_117490_w100h100c1cx295cy295cxt0cyt0cxb591cyb591.jpg,vegetables,Alfalfa sprout,Brotes de alfalfa,piece,piece|g|kg,
soybeanSprouts,Germes de soja,germes-de-soja_67678_w100h100c1cx350cy350.jpg,vegetables,Soybean sprouts,brotes de soja,piece,piece|g|kg,
gervita,Gervita,,dairy,Gervita,Gervita,g,g|kg|piece,
poultryGizzard,Gésier de volaille,gesier-de-volaille_118622_w100h100c1cx152cy149cxt0cyt0cxb304cyb298.png,meat,Poultry gizzard,molleja de ave,g,g|kg|piece,
gizzards,Gésiers,gesiers_67761_w100h100c1cx350cy350.jpg,meat,Gizzards,mollejas,g,g|kg|piece,
get27,Get 27,,beverages,Get 27,Obtén 27,ml,ml|l|cl|piece,
gewurztraminer,Gewurztraminer,gewurztraminer_76352_w100h100c1cx1500cy1500cxt0cyt0cxb3000cyb3000.jpg,beverages,Gewurztraminer,Gewürztraminer,ml,ml|l|cl|piece,
ghee,Ghee,,dairy,Ghee,Ghee,g,g|kg|piece,
gianduja,Gianduja,gianduja_76523_w100h100c1cx3752cy2814cxt0cyt0cxb7505cyb5629.jpg,snacks,Gianduja,Gianduja,g,g|piece,
gigerine,Gigérine,,vegetables,Gigerine,Gigerine,piece,piece|g|kg,
legOfLamb,Gigot d'agneau,gigot-d-agneau_69253_w100h100c1cxt0cyt0cxb700cyb700.jpg,meat,Leg of lamb,Pierna de cordero,g,g|kg|piece,
gin,Gin,gin_80164_w100h100c1cx2400cy2400cxt0cyt0cxb4800cyb4800.jpg,beverages,Gin,Ginebra,ml,ml|l|cl|piece,
ginger,Gingembre,gingembre_67668_w100h100c1cx350cy350.jpg,vegetables,Ginger,Jengibre,piece,piece|g|kg,
candiedGinger,Gingembre confit,gingembre-confit_69056_w100h100c1cxt0cyt0cxb700cyb700.jpg,condiments,Candied ginger,jengibre confitado,g,g|kg|ml|l|piece,
powderedGinger,Gingembre en poudre,gingembre-en-poudre_109578_w100h100c1cx150cy150cxt0cyt0cxb300cyb300.jpg,spices,Powdered ginger,jengibre en polvo,g,g|piece,
gingerAle,Ginger Ale,,beverages,Ginger Ale,Cerveza de jengibre,ml,ml|l|cl|piece,
gingerBeer,Ginger beer,,beverages,Ginger beer,Cerveza de jengibre,ml,ml|l|cl|piece,
gini,Gini,,beverages,Gini,Gini,ml,ml|l|cl|piece,
giraumon,Giraumon,giraumon_76351_w100h100c1cx1986cy1516cxt0cyt0cxb3972cyb3032.jpg,vegetables,Giraumon,Giraumon,piece,piece|g|kg,
girelle,Girelle,,fish,Girelle,Girelle,g,g|kg|piece,
clove2,Girofle,girofle_67529_w100h100c1cx350cy350.jpg,spices,Clove,Clavo,g,g|piece,
chanterelles,Girolles,girolles_67433_w100h100c1cx350cy350.jpg,vegetables,Chanterelles,Rebozuelos,g,g|kg|piece,
giromon,Giromon,,vegetables,Giromon,Giromón,piece,piece|g|kg,
cottage,Gîte,gite_118286_w100h100c1cx150cy150cxt0cyt0cxb300cyb300.jpg,meat,Cottage,Cabaña,g,g|kg|piece,
icing,Glaçage,,preparation,Icing,Formación de hielo,g,g|ml|piece,
ice,Glace,glace_117544_w100h100c1cx1060cy707cxt0cyt0cxb2121cyb1414.jpg,frozen,Ice,Hielo,ml,ml|l|g|piece,
pineappleIceCream,Glace à l'ananas,glace-a-l-ananas_112811_w100h100c1cx355cy245cxt0cyt0cxb711cyb491.jpg,frozen,Pineapple ice cream,Helado de piña,ml,ml|l|g|piece,
figIceCream,Glace à la figue,,frozen,Fig ice cream,helado de higo,ml,ml|l|g|piece,
mangoIceCream,Glace à la mangue,glace-a-la-mangue_118169_w100h100c1cx866cy866cxt0cyt0cxb1732cyb1732.jpg,frozen,Mango ice cream,Helado de mango,ml,ml|l|g|piece,
coconutIceCream,Glace à la noix de coco,glace-a-la-noix-de-coco_117440_w100h100c1cx866cy866cxt0cyt0cxb1732cyb1732.jpg,frozen,Coconut ice cream,Helado de coco,ml,ml|l|g|piece,
passionFruitIceCream,Glace à la passion,glace-a-la-passion_117476_w100h100c1cx866cy866cxt0cyt0cxb1732cyb1732.jpg,frozen,Passion fruit ice cream,helado de maracuyá,ml,ml|l|g|piece,
pistachioIceCream,Glace à la pistache,glace-a-la-pistache_118171_w100h100c1cx866cy866cxt0cyt0cxb1732cyb1732.jpg,frozen,Pistachio ice cream,Helado de pistacho,ml,ml|l|g|piece,
pearIceCream,Glace à la poire,glace-a-la-poire_117439_w100h100c1cxt0cyt0cxb1732cyb1732.jpg,frozen,Pear ice cream,Helado de pera,ml,ml|l|g|piece,
caramelIceCream,Glace au caramel,,frozen,Caramel ice cream,Helado de caramelo,ml,ml|l|g|piece,
chocolateIceCream,Glace au chocolat,glace-au-chocolat_69057_w100h100c1cxt0cyt0cxb700cyb700.jpg,frozen,Chocolate ice cream,Helado de chocolate,ml,ml|l|g|piece,
nougatIceCream,Glace au nougat,,frozen,Nougat ice cream,Helado de turrón,ml,ml|l|g|piece,
rumIceCream,Glace au rhum,,frozen,Rum ice cream,Helado de ron,ml,ml|l|cl|piece,
speculoosIceCream,Glace au spéculoos,,frozen,Speculoos ice cream,helado de Speculoos,ml,ml|l|g|piece,
pecanIceCream,Glace aux noix de pécan,glace-aux-noix-de-pecan_81520_w100h100c1cxt0cyt0cxb2568cyb2336.jpg,frozen,Pecan ice cream,Helado de nuez pecana,ml,ml|l|g|piece,
coffeeIceCream,Glace café,glace-cafe_118170_w100h100c1cx223cy220cxt0cyt0cxb446cyb440.jpeg,frozen,Coffee ice cream,Helado de café,ml,ml|l|g|piece,
saltedCaramelIceCream,Glace caramel au beurre salé,glace-caramel-au-beurre-sale_117411_w100h100c1cx1500cy1500cxt0cyt0cxb3000cyb3000.jpg,frozen,Salted caramel ice cream,Helado de caramelo salado,ml,ml|l|g|piece,
coconutIceCream2,Glace coco,glace-coco_117515_w100h100c1cx295cy295cxt0cyt0cxb591cyb591.jpg,snacks,Coconut ice cream,Helado de coco,ml,ml|l|g|piece,
strawberryIceCream,Glace fraise,glace-fraise_81887_w100h100c1cx2500cy2500cxt0cyt0cxb5000cyb5000.png,frozen,Strawberry ice cream,Helado de fresa,ml,ml|l|g|piece,
raspberryIceCream,Glace framboise,glace-framboise_81864_w100h100c1cx2008cy1909cxt0cyt0cxb4017cyb3818.jpg,fruits,Raspberry ice cream,Helado de frambuesa,ml,ml|l|g|piece,
crushedIce,Glace pilée,glace-pilee_118437_w100h100c1cx654cy653cxt0cyt0cxb1308cyb1306.png,snacks,Crushed ice,hielo picado,ml,ml|l|g|piece,
stracciatellaIceCream,Glace stracciatella,glace-stracciatella_117412_w100h100c1cx866cy866cxt0cyt0cxb1732cyb1732.jpg,snacks,Stracciatella ice cream,helado Stracciatella,ml,ml|l|g|piece,
vanillaIceCream,Glace vanille,glace-vanille_67775_w100h100c1cx350cy350.jpg,frozen,Vanilla ice cream,Helado de vainilla,ml,ml|l|g|piece,
ice2,Glaçons,glacons_69058_w100h100c1cxt0cyt0cxb700cyb700.jpg,frozen,Ice,Hielo,g,g|kg|piece,
glucose,Glucose,,condiments,Glucose,Glucosa,g,g|kg|ml|l|piece,
atomizedGlucose,Glucose atomisé,,condiments,Atomized glucose,glucosa atomizada,g,g|kg|ml|l|piece,
liquidGlucose,Glucose liquide,,condiments,Liquid Glucose,Glucosa líquida,g,g|kg|ml|l|piece,
glutamate,Glutamate,,condiments,Glutamate,Glutamato,g,g|kg|ml|l|piece,
foodGradeGlycerin,Glycérine alimentaire,,condiments,Food grade glycerin,glicerina de grado alimenticio,g,g|kg|ml|l|piece,
gnocchi,Gnocchi,gnocchi_67360_w100h100c1cx350cy350.jpg,meal,Gnocchi,Gnocchi,piece,piece|g,
gochugaruKoreanRedChiliPowder,Gochugaru (poudre de piment rouge coréen),,spices,Gochugaru (Korean red chili powder),Gochugaru (chile rojo coreano en polvo),g,g|piece,
gochujangKoreanRedChiliPaste,Gochujang (pâte de piment rouge coréen),,spices,Gochujang (Korean red chili paste),Gochujang (pasta de chile rojo coreano),g,g|piece,
gofio,Gofio,,grains,Gofio,Gofio,g,g|kg|piece,
goldenSyrup,Golden syrup,golden-sirup_76350_w100h100c1cx2769cy2384cxt0cyt0cxb5538cyb4769.jpg,condiments,Golden syrup,Sirope dorado,g,g|kg|ml|l|piece,
golmotte,Golmotte,,vegetables,Golmotte,Golmotte,piece,piece|g|kg,
gomasio,Gomasio,gomasio_81515_w100h100c1cx1440cy960cxt0cyt0cxb2880cyb1920.jpg,spices,Gomasio,Gomasio,g,g|piece,
okra,Gombo,gombo_76349_w100h100c1cx2500cy2500cxt0cyt0cxb5000cyb5000.jpg,vegetables,Okra,Okra,piece,piece|g|kg,
gumArabic,Gomme arabique,,preparation,Gum arabic,goma arábiga,g,g|ml|piece,
guaGum,Gomme de guar,,preparation,Gua gum,goma gua,g,g|ml|piece,
xanthanGum,Gomme de xanthane,,preparation,Xanthan gum,goma xantana,g,g|ml|piece,
porkThroat,Gorge de porc,,meat,Pork throat,garganta de cerdo,g,g|kg|piece,
gorgonzola,Gorgonzola,gorgonzola_67720_w100h100c1cx350cy350.jpg,dairy,Gorgonzola,Gorgonzola,g,g|kg|piece,
gouda,Gouda,gouda_67762_w100h100c1cx350cy350.jpg,dairy,Gouda,Gouda,g,g|kg|piece,
slicedGouda,Gouda en tranches,gouda-en-tranches_152077_w100h100c1cxt0cyt0cxb500cyb500.png,dairy,Sliced ​​Gouda,Gouda en lonchas,g,g|kg|piece,
vanillaPod,Gousse de vanille,gousse-de-vanille_150047_w100h100c1cx2725cy2577cxt0cyt0cxb5450cyb5155.jpg,spices,Vanilla pod,vaina de vainilla,g,g|piece,
guava,Goyave,goyave_69059_w100h100c1cxt0cyt0cxb700cyb700.jpg,fruits,Guava,Guayaba,piece,piece|g|kg,
guava2,Goyavier,,fruits,Guava,Guayaba,piece,piece|g|kg,
palmKernel,Grain de palme,,fruits,Palm kernel,almendra de palma,piece,piece|g|kg,
fennelSeed,Graine de fenouil,graine-de-fenouil_69061_w100h100c1cxt0cyt0cxb700cyb700.jpg,spices,Fennel seed,Semilla de hinojo,g,g|piece,
passionFruitSeed,Graine de fruit de la passion,graine-de-fruit-de-la-passion_128805_w100h100c1cxt0cyt0cxb2124cyb1411.jpg,spices,Passion fruit seed,Semilla de fruta de la pasión,g,g|piece,
mustardSeed,Graine de moutarde,graine-de-moutarde_112412_w100h100c1cx1590cy1549cxt0cyt0cxb3181cyb3099.jpg,spices,Mustard seed,Semilla de mostaza,g,g|piece,
aniseSeeds,Graines d'anis,graines-d-anis_68954_w100h100c1cxt0cyt0cxb700cyb700.jpg,spices,Anise seeds,semillas de anís,g,g|piece,
greenAniseSeeds,Graines d'anis vert,graines-d-anis-vert_68955_w100h100c1cxt0cyt0cxb700cyb700.jpg,spices,Green anise seeds,semillas de anís verde,g,g|piece,
cardamomSeeds,Graines de cardamome,,spices,Cardamom seeds,Semillas de cardamomo,g,g|piece,
cardamomSeeds2,Graines de cardamone,graines-de-cardamone_132249_w100h100c1cxt0cyt0cxb1731cyb1731.jpg,spices,Cardamom seeds,Semillas de cardamomo,g,g|piece,
chiaSeeds,Graines de chia,graines-de-chia_158530_w100h100c1cxt0cyt0cxb1366cyb1362.jpg,spices,Chia seeds,Semillas de chía,g,g|piece,
corianderSeeds2,Graines de coriandre,graines-de-coriandre_67751_w100h100c1cx350cy350.jpg,spices,Coriander seeds,Semillas de cilantro,g,g|piece,
pumpkinSeeds,Graines de courge,graines-de-courge_69062_w100h100c1cxt0cyt0cxb700cyb700.jpg,snacks,Pumpkin seeds,semillas de calabaza,g,g|piece,
cuminSeeds,Graines de cumin,graines-de-cumin_77672_w100h100c1cx1306cy1306cxt0cyt0cxb2613cyb2613.jpg,spices,Cumin seeds,Semillas de comino,g,g|piece,
fennelSeeds2,Graines de fenouil,,spices,Fennel seeds,Semillas de hinojo,g,g|piece,
pomegranateSeeds,Graines de grenade,graines-de-grenade_112184_w100h100c1cx96cy90cxt0cyt0cxb192cyb180.png,spices,Pomegranate seeds,Semillas de granada,g,g|piece,
flaxSeeds,Graines de lin,graines-de-lin_69063_w100h100c1cxt0cyt0cxb700cyb700.jpg,spices,Flax seeds,semillas de lino,g,g|piece,
lupinSeeds,Graines de lupin,,spices,Lupin seeds,semillas de lupino,g,g|piece,
mustardSeeds,Graines de moutarde,,spices,Mustard seeds,semillas de mostaza,g,g|piece,
nigellaSeeds,Graines de nigelle,graines-de-nigelle_117369_w100h100c1cx866cy866cxt0cyt0cxb1732cyb1732.jpg,spices,Nigella seeds,semillas de nigella,g,g|piece,
poppySeeds,Graines de pavot,graines-de-pavot_117610_w100h100c1cx295cy295cxt0cyt0cxb591cyb591.jpg,snacks,Poppy seeds,semillas de amapola,g,g|piece,
sesameSeeds,Graines de sésame,graines-de-sesame_83402_w100h100c1cx1658cy1658cxt0cyt0cxb3316cyb3316.jpg,snacks,Sesame seeds,semillas de sésamo,g,g|piece,
blackSesameSeeds,Graines de sésame noir,graines-de-sesame-noir_78277_w100h100c1cx2800cy2800cxt0cyt0cxb5600cyb5600.jpg,spices,Black sesame seeds,semillas de sésamo negro,g,g|piece,
sunflowerSeeds,Graines de tournesol,graines-de-tournesol_69066_w100h100c1cxt0cyt0cxb700cyb700.jpg,snacks,Sunflower seeds,semillas de girasol,g,g|piece,
sproutedSeeds,Graines germées,,vegetables,Sprouted seeds,semillas germinadas,piece,piece|g|kg,
juniperBerries,Grains de genévrier,grains-de-genevrier_117431_w100h100c1cxt0cyt0cxb2594cyb2594.jpg,spices,Juniper berries,Bayas de enebro,g,g|piece,
deepFryerOil,Graisse à friteuse,,condiments,Deep fryer oil,aceite para freír,g,g|kg|ml|l|piece,
gooseFat,Graisse d'oie,graisse-d-oie_76348_w100h100c1cx2500cy2500cxt0cyt0cxb5000cyb5000.jpg,condiments,Goose fat,Grasa de ganso,g,g|kg|ml|l|piece,
beefFat,Graisse de boeuf,,meat,Beef fat,Grasa de res,g,g|kg|piece,
duckFat,Graisse de canard,graisse-de-canard_89006_w100h100c1cx2500cy2500cxt0cyt0cxb5000cyb5000.jpg,meat,Duck fat,Grasa de pato,g,g|kg|piece,
coconutFat,Graisse de coco,,condiments,Coconut fat,grasa de coco,g,g|kg|ml|l|piece,
coconutFat2,Graisse de coprah,,condiments,Coconut fat,grasa de coco,g,g|kg|ml|l|piece,
palmOil,Graisse de palme,,condiments,Palm oil,Aceite de palma,g,g|kg|ml|l|piece,
vegetableFat,Graisse végétale,,condiments,Vegetable fat,Grasa vegetal,g,g|kg|ml|l|piece,
grandMarnier,Grand-marnier,grand-marnier_155787_w100h100c1cx83cy83cxt0cyt0cxb166cyb166.jpg,beverages,Grand Marnier,Grand Marnier,ml,ml|l|cl|piece,
grannySmith,Granny smith,granny-smith_117471_w100h100c1cx350cy350cxt0cyt0cxb700cyb700.jpg,fruits,Granny Smith,Abuela Smith,piece,piece|g|kg,
granola,Granola,granola_81895_w100h100c1cx4150cy4150cxt0cyt0cxb8300cyb8300.jpg,grains,Granola,Granola,g,g|kg|piece,
multicoloredGranules,Granulés multicolores,,snacks,Multicolored granules,gránulos multicolores,g,g|piece,
grappa,Grappa,,beverages,Grappa,Grappa,ml,ml|l|cl|piece,
doubleFat,Gras double,,meat,Double fat,Doble grasa,g,g|kg|piece,
grenade,Grenade,grenade_69065_w100h100c1cxt0cyt0cxb700cyb700.jpg,fruits,Grenade,Granada,piece,piece|g|kg,
grenadier,Grenadier,,fish,Grenadier,Granadero,g,g|kg|piece,
vealGrenadin,Grenadin de veau,,meat,Veal grenadin,Ternera a la granadina,g,g|kg|piece,
grenadine,Grenadine,grenadine_69069_w100h100c1cxt0cyt0cxb700cyb700.jpg,condiments,Grenadine,Granadina,g,g|kg|ml|l|piece,
breadstick,Gressin,gressin_76368_w100h100c1cx2500cy2500cxt0cyt0cxb5000cyb5000.jpg,grains,Breadstick,palito de pan,g,g|kg|piece,
greubon,Greubon,,dairy,Greubon,Greubon,g,g|kg|piece,
griotte,Griotte,griotte_69070_w100h100c1cxt0cyt0cxb700cyb700.jpg,fruits,Griotte,Griotte,piece,piece|g|kg,
thrush,Grive,,meat,Thrush,Tordo,g,g|kg|piece,
gurnard,Grondin,,fish,Gurnard,Escarcho,g,g|kg|piece,
largePorciniMushrooms,Gros cèpes,,vegetables,Large porcini mushrooms,setas porcini grandes,piece,piece|g|kg,
largePickle,Gros cornichon,,condiments,Large pickle,pepinillo grande,g,g|kg|ml|l|piece,
coarseSalt,Gros sel,gros-sel_67497_w100h100c1cx350cy350.jpg,spices,Coarse salt,sal gruesa,g,g|piece,
camargueCoarseSalt,Gros sel de Camargue,,spices,Camargue coarse salt,sal gruesa de Camarga,g,g|piece,
gooseberry,Groseille à maquereaux,,fruits,Gooseberry,Grosella,piece,piece|g|kg,
gooseberries,Groseilles,groseilles_67745_w100h100c1cx350cy350.jpg,fruits,Gooseberries,Grosellas,piece,piece|g|kg,
oatmeal2,Gruau,gruau_118634_w100h100c1cx291cy300cxt0cyt0cxb582cyb601.jpg,grains,Oatmeal,Avena,g,g|kg|piece,
gruyRe,Gruyère,gruyere_67538_w100h100c1cx350cy350.jpg,dairy,Gruyère,Gruyère,g,g|kg|piece,
gratedGruyRe,Gruyère râpé,gruyere-rape_67500_w100h100c1cx350cy350.jpg,dairy,grated Gruyère,Gruyère rallado,g,g|kg|piece,
swissGruyRe,Gruyère suisse,gruyere-suisse_104088_w100h100c1cx3000cy2000cxt0cyt0cxb6000cyb4000.jpg,dairy,Swiss Gruyère,Gruyère suizo,g,g|kg|piece,
guacamole,Guacamole,guacamole_69071_w100h100c1cxt0cyt0cxb700cyb700.jpg,condiments,Guacamole,Guacamole,g,g|kg|ml|l|piece,
guanciale,Guanciale,guanciale_150532_w100h100c1cxt0cyt0cxb5087cyb3391.jpg,meat,Guanciale,Guanciale,g,g|kg|piece,
guigne,Guigne,,fruits,Guigne,Guigne,piece,piece|g|kg,
guignolet,Guignolet,,beverages,Guignolet,Guignolet,ml,ml|l|cl|piece,
marshmallow2,Guimauve,guimauve_69072_w100h100c1cxt0cyt0cxb700cyb700.jpg,snacks,Marshmallow,Malvavisco,g,g|piece,
guinness,Guinness,,beverages,Guinness,Guinness,ml,ml|l|cl|piece,
mincedVeal,Haché de veau,hache-de-veau_89325_w100h100c1cx3850cy3850cxt0cyt0cxb7700cyb7700.jpg,meat,Minced veal,ternera picada,g,g|kg|piece,
haddock2,Haddock,haddock_69073_w100h100c1cxt0cyt0cxb700cyb700.jpg,fish,Haddock,Eglefino,g,g|kg|piece,
skinlessHaddock,Haddock sans peau,,fish,Skinless Haddock,Eglefino sin piel,g,g|kg|piece,
halloumi,Halloumi,halloumi_118372_w100h100c1cx363cy341cxt0cyt0cxb726cyb683.png,dairy,Halloumi,Halloumi,g,g|kg|piece,
shaft,Hampe,,meat,Shaft,Eje,g,g|kg|piece,
herring,Hareng,hareng_69074_w100h100c1cxt0cyt0cxb700cyb700.jpg,fish,Herring,arenque,g,g|kg|piece,
bean2,Haricot,haricot_117459_w100h100c1cx866cy866cxt0cyt0cxb1732cyb1732.jpg,grains,Bean,Frijol,g,g|kg|piece,
azukiBeans,Haricot azuki,haricot-azuki_117521_w100h100c1cx295cy295cxt0cyt0cxb591cyb591.jpg,grains,Azuki beans,judías azuki,g,g|kg|piece,
butterBeans,Haricot beurre,haricot-beurre_69198_w100h100c1cxt0cyt0cxb700cyb700.jpg,grains,Butter beans,habas,g,g|kg|piece,
soissonsBean,Haricot de soissons,haricot-de-soissons_76383_w100h100c1cx2040cy1360cxt0cyt0cxb4081cyb2721.jpg,grains,Soissons bean,Judía Soissons,g,g|kg|piece,
lingotBean,Haricot lingot,haricot-lingot_69064_w100h100c1cxt0cyt0cxb700cyb700.jpg,grains,Lingot bean,lingote,g,g|kg|piece,
snapBean,Haricot mange-tout,haricot-mange-tout_76385_w100h100c1cx1734cy1304cxt0cyt0cxb3468cyb2608.jpg,grains,snap bean,judía verde,g,g|kg|piece,
pintoBeans,Haricot pinto,haricot-pinto_76387_w100h100c1cx2614cy1980cxt0cyt0cxb5228cyb3960.jpg,grains,Pinto beans,frijoles pintos,g,g|kg|piece,
tarbaisBean,Haricot tarbais,haricot-tarbais_76388_w100h100c1cx2152cy1440cxt0cyt0cxb4304cyb2880.jpg,grains,Tarbais bean,Judía de Tarbais,g,g|kg|piece,
whiteBeans,Haricots blancs,haricots-blancs_68966_w100h100c1cxt0cyt0cxb700cyb700.jpg,grains,White beans,judías blancas,g,g|kg|piece,
cocoBeans,Haricots coco,haricots-coco_68989_w100h100c1cxt0cyt0cxb700cyb700.jpg,grains,Coco beans,granos de cacao,g,g|kg|piece,
soybeans,Haricots de soja,,grains,Soybeans,Soja,g,g|kg|piece,
mungBeans,Haricots mungo,haricots-mungo_76369_w100h100c1cx1750cy1159cxt0cyt0cxb3500cyb2318.jpg,grains,Mung beans,frijoles mungo,g,g|kg|piece,
blackBeans,Haricots noirs,haricots-noirs_76381_w100h100c1cx2179cy1453cxt0cyt0cxb4359cyb2906.jpg,grains,Black beans,Frijoles negros,g,g|kg|piece,
flatBeans,Haricots plats,haricots-plats_76386_w100h100c1cx1734cy1304cxt0cyt0cxb3468cyb2608.jpg,grains,Flat beans,judías planas,g,g|kg|piece,
redBeans,Haricots rouges,haricots-rouges_67674_w100h100c1cx350cy350.jpg,grains,Red beans,Frijoles rojos,g,g|kg|piece,
driedBeans,Haricots secs,haricot-sec_67342_w100h100c1cx2152cy1440.jpg,grains,Dried beans,frijoles secos,g,g|kg|piece,
greenBeans,Haricots verts,haricots-verts_67522_w100h100c1cx2082cy1504.jpg,vegetables,Green beans,Judías verdes,g,g|kg|piece,
harissa,Harissa,harissa_67510_w100h100c1cx350cy350.jpg,condiments,Harissa,Harissa,g,g|ml|piece,
upperThigh,Haut de cuisse,,meat,Upper thigh,Parte superior del muslo,g,g|kg|piece,
herbs,Herbes,herbes_81527_w100h100c1cx2400cy2400cxt0cyt0cxb4800cyb4800.jpg,vegetables,Herbs,Hierbas,piece,piece|g|kg,
aromaticHerbs,Herbes aromatiques,herbes-aromatiques_81526_w100h100c1cx2400cy2400cxt0cyt0cxb4800cyb4800.jpg,spices,Aromatic herbs,Hierbas aromáticas,g,g|piece,
herbsOfProvence,Herbes de Provence,herbes-de-provence_67728_w100h100c1cx2144cy1424.jpg,spices,Herbs of Provence,Hierbas de Provenza,g,g|piece,
hlalem,Hlalem,hlalem_158783_w100h100c1cxt0cyt0cxb4031cyb3338.jpg,grains,Hlalem,Hlalem,g,g|kg|piece,
lobster,Homard,homard_67363_w100h100c1cx350cy350.jpg,seafood,Lobster,Langosta,g,g|kg|piece,
host,Hostie,,preparation,Host,Anfitrión,g,g|ml|piece,
hummus,Houmous,houmous_117441_w100h100c1cx866cy866cxt0cyt0cxb1732cyb1732.jpg,condiments,Hummus,Hummus,g,g|kg|ml|l|piece,
oil,Huile,huile_127496_w100h100c1cx411cy411cxt0cyt0cxb822cyb822.png,condiments,Oil,Aceite,ml,ml|l|piece,
peanutOil,Huile d'arachide,huile-d-arachide_76394_w100h100c1cx2900cy2900cxt0cyt0cxb5800cyb5800.jpg,condiments,Peanut oil,Aceite de cacahuete,ml,ml|l|piece,
arganOil,Huile d'argan,huile-d-argan_76392_w100h100c1cx3000cy2000cxt0cyt0cxb6000cyb4000.jpg,condiments,Argan oil,Aceite de argán,ml,ml|l|piece,
oliveOil,Huile d'olive,huile-d-olive_127365_w100h100c1cx411cy411cxt0cyt0cxb822cyb822.png,condiments,Olive oil,Aceite de oliva,ml,ml|l|piece,
chiliOil,Huile de chili,,condiments,Chili oil,Aceite de chile,ml,ml|l|piece,
coconutOil,Huile de coco,huile-de-coco_83299_w100h100c1cx2500cy2500cxt0cyt0cxb5000cyb5000.png,condiments,Coconut oil,Aceite de coco,ml,ml|l|piece,
rapeseedOil,Huile de colza,huile-de-colza_68933_w100h100c1cxt0cyt0cxb700cyb700.jpg,condiments,Rapeseed oil,aceite de colza,ml,ml|l|piece,
fryingOil,Huile de friture,huile-de-friture_151931_w100h100c1cx150cy150cxt0cyt0cxb300cyb300.jpg,condiments,Frying oil,aceite para freír,ml,ml|l|piece,
hazelnutOil,Huile de noisette,huile-de-noisette_76389_w100h100c1cx2456cy1632cxt0cyt0cxb4912cyb3264.jpg,condiments,Hazelnut oil,aceite de avellana,ml,ml|l|piece,
walnutOil,Huile de noix,huile-de-noix_67537_w100h100c1cx350cy350.jpg,condiments,Walnut oil,Aceite de nuez,ml,ml|l|piece,
palmOil2,Huile de palme,huile-de-palme_76397_w100h100c1cx1750cy1750cxt0cyt0cxb3500cyb3500.jpg,condiments,Palm oil,Aceite de palma,ml,ml|l|piece,
pumpkinSeedOil,Huile de pépin de courge,,condiments,Pumpkin seed oil,aceite de semilla de calabaza,ml,ml|l|piece,
grapeSeedOil,Huile de pépin de raisin,huile-de-pepin-de-raisin_69075_w100h100c1cxt0cyt0cxb700cyb700.jpg,condiments,Grape seed oil,aceite de semilla de uva,ml,ml|l|piece,
pistachioOil,Huile de pistache,huile-de-pistache_160533_w100h100c1cx1024cy1024cxt0cyt0cxb2048cyb2048.jpg,condiments,Pistachio oil,aceite de pistacho,ml,ml|l|piece,
sesameOil,Huile de sésame,huile-de-sesame_69076_w100h100c1cxt0cyt0cxb700cyb700.jpg,condiments,Sesame oil,aceite de sésamo,ml,ml|l|piece,
toastedSesameOil,Huile de sésame toasté,,condiments,Toasted sesame oil,aceite de sésamo tostado,ml,ml|l|piece,
sunflowerOil,Huile de tournesol,huile-de-tournesol_69067_w100h100c1cxt0cyt0cxb700cyb700.jpg,condiments,Sunflower oil,Aceite de girasol,ml,ml|l|piece,
truffleOil,Huile de truffe,,condiments,Truffle oil,aceite de trufa,ml,ml|l|piece,
lemonEssentialOil,Huile essentielle de citron,huile-essentielle-de-citron_117612_w100h100c1cx295cy295cxt0cyt0cxb591cyb591.jpg,condiments,Lemon essential oil,aceite esencial de limón,ml,ml|l|piece,
basilScentedOil,Huile parfumée au basilic,,condiments,Basil-scented oil,Aceite con aroma a albahaca,ml,ml|l|piece,
vegetableOil,Huile végétale,huile-vegetale_109576_w100h100c1cx150cy150cxt0cyt0cxb300cyb300.jpg,condiments,Vegetable oil,Aceite vegetal,ml,ml|l|piece,
oyster,Huître,huitre_67651_w100h100c1cx350cy350.jpg,seafood,Oyster,Ostra,piece,piece|g,
mead,Hydromel,,beverages,Mead,Aguamiel,ml,ml|l|cl|piece,
hypocras,Hypocras,,beverages,Hypocras,Hipocres,ml,ml|l|cl|piece,
iceberg,Iceberg,iceberg_76390_w100h100c1cx2173cy1795cxt0cyt0cxb4346cyb3591.jpg,vegetables,Iceberg,Iceberg,piece,piece|g|kg,
yam,Igname,igname_76412_w100h100c1cx2360cy1415cxt0cyt0cxb4721cyb2830.jpg,vegetables,Yam,batata,piece,piece|g|kg,
irishMist,Irish mist,,beverages,Irish mist,Niebla irlandesa,ml,ml|l|cl|piece,
ivoryWhiteChocolateFromValrhona,Ivoire (Chocolat blanc de chez Valrhona),,snacks,Ivory (White chocolate from Valrhona),Marfil (Chocolate blanco de Valrhona),g,g|piece,
jGermeister,Jägermeister,,beverages,Jägermeister,Jägermeister,ml,ml|l|cl|piece,
jalapeO,Jalapeño,jalapeno_117428_w100h100c1cx866cy866cxt0cyt0cxb1732cyb1732.jpg,vegetables,Jalapeño,Jalapeño,piece,piece|g|kg,
ham,Jambon,jambon_67343_w100h100c1cx350cy350.jpg,meat,Ham,Jamón,piece,piece|g,tranche
herbSeasonedHam,Jambon aux herbes,jambon-aux-herbes_160833_w100h100c1cxt0cyt0cxb800cyb631.png,meat,Herb-seasoned ham,jamón sazonado con hierbas,piece,piece|g,tranche
whiteHam,Jambon blanc,jambon-blanc_67392_w100h100c1cx350cy350.jpg,meat,White ham,jamón blanco,piece,piece|g,tranche
rawHam,Jambon cru,jambon-cru_67670_w100h100c1cx350cy350.jpg,meat,Raw ham,jamón crudo,piece,piece|g,tranche
parmaHam,Jambon de Parme,jambon-de-parme_111014_w100h100c1cx1609cy1597cxt0cyt0cxb3219cyb3195.jpg,meat,Parma ham,jamón de Parma,piece,piece|g,tranche
countryHam,Jambon de pays,jambon-de-pays_132975_w100h100c1cx411cy411cxt0cyt0cxb822cyb822.png,meat,Country ham,jamón serrano,piece,piece|g,tranche
vendEHam,Jambon de vendée,jambon-de-vendee_76413_w100h100c1cx3354cy2235cxt0cyt0cxb6708cyb4471.jpg,meat,Vendée ham,jamón de Vendée,piece,piece|g,tranche
virginiaHam,Jambon de virginie,jambon-de-virginie_76422_w100h100c1cx1771cy1565cxt0cyt0cxb3543cyb3130.jpg,meat,Virginia ham,Jamón de Virginia,piece,piece|g,tranche
poultryHam,Jambon de volaille,,meat,Poultry ham,Jamón de ave,piece,piece|g,tranche
smokedHam,Jambon fumé,jambon-fume_67351_w100h100c1cx350cy350.jpg,meat,Smoked ham,Jamón ahumado,piece,piece|g,tranche
iberianHam,Jambon ibérique,jambon-iberique_76416_w100h100c1cx2850cy1950cxt0cyt0cxb5700cyb3900.jpg,meat,Iberian ham,jamón ibérico,piece,piece|g,tranche
thinlySlicedItalianHam,Jambon italien finement découpé,,meat,Thinly sliced ​​Italian ham,Jamón italiano cortado en lonchas finas,piece,piece|g,tranche
parsleyHam,Jambon persillé,,meat,Parsley ham,jamón con perejil,piece,piece|g,tranche
dryCuredHam,Jambon sec,jambon-sec_68964_w100h100c1cxt0cyt0cxb700cyb700.jpg,meat,Dry-cured ham,jamón curado en seco,piece,piece|g,tranche
hamHock,Jambonneau,jambonneau_117170_w100h100c1cx764cy707cxt0cyt0cxb1528cyb1414.jpeg,meat,Ham hock,codillo de jamón,g,g|kg|piece,
lambShank,Jarret d'agneau,jarret-d-agneau_129415_w100h100c1cx362cy241cxt0cyt0cxb724cyb483.jpg,meat,lamb shank,pierna de cordero,g,g|kg|piece,
shin,Jarret de boeuf,jarret-de-boeuf_69078_w100h100c1cxt0cyt0cxb700cyb700.jpg,meat,Shin,Espinilla,g,g|kg|piece,
porkKnuckle,Jarret de porc,jarret-de-porc_118371_w100h100c1cx150cy150cxt0cyt0cxb300cyb300.jpg,meat,pork knuckle,codillo de cerdo,g,g|kg|piece,
vealShank,Jarret de veau,jarret-de-veau_69077_w100h100c1cxt0cyt0cxb700cyb700.jpg,meat,Veal shank,Jarrete de ternera,g,g|kg|piece,
eggYolk,Jaune d'oeuf,jaune-d-oeuf_75634_w100h100c1cx1250cy1250cxt0cyt0cxb2500cyb2500.jpg,dairy,Egg yolk,Yema,piece,piece|g,
jesus,Jésus,,meat,Jesus,Jesús,g,g|kg|piece,
youngEndiveShoot,Jeune pousse d'endive,jeune-pousse-d-endive_128412_w100h100c1cx411cy411cxt0cyt0cxb822cyb822.png,vegetables,Young endive shoot,brotes jóvenes de endivia,piece,piece|g|kg,
youngShoots,Jeunes pousses,jeunes-pousses_117601_w100h100c1cx295cy295cxt0cyt0cxb591cyb591.jpg,vegetables,Young shoots,brotes jóvenes,piece,piece|g|kg,
plays,Joue,,meat,Plays,Obras de teatro,g,g|kg|piece,
monkfishCheek,Joue de lotte,joue-de-lotte_117171_w100h100c1cx350cy350cxt0cyt0cxb700cyb700.jpg,fish,Monkfish cheek,Mejilla de rape,g,g|kg|piece,
porkCheek,Joue de porc,,meat,Pork cheek,carrillera de cerdo,g,g|kg|piece,
jujube,Jujube,jujube_76417_w100h100c1cx3384cy3384cxt0cyt0cxb6768cyb6768.jpg,fruits,Jujube,Pastilla,piece,piece|g|kg,
julienne,Julienne,julienne_67658_w100h100c1cx350cy350.jpg,fish,Julienne,Julienne,g,g|kg|piece,
julienneVegetables,Julienne de légumes,julienne-de-legumes_85088_w100h100c1cx1767cy1767cxt0cyt0cxb3534cyb3534.jpg,vegetables,Julienne vegetables,verduras en juliana,piece,piece|g|kg,
jumbo,Jumbo,,fish,Jumbo,Jumbo,g,g|kg|piece,
lemonJuice,Jus citron,,beverages,Lemon juice,Zumo de limón,ml,ml|l|piece,
apricotJuice,Jus d'abricot,jus-d-abricot_69209_w100h100c1cxt0cyt0cxb700cyb700.jpg,condiments,Apricot juice,Jugo de albaricoque,ml,ml|l|piece,
apricotJuice2,Jus d'abricots,,condiments,Apricot juice,Jugo de albaricoque,ml,ml|l|piece,
citrusJuice,Jus d'agrumes,jus-d-agrumes_69081_w100h100c1cxt0cyt0cxb700cyb700.jpg,condiments,Citrus juice,Jugo de cítricos,ml,ml|l|piece,
pineappleJuice,Jus d'ananas,jus-d-ananas_69082_w100h100c1cxt0cyt0cxb700cyb700.jpg,condiments,Pineapple juice,Jugo de piña,ml,ml|l|piece,
orangeJuice,Jus d'orange,jus-d-orange_69080_w100h100c1cxt0cyt0cxb700cyb700.jpg,condiments,Orange juice,zumo de naranja,ml,ml|l|piece,
orangeJuice3,Jus d'oranges,,condiments,Orange juice,zumo de naranja,ml,ml|l|piece,
juiceOfOneLime,Jus d'un citron vert,,condiments,Juice of one lime,El zumo de una lima,ml,ml|l|piece,
bananaJuice,Jus de banane,jus-de-banane_69210_w100h100c1cxt0cyt0cxb700cyb700.jpg,condiments,Banana juice,jugo de plátano,ml,ml|l|piece,
bananaJuice2,Jus de bananes,,condiments,Banana juice,jugo de plátano,ml,ml|l|piece,
carrotJuice,Jus de carottes,jus-de-carottes_162527_w100h100c1cxt0cyt0cxb500cyb500.png,condiments,Carrot juice,jugo de zanahoria,ml,ml|l|piece,
blackcurrantJuice,Jus de cassis,,condiments,Blackcurrant juice,Jugo de grosella negra,ml,ml|l|piece,
lemonJuice2,Jus de citron,jus-de-citron_147331_w100h100c1cx540cy540cxt0cyt0cxb1080cyb1080.jpg,condiments,Lemon juice,Zumo de limón,ml,ml|l|piece,
lemonJuice3,Jus de citrons,jus-de-citrons_130683_w100h100c1cx241cy362cxt0cyt0cxb483cyb724.jpg,condiments,Lemon juice,Zumo de limón,ml,ml|l|piece,
limeJuice,Jus de citrons verts,jus-de-citrons-verts_152455_w100h100c1cx150cy150cxt0cyt0cxb300cyb300.jpg,condiments,Lime juice,Zumo de lima,ml,ml|l|piece,
cranberryJuice,Jus de cranberries,jus-de-cranberries_69211_w100h100c1cxt0cyt0cxb700cyb700.jpg,condiments,Cranberry juice,Jugo de arándano,ml,ml|l|piece,
cranberryJuice2,Jus de cranberry (canneberges),,condiments,Cranberry juice,Jugo de arándano,ml,ml|l|piece,
cookingJuices,Jus de cuisson,,condiments,Cooking juices,jugos de cocina,ml,ml|l|piece,
strawberryJuice,Jus de fraise,jus-de-fraise_81888_w100h100c1cx2750cy2750cxt0cyt0cxb5500cyb5500.png,condiments,Strawberry juice,Jugo de fresa,ml,ml|l|piece,
strawberryJuice2,Jus de fraises,,condiments,Strawberry juice,Jugo de fresa,ml,ml|l|piece,
raspberryJuice,Jus de framboise,jus-de-framboise_81865_w100h100c1cx1350cy1350cxt0cyt0cxb2700cyb2700.png,condiments,Raspberry juice,Jugo de frambuesa,ml,ml|l|piece,
passionFruitJuice,Jus de fruit de la passion,jus-de-fruit-de-la-passion_69212_w100h100c1cxt0cyt0cxb700cyb700.jpg,condiments,Passion fruit juice,jugo de maracuyá,ml,ml|l|piece,
passionFruitJuiceMaracuja,Jus de fruit de la passion (maracuja),jus-de-fruit-de-la-passion-maracuja_109953_w100h100c1cx350cy350cxt0cyt0cxb700cyb700.jpg,condiments,Passion fruit juice (maracuja),Jugo de maracuyá (maracuyá),ml,ml|l|piece,
multivitaminFruitJuice,Jus de fruit multivitaminé,jus-de-fruit-multivitamine_117360_w100h100c1cx1424cy1424cxt0cyt0cxb2848cyb2848.jpg,condiments,Multivitamin fruit juice,jugo de frutas multivitamínico,ml,ml|l|piece,
exoticFruitJuice,Jus de fruits exotiques,,condiments,Exotic fruit juice,Jugo de frutas exóticas,ml,ml|l|piece,
redFruitJuice,Jus de fruits rouges,jus-de-fruits-rouges_81462_w100h100c1cx1700cy1700cxt0cyt0cxb3400cyb3400.png,condiments,Red fruit juice,Jugo de frutos rojos,ml,ml|l|piece,
guavaJuice,Jus de goyave,,condiments,Guava juice,Jugo de guayaba,ml,ml|l|piece,
pomegranateJuice,Jus de grenade,jus-de-grenade_160906_w100h100c1cxt0cyt0cxb500cyb500.png,condiments,Pomegranate juice,Jugo de granada,ml,ml|l|piece,
kiwiJuice,Jus de kiwi,,condiments,Kiwi juice,Jugo de kiwi,ml,ml|l|piece,
lycheeJuice,Jus de lychees (litchis),,condiments,Lychee juice,Jugo de lichi,ml,ml|l|piece,
mangoJuice,Jus de mangue,jus-de-mangue_117606_w100h100c1cx295cy295cxt0cyt0cxb591cyb591.jpg,condiments,Mango juice,jugo de mango,ml,ml|l|piece,
mangoJuice2,Jus de mangues,,condiments,Mango juice,jugo de mango,ml,ml|l|piece,
mirabellePlumJuice,Jus de mirabelle,,condiments,Mirabelle plum juice,jugo de ciruela Mirabelle,ml,ml|l|piece,
grapefruitJuice,Jus de pamplemousses,jus-de-pamplemousses_160528_w100h100c1cxt0cyt0cxb4124cyb3857.jpg,condiments,Grapefruit juice,Jugo de toronja,ml,ml|l|piece,
pearJuice,Jus de poires,,condiments,Pear juice,Jugo de pera,ml,ml|l|piece,
appleJuice,Jus de pomme,jus-de-pomme_117604_w100h100c1cx295cy295cxt0cyt0cxb591cyb591.jpg,condiments,Apple juice,Zumo de manzana,ml,ml|l|piece,
appleJuice2,Jus de pommes,,condiments,Apple juice,Zumo de manzana,ml,ml|l|piece,
roastJuices,Jus de rôti,,condiments,Roast juices,jugos asados,ml,ml|l|piece,
tomatoJuice,Jus de tomates,jus-de-tomates_115718_w100h100c1cx170cy252cxt0cyt0cxb341cyb505.jpg,condiments,Tomato juice,Jugo de tomate,ml,ml|l|piece,
vealJuice,Jus de veau,,condiments,Veal juice,Jugo de ternera,ml,ml|l|piece,
vealJus,Jus de veau lié,,condiments,Veal jus,jugo de ternera,ml,ml|l|piece,
yuzuJuice,Jus de yuzu,jus-de-yuzu_145419_w100h100c1cx1500cy1495cxt0cyt0cxb3000cyb2991.jpg,condiments,Yuzu juice,jugo de yuzu,ml,ml|l|piece,
exoticJuice,Jus exotique,,beverages,Exotic juice,jugo exótico,ml,ml|l|piece,
kadaif,Kadaif,,grains,Kadaif,Kadaif,g,g|kg|piece,
khaki,Kaki,kaki_76421_w100h100c1cx1800cy1750cxt0cyt0cxb3600cyb3500.jpg,fruits,Khaki,Caqui,piece,piece|g|kg,
kale2,Kale,kale_81557_w100h100c1cx2300cy2300cxt0cyt0cxb4600cyb4600.png,vegetables,Kale,Col rizada,piece,piece|g|kg,
kangaroo,Kangourou,kangourou_117172_w100h100c1cx707cy707cxt0cyt0cxb1414cyb1414.jpeg,meat,Kangaroo,Canguro,g,g|kg|piece,
kariKid,Kari gosse,,spices,Kari kid,Kari niño,g,g|piece,
kasha,Kasha,kasha_81464_w100h100c1cx2100cy1516cxt0cyt0cxb4200cyb3033.jpg,grains,Kasha,Kasha,g,g|kg|piece,
kechek,Kechek,,dairy,Kechek,Kechek,g,g|kg|piece,
kefalotiri,Kefalotiri,,dairy,Kefalotiri,Kefalotiri,g,g|kg|piece,
kefir,Kéfir,kefir_81453_w100h100c1cx1543cy1885cxt0cyt0cxb3087cyb3771.jpg,beverages,Kefir,Kéfir,ml,ml|l|cl|piece,
ketchup,Ketchup,ketchup_70361_w100h100c1cxt0cyt0cxb700cyb700.jpg,condiments,Ketchup,Ketchup,g,g|ml|piece,
kinderBueno,Kinder bueno,,snacks,Kinder Bueno,Kinder Bueno,g,g|piece,
kinderSurprise,Kinder surprise,,snacks,Kinder Surprise,Kinder Sorpresa,g,g|piece,
kiri,Kiri,kiri_117417_w100h100c1cx866cy866cxt0cyt0cxb1732cyb1732.jpg,dairy,Kiri,Kiri,g,g|kg|piece,
kirsch,Kirsch,kirsch_67726_w100h100c1cx350cy350.jpg,beverages,Kirsch,Kirsch,ml,ml|l|cl|piece,
kiwi,Kiwi,kiwi_67631_w100h100c1cx350cy350.jpg,fruits,Kiwi,Kiwi,piece,piece|g|kg,
kiwis,Kiwis,,fruits,Kiwis,Kiwis,piece,piece|g|kg,
knack,Knack,knack_118373_w100h100c1cx1471cy1296cxt0cyt0cxb2943cyb2592.jpg,meat,Knack,Maña,g,g|kg|piece,
knacki,Knacki,knacki_117350_w100h100c1cx1471cy1296cxt0cyt0cxb2943cyb2592.jpg,meat,Knacki,Knacki,g,g|kg|piece,
knackiBall,Knacki ball,,meat,Knacki ball,Bola Knacki,g,g|kg|piece,
kombu,Kombu,,vegetables,Kombu,Kombu,piece,piece|g|kg,
kombucha,Kombucha,,beverages,Kombucha,Kombucha,ml,ml|l|cl|piece,
kororima,Kororima,,spices,Kororima,Kororima,g,g|piece,
krisprolls,Krisprolls,krisprolls_117536_w100h100c1cx295cy295cxt0cyt0cxb591cyb591.jpg,grains,Krisprolls,Krisprolls,g,g|kg|piece,
kubOr,Kub or,,spices,Kub or,Kub o,g,g|piece,
kumquat,Kumquat,kumquat_76432_w100h100c1cx2800cy2800cxt0cyt0cxb5600cyb5600.jpg,fruits,Kumquat,Naranja china,piece,piece|g|kg,
labeyrieDuckConfit,LABEYRIE Confit de Canard,,meat,LABEYRIE Duck Confit,Confit de pato LABEYRIE,g,g|kg|piece,
saffronMilkcap,Lactaire délicieux,,spices,Saffron Milkcap,Nigella láctea,g,g|piece,
milk,Lait,lait_67388_w100h100c1cx350cy350.jpg,dairy,Milk,Leche,ml,ml|l|piece,
curdledMilk,Lait caillé,lait-caille_118439_w100h100c1cx318cy315cxt0cyt0cxb636cyb630.png,dairy,Curdled milk,Leche cuajada,ml,ml|l|piece,
condensedMilk,Lait concentré,lait-concentre_67444_w100h100c1cx350cy350.jpg,canned,Condensed milk,Leche condensada,ml,ml|l|piece,
unsweetenedCondensedMilk,Lait concentré non sucré,lait-concentre-non-sucre_67523_w100h100c1cx350cy350.jpg,dairy,Unsweetened condensed milk,leche condensada sin azúcar,ml,ml|l|piece,
sweetenedCondensedMilk,Lait concentré sucré,lait-concentre-sucre_67661_w100h100c1cx350cy350.jpg,dairy,Sweetened condensed milk,leche condensada azucarada,ml,ml|l|piece,
vanillaCondensedMilk,Lait concentré vanillé,lait-concentre-vanille_69001_w100h100c1cxt0cyt0cxb700cyb700.jpg,dairy,Vanilla condensed milk,leche condensada de vainilla,ml,ml|l|piece,
almondMilk,Lait d'amande,lait-d-amande_108651_w100h100c1cx150cy150cxt0cyt0cxb300cyb300.jpg,beverages,Almond milk,leche de almendras,ml,ml|l|piece,
oatMilk,Lait d'avoine,lait-d-avoine_117843_w100h100c1cx362cy241cxt0cyt0cxb724cyb483.jpg,beverages,Oat milk,leche de avena,ml,ml|l|piece,
speltMilk,Lait d'épeautre,,beverages,Spelt milk,leche de espelta,ml,ml|l|piece,
sheepSMilk,Lait de brebis,,condiments,Sheep's milk,leche de oveja,ml,ml|l|piece,
chestnutMilk,Lait de châtaigne,,beverages,Chestnut milk,Leche de castañas,ml,ml|l|piece,
goatSMilk,Lait de chèvre,lait-de-chevre_76428_w100h100c1cx1500cy1500cxt0cyt0cxb3000cyb3000.jpg,condiments,Goat's milk,leche de cabra,ml,ml|l|piece,
coconutMilk,Lait de coco,lait-de-coco_67711_w100h100c1cx350cy350.jpg,preparation,Coconut milk,Leche de coco,ml,ml|l|piece,
hazelnutMilk,Lait de noisettes,,condiments,Hazelnut milk,leche de avellana,ml,ml|l|piece,
riceMilk,Lait de riz,lait-de-riz_118438_w100h100c1cx315cy276cxt0cyt0cxb631cyb553.jpg,beverages,Rice milk,leche de arroz,ml,ml|l|piece,
soyMilk,Lait de soja,lait-de-soja_69083_w100h100c1cxt0cyt0cxb700cyb700.jpg,beverages,Soy milk,leche de soja,ml,ml|l|piece,
semiSkimmedMilk,Lait demi-écrémé,lait-demi-ecreme_67593_w100h100c1cx350cy350.jpg,dairy,Semi-skimmed milk,leche semidesnatada,ml,ml|l|piece,
concentratedSemiSkimmedMilk,Lait demi-écrémé concentré,lait-demi-ecreme-concentre_69002_w100h100c1cxt0cyt0cxb700cyb700.jpg,dairy,Concentrated semi-skimmed milk,leche semidesnatada concentrada,ml,ml|l|piece,
skimmedMilk,Lait écrémé,lait-ecreme_68928_w100h100c1cxt0cyt0cxb700cyb700.jpg,dairy,Skimmed milk,Leche desnatada,ml,ml|l|piece,
powderedMilk,Lait en poudre,lait-en-poudre_69135_w100h100c1cxt0cyt0cxb700cyb700.jpg,preparation,Powdered milk,leche en polvo,g,g|kg|piece,
semiSkimmedMilkPowder,Lait en poudre demi-écrémé,lait-en-poudre-demi-ecreme_68929_w100h100c1cxt0cyt0cxb700cyb700.jpg,dairy,Semi-skimmed milk powder,Leche semidesnatada en polvo,g,g|kg|piece,
skimmedMilkPowder,Lait en poudre écrémé,lait-en-poudre-ecreme_68930_w100h100c1cxt0cyt0cxb700cyb700.jpg,dairy,Skimmed milk powder,leche desnatada en polvo,g,g|kg|piece,
wholeMilkPowder,Lait en poudre entier,lait-en-poudre-entier_69136_w100h100c1cxt0cyt0cxb700cyb700.jpg,dairy,Whole milk powder,leche entera en polvo,g,g|kg|piece,
wholeMilk,Lait entier,lait-entier_76423_w100h100c1cx1668cy1974cxt0cyt0cxb3336cyb3948.jpg,dairy,Whole milk,leche entera,ml,ml|l|piece,
concentratedWholeMilk,Lait entier concentré,lait-entier-concentre_69003_w100h100c1cxt0cyt0cxb700cyb700.jpg,dairy,Concentrated whole milk,leche entera concentrada,ml,ml|l|piece,
fermentedMilk,Lait fermenté,lait-fermente_76429_w100h100c1cx2000cy2000cxt0cyt0cxb4000cyb4000.jpg,dairy,Fermented milk,leche fermentada,ml,ml|l|piece,
infantFormula,Lait maternisé,,dairy,Infant formula,fórmula infantil,ml,ml|l|piece,
buttermilk2,Lait ribot,,dairy,Buttermilk,Suero de la leche,ml,ml|l|piece,
plantBasedMilk,Lait végétal,lait-vegetal_115646_w100h100c1cx48cy48cxt0cyt0cxb96cyb96.jpg,beverages,Plant-based milk,leche vegetal,ml,ml|l|piece,
lettuce,Laitue,laitue_76431_w100h100c1cx1800cy1750cxt0cyt0cxb3600cyb3500.jpg,vegetables,Lettuce,Lechuga,piece,piece|g,
lambig,Lambig,,beverages,Lambig,Lambig,ml,ml|l|cl|piece,
lambis,Lambis,,seafood,Lambis,Lambis,g,g|kg|piece,
lamprey,Lamproie,lamproie_117547_w100h100c1cx295cy295cxt0cyt0cxb591cyb591.jpg,fish,Lamprey,Lamprea,g,g|kg|piece,
lobster2,Langouste,langouste_76430_w100h100c1cx2500cy2500cxt0cyt0cxb5000cyb5000.jpg,seafood,Lobster,Langosta,g,g|kg|piece,
langoustine,Langoustine,langoustine_67584_w100h100c1cx350cy350.jpg,seafood,Langoustine,Langostino,g,g|kg|piece,
langres,Langres,langres_117175_w100h100c1cxt0cyt0cxb1487cyb1487.jpeg,dairy,Langres,Langres,g,g|kg|piece,
language,Langue,langue_69084_w100h100c1cxt0cyt0cxb700cyb700.jpg,meat,Language,Idioma,g,g|kg|piece,
catSTongue,Langue de chat,langue-de-chat_117176_w100h100c1cx1062cy706cxt256cyt0cxb1770cyb1412.jpg,snacks,Cat's tongue,Lengua de gato,g,g|piece,
sheepSTongue,Langue de mouton,,meat,Sheep's tongue,Lengua de oveja,g,g|kg|piece,
calfSTongue,Langue de veau,,meat,Calf's tongue,Lengua de ternera,g,g|kg|piece,
scarletTongue,Langue écarlate,,meat,Scarlet tongue,Lengua escarlata,g,g|kg|piece,
rabbit,Lapin,lapin_67616_w100h100c1cx350cy350.jpg,meat,Rabbit,Conejo,g,g|kg|piece,
wholeRabbit,Lapin entier,lapin-entier_76799_w100h100c1cx2750cy2750cxt0cyt0cxb5500cyb5500.jpg,meat,Whole rabbit,conejo entero,g,g|kg|piece,
bacon2,Lard,lard_67645_w100h100c1cx350cy350.jpg,meat,Bacon,Tocino,g,g|kg|piece,
smokedBacon,Lard fumé,lard-fume_67756_w100h100c1cx350cy350.jpg,meat,Smoked bacon,Tocino ahumado,g,g|kg|piece,
bacon3,Lardons,lardons_67383_w100h100c1cx350cy350.jpg,meat,Bacon,Tocino,g,g|kg|piece,
smokedBacon2,Lardons fumés,lardons-fumes_67477_w100h100c1cx350cy350.jpg,meat,Smoked bacon,Tocino ahumado,g,g|kg|piece,
lasagna,Lasagnes,lasagnes_67588_w100h100c1cx350cy350.jpg,meal,Lasagna,Lasaña,piece,piece|g,
lasagnettes,Lasagnettes,,meal,Lasagnettes,Lasañas,piece,piece|g,
laurel,Laurier,laurier_67707_w100h100c1cx350cy350.jpg,spices,Laurel,Laurel,piece,piece|g,feuille
lavender,Lavande,lavande_68941_w100h100c1cxt0cyt0cxb700cyb700.jpg,spices,Lavender,Lavanda,g,g|piece,
soyLecithin,Lécithine de soja,lecithine-de-soja_129291_w100h100c1cx1000cy750cxt0cyt0cxb2000cyb1500.jpg,preparation,Soy lecithin,lecitina de soja,g,g|ml|piece,
leerdammer,Leerdammer,,dairy,Leerdammer,Leerdammer,g,g|kg|piece,
leffe,Leffe,,beverages,Leffe,Leffe,ml,ml|l|cl|piece,
vegetables,Légumes,legumes_67398_w100h100c1cx350cy350.jpg,vegetables,Vegetables,Verduras,piece,piece|g|kg,
lemonCress,Lemon cress,,spices,Lemon cress,berro de limón,g,g|piece,
lemonCurd,Lemon curd,lemon-curd_69085_w100h100c1cxt0cyt0cxb700cyb700.jpg,condiments,Lemon curd,crema de limón,g,g|kg|ml|l|piece,
lemongrass2,Lemon-grass,lemon-grass_117409_w100h100c1cxt0cyt0cxb2848cyb2848.jpg,spices,Lemongrass,Hierba de limón,g,g|piece,
blondeContactLenses,Lentille blonde,lentille-blonde_162635_w100h100c1cxt0cyt0cxb500cyb500.png,grains,Blonde contact lenses,Lentes de contacto rubias,g,g|kg|piece,
lenses,Lentilles,lentille_67625_w100h100c1cx2131cy1418cxt0cyt0cxb4272cyb2848.jpg,grains,Lenses,Lentes,g,g|kg|piece,
coralLenses,Lentilles corail,lentille-corail_67480_w100h100c1cx350cy350.jpg,grains,Coral lenses,Lentes de coral,g,g|kg|piece,
greenLentils,Lentilles vertes,lentilles-vertes_67559_w100h100c1cx350cy350.jpg,grains,Green lentils,Lentejas verdes,g,g|kg|piece,
lentin,Lentin,lentin_77362_w100h100c1cx3008cy2008cxt0cyt0cxb6016cyb4016.jpg,vegetables,Lentin,Lentín,piece,piece|g|kg,
leaven,Levain,,grains,Leaven,Levadura,g,g|kg|piece,
yeast,Levure,levure_67565_w100h100c1cx350cy350.jpg,preparation,Yeast,Levadura,g,g|ml|piece,
bakingPowder2,Levure chimique,levure-chimique_67355_w100h100c1cx350cy350.jpg,preparation,Baking powder,Levadura en polvo,g,g|ml|piece,
brewerSYeast,Levure de bière,,preparation,Brewer's yeast,levadura de cerveza,g,g|ml|piece,
bakerSYeast,Levure de boulanger,levure-de-boulanger_85093_w100h100c1cx537cy537cxt0cyt0cxb1074cyb1074.png,grains,Baker's yeast,levadura de panadería,g,g|kg|piece,
freshBakerSYeast,Levure de boulanger fraîche,levure-de-boulanger-fraiche_85091_w100h100c1cx1466cy1466cxt0cyt0cxb2932cyb2932.jpg,grains,Fresh baker's yeast,Levadura fresca de panadería,g,g|kg|piece,
driedBakerSYeast,Levure de boulanger sèche,levure-de-boulanger-seche_85092_w100h100c1cx537cy537cxt0cyt0cxb1074cyb1074.png,grains,Dried baker's yeast,levadura de panadería seca,g,g|kg|piece,
binder,Liant,,condiments,Binder,Aglutinante,g,g|kg|ml|l|piece,
instantBinder,Liant instantané,,preparation,Instant binder,carpeta instantánea,g,g|ml|piece,
pollack,Lieu jaune,,fish,Pollack,Pollock,g,g|kg|piece,
saithe,Lieu noir,lieu-noir_67607_w100h100c1cx2808cy1872.jpg,fish,Saithe,Salmón,g,g|kg|piece,
norwegianSaithe,Lieu noir de Norvège,lieu-noir-de-norvege_162525_w100h100c1cxt0cyt0cxb500cyb500.png,fish,Norwegian saithe,abadejo noruego,g,g|kg|piece,
hare,Lièvre,,meat,Hare,liebre,g,g|kg|piece,
whiteLillet,Lillet blanc,,beverages,White Lillet,Lillet blanco,ml,ml|l|cl|piece,
flounder,Limande,limande_117177_w100h100c1cx707cy707cxt0cyt0cxb1414cyb1414.jpeg,fish,Flounder,Platija,g,g|kg|piece,
lime2,Lime,lime_117494_w100h100c1cx350cy350cxt0cyt0cxb700cyb700.jpg,fruits,Lime,Cal,piece,piece|g|kg,
limeCordial,Lime cordial,,condiments,Lime cordial,cordial de lima,g,g|kg|ml|l|piece,
lemonade,Limonade,limonade_69087_w100h100c1cxt0cyt0cxb700cyb700.jpg,beverages,Lemonade,Limonada,ml,ml|l|cl|piece,
lemonadeSodaSprite7up,"Limonade (soda, sprite, 7up)",,beverages,"Lemonade (soda, sprite, 7up)","Limonada (refresco, Sprite, 7up)",ml,ml|l|cl|piece,
limoncello,Limoncello,limoncello_81508_w100h100c1cx2400cy2400cxt0cyt0cxb4800cyb4800.jpg,beverages,Limoncello,Limoncello,ml,ml|l|cl|piece,
ling,Lingue,,fish,Ling,Abadejo,g,g|kg|piece,
linguine,Linguine,linguine_69086_w100h100c1cxt0cyt0cxb700cyb700.jpg,grains,Linguine,Linguine,g,g|kg|piece,
liqueur,Liqueur,liqueur_67446_w100h100c1cx350cy350.jpg,beverages,Liqueur,Licor,ml,ml|l|cl|piece,
apricotLiqueurApricotBrandy,Liqueur d'abricots (abricot brandy),,beverages,Apricot liqueur (apricot brandy),licor de albaricoque (brandy de albaricoque),ml,ml|l|cl|piece,
almondLiqueur,Liqueur d'amande,liqueur-d-amande_68949_w100h100c1cxt0cyt0cxb700cyb700.jpg,beverages,Almond liqueur,Licor de almendras,ml,ml|l|cl|piece,
aniseLiqueur,Liqueur d'anis,,beverages,Anise liqueur,licor de anís,ml,ml|l|cl|piece,
orangeFlavoredArmagnacLiqueur,Liqueur d'armagnac à l'orange,,beverages,Orange-flavored Armagnac liqueur,Licor de Armagnac con sabor a naranja,ml,ml|l|cl|piece,
orangeLiqueur,Liqueur d'orange,,beverages,Orange liqueur,licor de naranja,ml,ml|l|cl|piece,
whiteCocoaLiqueur,Liqueur de cacao blanc,,beverages,White cocoa liqueur,licor de cacao blanco,ml,ml|l|cl|piece,
coffeeLiqueurKahluaMarieBrizard,"Liqueur de café (kahlua, marie brizard)",,beverages,"Coffee liqueur (Kahlua, Marie Brizard)","Licor de café (Kahlua, Marie Brizard)",ml,ml|l|cl|piece,
cherryLiqueur,Liqueur de cerises,,beverages,Cherry liqueur,licor de cereza,ml,ml|l|cl|piece,
lemonLiqueurLimoncello,Liqueur de citrons (limoncello),,beverages,Lemon liqueur (limoncello),Licor de limón (limoncello),ml,ml|l|cl|piece,
coconutLiqueurCocogifMalibu,"Liqueur de coco (cocogif, malibu)",,beverages,"Coconut liqueur (cocogif, malibu)","Licor de coco (cocogif, malibu)",ml,ml|l|cl|piece,
figLiqueur,Liqueur de figue,,beverages,Fig liqueur,licor de higos,ml,ml|l|cl|piece,
strawberryLiqueur,Liqueur de fraises,,beverages,Strawberry liqueur,licor de fresa,ml,ml|l|cl|piece,
raspberryLiqueur,Liqueur de framboise,,beverages,Raspberry liqueur,licor de frambuesa,ml,ml|l|cl|piece,
lycheeLiqueur,Liqueur de litchi,,beverages,Lychee liqueur,Licor de lichi,ml,ml|l|cl|piece,
mintLiqueur,Liqueur de menthe,,beverages,Mint liqueur,licor de menta,ml,ml|l|cl|piece,
whiteMintLiqueurGet31,Liqueur de menthe blanche (get 31),,beverages,White mint liqueur (get 31),Licor de menta blanca (obtener 31),ml,ml|l|cl|piece,
spearmintLiqueurGet27,Liqueur de menthe verte (get 27),,beverages,Spearmint liqueur (get 27),Licor de hierbabuena (obtener 27),ml,ml|l|cl|piece,
mirabellePlumLiqueur,Liqueur de mirabelles,,beverages,Mirabelle plum liqueur,licor de ciruela Mirabelle,ml,ml|l|cl|piece,
walnutLiqueur,Liqueur de noix,,beverages,Walnut liqueur,Licor de nuez,ml,ml|l|cl|piece,
appleLiqueur,Liqueur de pomme,,beverages,Apple liqueur,licor de manzana,ml,ml|l|cl|piece,
appleLiqueurManzanaManzanita,"Liqueur de pommes (manzana, manzanita)",,beverages,"Apple liqueur (manzana, manzanita)","Licor de manzana (manzana, manzanita)",ml,ml|l|cl|piece,
plumLiqueur,Liqueur de prunes,,beverages,Plum liqueur,licor de ciruela,ml,ml|l|cl|piece,
plumLiqueur2,Liqueur de quetsches,,beverages,Plum liqueur,licor de ciruela,ml,ml|l|cl|piece,
roseLiqueur,Liqueur de rose,,beverages,Rose liqueur,licor de rosas,ml,ml|l|cl|piece,
mandarinLiqueur,Liqueur mandarine,,beverages,Mandarin liqueur,licor de mandarina,ml,ml|l|cl|piece,
napoleonMandarinLiqueur,Liqueur mandarine napoléon,,beverages,Napoleon mandarin liqueur,licor de mandarina Napoleón,ml,ml|l|cl|piece,
waterBindweed,Liseron d'eau,liseron-d-eau_117178_w100h100c1cxt0cyt0cxb1267cyb1267.jpeg,vegetables,Water bindweed,correhuela acuática,piece,piece|g|kg,
litchi,Litchi,litchi_67620_w100h100c1cx350cy350.jpg,fruits,Litchi,Lychee,piece,piece|g|kg,
lycheeInSyrup,Litchi au sirop,litchi-au-sirop_69088_w100h100c1cxt0cyt0cxb700cyb700.jpg,canned,Lychee in syrup,Lichis en almíbar,piece,piece|g|kg,
livarot,Livarot,livarot_76801_w100h100c1cx2592cy1728cxt0cyt0cxb5184cyb3456.jpg,dairy,Livarot,Livarot,g,g|kg|piece,
lovage,Livèche,liveche_76804_w100h100c1cx3680cy2456cxt0cyt0cxb7360cyb4912.jpg,spices,Lovage,Levístico,g,g|piece,
longanisse,Longanisse,longanisse_117380_w100h100c1cx866cy866cxt0cyt0cxb1732cyb1732.jpg,meat,Longanisse,Longaniza,g,g|kg|piece,
bluefinTunaLoin,Longe de thon rouge,,fish,Bluefin tuna loin,lomo de atún rojo,g,g|kg|piece,
monkfish,Lotte,lotte_67413_w100h100c1cx350cy350.jpg,fish,Monkfish,rape,g,g|kg|piece,
lotus,Lotus,lotus_117180_w100h100c1cxt0cyt0cxb1461cyb1461.jpeg,vegetables,Lotus,Loto,piece,piece|g|kg,
louPRac,Lou pérac,,dairy,Lou pérac,Lou Pérac,g,g|kg|piece,
wolf,Loup,,fish,Wolf,Lobo,g,g|kg|piece,
seaBass,Loup de mer,,fish,Sea bass,Lubina,g,g|kg|piece,
lupini,Lupini,,grains,Lupini,Lupini,g,g|kg|piece,
peanutMMS,M&M's cacahuète,m-m-s-cacahuete_69220_w100h100c1cxt0cyt0cxb700cyb700.jpg,snacks,Peanut M&M's,M&M's de cacahuete,g,g|piece,
maasdam,Maasdam,maasdam_76802_w100h100c1cx2027cy2027cxt0cyt0cxb4055cyb4055.jpg,dairy,Maasdam,Maasdam,g,g|kg|piece,
macaron,Macaron,macaron_69089_w100h100c1cxt0cyt0cxb700cyb700.jpg,snacks,Macaron,Macaron,g,g|piece,
macaroni,Macaroni,macaroni_67626_w100h100c1cx350cy350.jpg,grains,Macaroni,Macarrones,g,g|kg|piece,
macedonia,Macédoine,macedoine_67403_w100h100c1cx350cy350.jpg,meal,Macedonia,macedonia,piece,piece|g,
lambSLettuce,Mâche,mache_67474_w100h100c1cx350cy350.jpg,vegetables,Lamb's lettuce,Lechuga de cordero,piece,piece|g,
mace,Macis,macis_117480_w100h100c1cx295cy295cxt0cyt0cxb591cyb591.jpg,spices,Mace,Maza,g,g|piece,
scoter,Macreuse,,meat,Scoter,Negrón,g,g|kg|piece,
madeleine,Madeleine,madeleine_67570_w100h100c1cx350cy350.jpg,snacks,Madeleine,Madeleine,g,g|piece,
madeira,Madère,,beverages,Madeira,Madeira,ml,ml|l|cl|piece,
duckBreast,Magret de Canard,magret-de-canard_67400_w100h100c1cx350cy350.jpg,meat,Duck breast,pechuga de pato,piece,piece|g|kg,
smokedDuckBreast,Magret de canard fumé,magret-de-canard-fume_76803_w100h100c1cx2750cy2750cxt0cyt0cxb5500cyb5500.jpg,meat,Smoked duck breast,pechuga de pato ahumada,piece,piece|g|kg,
driedDuckBreast,Magret de canard séché,,meat,Dried duck breast,pechuga de pato seca,piece,piece|g|kg,
smokedDuckBreast2,Magret fumé,,meat,Smoked duck breast,pechuga de pato ahumada,piece,piece|g|kg,
driedDuckBreast2,Magret séché,,meat,Dried duck breast,pechuga de pato seca,piece,piece|g|kg,
mahiMahi,Mahi mahi,,fish,Mahi mahi,Mahi mahi,g,g|kg|piece,
but,Maïs,mais_67748_w100h100c1cx350cy350.jpg,vegetables,But,Pero,piece,piece|g|kg,
popcorn,Maïs à pop corn,,grains,Popcorn,Palomitas,g,g|kg|piece,
cornflour,Maïzena,maizena_67578_w100h100c1cx350cy350.jpg,preparation,Cornflour,Harina de maíz,g,g|ml|piece,
malabars,Malabars,,snacks,Malabars,Malabares,g,g|piece,
malibu,Malibu,,beverages,Malibu,Malibú,ml,ml|l|cl|piece,
malibuCoconut,Malibu coco,,beverages,Malibu coconut,coco de Malibú,ml,ml|l|cl|piece,
malta,Malte,malte_129289_w100h100c1cx1060cy707cxt0cyt0cxb2121cyb1414.jpg,grains,Malta,Malta,g,g|kg|piece,
manchego,Manchego,manchego_117181_w100h100c1cx705cy705cxt0cyt0cxb1411cyb1411.jpeg,dairy,Manchego,Manchego,g,g|kg|piece,
mandarin,Mandarine,mandarine_67627_w100h100c1cx350cy350.jpg,fruits,Mandarin,mandarín,piece,piece|g|kg,
mangosteen,Mangoustan,mangoustan_76400_w100h100c1cx3000cy2494cxt0cyt0cxb6000cyb4989.jpg,fruits,Mangosteen,Mangostán,piece,piece|g|kg,
mango,Mangue,mangue_67380_w100h100c1cx350cy350.jpg,fruits,Mango,mango,piece,piece|g|kg,
grainsOfParadise,Maniguette,,spices,Grains of Paradise,Granos del paraíso,g,g|piece,
cassava,Manioc,manioc_76403_w100h100c1cx2000cy2000cxt0cyt0cxb4000cyb4000.jpg,vegetables,Cassava,Mandioca,piece,piece|g|kg,
manouri,Manouri,manouri_76809_w100h100c1cx1072cy1099cxt0cyt0cxb2145cyb2199.jpg,dairy,Manouri,Manouri,g,g|kg|piece,
manzana,Manzana,,beverages,Manzana,Manzana,ml,ml|l|cl|piece,
mackerel,Maquereau,maquereau_67672_w100h100c1cx350cy350.jpg,fish,Mackerel,Caballa,g,g|kg|piece,
maraschino,Marasquin,,beverages,Maraschino,Marrasquino,ml,ml|l|cl|piece,
marc,Marc,,beverages,Marc,Bagazo,ml,ml|l|cl|piece,
wildBoar,Marcassin,,meat,Wild boar,Jabalí,g,g|kg|piece,
margarine,Margarine,margarine_67587_w100h100c1cx350cy350.jpg,dairy,Margarine,Margarina,g,g|kg|piece,
marieBrizard,Marie brizard,,grains,Marie Brizard,María Brizard,g,g|kg|piece,
marjoram,Marjolaine,marjolaine_67653_w100h100c1cx350cy350.jpg,spices,Marjoram,Mejorana,g,g|piece,
marlin,Marlin,,fish,Marlin,Aguja,g,g|kg|piece,
apricotMarmalade,Marmelade d'abricot,marmelade-d-abricot_78363_w100h100c1cx2500cy2500cxt0cyt0cxb5000cyb5000.jpg,condiments,Apricot marmalade,mermelada de albaricoque,g,g|ml|piece,
orangeMarmalade2,Marmelade d'orange,marmelade-d-orange_117375_w100h100c1cx1424cy1424cxt0cyt0cxb2848cyb2848.jpg,condiments,Orange marmalade,mermelada de naranja,g,g|ml|piece,
maroilles,Maroilles,maroilles_67531_w100h100c1cx350cy350.jpg,dairy,Maroilles,Maroilles,g,g|kg|piece,
maronsuiS,MaronSui's,,snacks,MaronSui's,MaronSui,g,g|piece,
candiedChestnut,Marron glacé,,snacks,Candied chestnut,castaña confitada,g,g|piece,
chestnuts2,Marrons,marrons_67760_w100h100c1cx350cy350.jpg,grains,Chestnuts,Castañas,g,g|kg|piece,
march,Mars,,snacks,March,Marzo,g,g|piece,
marsala,Marsala,,beverages,Marsala,Marsala,ml,ml|l|cl|piece,
marshmallow3,Marshmallow,,snacks,Marshmallow,Malvavisco,g,g|piece,
martini,Martini,,beverages,Martini,martini,ml,ml|l|cl|piece,
whiteMartini,Martini blanc,,beverages,White Martini,Martini blanco,ml,ml|l|cl|piece,
martiniRosso,Martini Rosso,,beverages,Martini Rosso,Martini Rosso,ml,ml|l|cl|piece,
mascarpone,Mascarpone,mascarpone_67742_w100h100c1cx350cy350.jpg,dairy,Mascarpone,Mascarpone,g,g|piece,
massala,Massala,massala_76405_w100h100c1cx2000cy1385cxt0cyt0cxb4000cyb2770.jpg,spices,Massala,Masala,g,g|piece,
massale,Massalé,,spices,Massale,Masa,g,g|piece,
marzipan,Massepain,,snacks,Marzipan,Mazapán,g,g|piece,
mastelle,Mastelle,,snacks,Mastelle,Mástil,g,g|piece,
fat,Matière grasse,,dairy,Fat,Gordo,g,g|kg|piece,
maton,Maton,,dairy,Maton,Maton,g,g|kg|piece,
maury,Maury,,beverages,Maury,Maury,ml,ml|l|cl|piece,
mayonnaise,Mayonnaise,mayonnaise_67759_w100h100c1cx350cy350.jpg,condiments,Mayonnaise,Mayonesa,g,g|ml|piece,
lemonMayonnaise,Mayonnaise au citron,,condiments,Lemon mayonnaise,mayonesa de limón,g,g|ml|piece,
4SpiceBlend,Mélange 4 épices,melange-4-epices_69054_w100h100c1cxt0cyt0cxb300cyb300.jpg,spices,4-spice blend,mezcla de 4 especias,g,g|piece,
4FlavorBlend,Mélange 4 parfums,,spices,4-flavor blend,mezcla de 4 sabores,g,g|piece,
5BerryMix,Mélange 5 baies,melange-5-baies_117401_w100h100c1cx866cy866cxt0cyt0cxb1732cyb1732.jpg,spices,5-berry mix,mezcla de 5 bayas,g,g|piece,
fiveSpiceBlend,Mélange 5 épices,melange-5-epices_69053_w100h100c1cxt0cyt0cxb700cyb700.jpg,spices,Five-spice blend,Mezcla de cinco especias,g,g|piece,
5FlavorBlend,Mélange 5 parfums,,spices,5-Flavor Blend,Mezcla de 5 sabores,g,g|piece,
fiveSpiceBlend2,Mélange d'épices 5 parfums,,spices,Five-spice blend,Mezcla de cinco especias,g,g|piece,
indianSpiceMix,Mélange d'épices indiennes,melange-d-epices-indiennes_118281_w100h100c1cx295cy295cxt0cyt0cxb591cyb591.jpg,spices,Indian spice mix,mezcla de especias indias,g,g|piece,
masalaSpiceMix,Mélange d'épices massala,melange-d-epices-massala_76406_w100h100c1cx2000cy1385cxt0cyt0cxb4000cyb2770.jpg,spices,Masala spice mix,mezcla de especias Masala,g,g|piece,
mexicanSpiceMix,Mélange d'épices mexicaines,,spices,Mexican spice mix,mezcla de especias mexicanas,g,g|piece,
orientalSpiceBlend,Mélange d'épices orientales,,spices,Oriental spice blend,mezcla de especias orientales,g,g|piece,
chiliSpiceMix,Mélange d'épices pour chili,melange-d-epices-pour-chili_117402_w100h100c1cx866cy866cxt0cyt0cxb1732cyb1732.jpg,spices,Chili spice mix,mezcla de especias para chile,g,g|piece,
fishHerbMix,Mélange d'herbes pour poisson,,spices,Fish herb mix,mezcla de hierbas y pescado,g,g|piece,
5BerryPepperBlend,Mélange poivre 5 baies,melange-poivre-5-baies_117406_w100h100c1cx866cy866cxt0cyt0cxb1732cyb1732.jpg,spices,5-berry pepper blend,mezcla de pimienta de 5 bayas,g,g|piece,
molasses,Mélasse,,condiments,Molasses,Melaza,g,g|kg|ml|l|piece,
melfor,Melfor,,condiments,Melfor,Melfor,g,g|kg|ml|l|piece,
lemonBalm,Mélisse,melisse_76807_w100h100c1cx2268cy1509cxt0cyt0cxb4536cyb3018.jpg,spices,Lemon balm,melisa,g,g|piece,
melloukhia,Melloukhia,,grains,Melloukhia,Melloukhia,g,g|kg|piece,
melon,Melon,melon_67562_w100h100c1cx350cy350.jpg,fruits,Melon,Melón,piece,piece|g|kg,
watermelon,Melon d'eau,melon-d-eau_76806_w100h100c1cx2100cy1400cxt0cyt0cxb4200cyb2800.jpg,fruits,Watermelon,Sandía,piece,piece|g|kg,
melonGallia,Melon gallia,melon-gallia_76805_w100h100c1cxt0cyt0cxb5693cyb3795.jpg,fruits,Melon gallia,Gallia de melón,piece,piece|g|kg,
yellowMelon,Melon jaune,,fruits,Yellow melon,Melón amarillo,piece,piece|g|kg,
melonade,Melonade,,fruits,Melonade,Melón,piece,piece|g|kg,
mint,Menthe,menthe_67345_w100h100c1cx2478cy1620.jpg,spices,Mint,Menta,piece,piece|g,feuille
merguez,Merguez,merguez_67395_w100h100c1cx350cy350.jpg,meat,Merguez,Merguez,piece,piece|g|kg,
meringue,Meringue,meringue_67337_w100h100c1cx350cy350.jpg,snacks,Meringue,Merengue,g,g|piece,
whiting,Merlan,merlan_67638_w100h100c1cx350cy350.jpg,fish,Whiting,Pescadilla,g,g|kg|piece,
hake,Merlu,merlu_117183_w100h100c1cx1168cy1168cxt0cyt0cxb2336cyb2336.jpeg,fish,Hake,Merluza,g,g|kg|piece,
merluchon,Merluchon,,fish,Merluchon,Merluchon,g,g|kg|piece,
grouper,Mérou,,fish,Grouper,Agrupador,g,g|kg|piece,
mesclun,Mesclun,mesclun_69090_w100h100c1cxt0cyt0cxb700cyb700.jpg,vegetables,Mesclun,Mesclun,piece,piece|g|kg,
metton,Metton,,dairy,Metton,Metton,g,g|kg|piece,
michoko,Michoko,,snacks,Michoko,Michoko,g,g|piece,
breadcrumb,Mie de pain,,grains,Breadcrumb,Migaja de pan,g,g|kg|piece,
rosemaryHoney,Miel au romarin,miel-au-romarin_69092_w100h100c1cxt0cyt0cxb700cyb700.jpg,spices,Rosemary honey,miel de romero,g,g|ml|piece,
honeyHotDrinkHoneymoon,Miel Boisson chaude Lune de Miel®,miel-boisson-chaude-lune-de-miel_151788_w100h100c1cxt0cyt0cxb500cyb500.png,beverages,Honey Hot Drink Honeymoon®,Bebida caliente de miel Luna de miel®,g,g|ml|piece,
acaciaHoney,Miel d'acacia,miel-d-acacia_69091_w100h100c1cxt0cyt0cxb700cyb700.jpg,condiments,Acacia honey,miel de acacia,g,g|ml|piece,
flowerHoney,Miel de fleurs,,condiments,Flower honey,Miel de flores,g,g|ml|piece,
lavenderHoney,Miel de lavande,miel-de-lavande_159558_w100h100c1cx2500cy2500cxt0cyt0cxb5000cyb5000.jpg,condiments,Lavender honey,Miel de lavanda,g,g|ml|piece,
liquidHoney,Miel liquide,miel-liquide_67414_w100h100c1cx350cy350.jpg,condiments,Liquid honey,Miel líquida,g,g|ml|piece,
wildflowerHoney,Miel toutes fleurs,,condiments,Wildflower honey,Miel de flores silvestres,g,g|ml|piece,
crabFlakes,Miettes de crabe,miettes-de-crabe_69093_w100h100c1cxt0cyt0cxb700cyb700.jpg,seafood,Crab flakes,Copos de cangrejo,g,g|kg|piece,
breadcrumbs2,Miettes de pain,,grains,Breadcrumbs,Pan rallado,g,g|kg|piece,
vealMignonette,Mignonette de veau,,meat,Veal mignonette,mignonette de ternera,g,g|kg|piece,
mikado,Mikado,,snacks,Mikado,Micado,g,g|piece,
mil,Mil,mil_117184_w100h100c1cxt0cyt0cxb5196cyb3840.jpg,grains,Mil,Mil,g,g|kg|piece,
millet,Millet,millet_77244_w100h100c1cx2598cy1920cxt0cyt0cxb5196cyb3840.jpg,grains,Millet,Mijo,g,g|kg|piece,
mimolette,Mimolette,mimolette_67390_w100h100c1cx350cy350.jpg,dairy,Mimolette,Mimolette,g,g|kg|piece,
mincemeat,Mincemeat,,grains,Mincemeat,Carne picada,g,g|kg|piece,
miniBut,Mini mais,,vegetables,Mini but,Mini pero,piece,piece|g|kg,
miniMozzarella,Mini mozzarella,,dairy,Mini mozzarella,Mini mozzarella,g,g|kg|piece,
miniRoll,Mini roulé,,snacks,Mini roll,Mini rollo,g,g|piece,
miniKitkatBunnies,Minis lapins Kitkat®,minis-lapins-kitkat_158913_w100h100c1cx397cy397cxt0cyt0cxb795cyb795.jpeg,snacks,Mini Kitkat® bunnies,Mini conejitos Kitkat®,g,g|piece,
mirabelle,Mirabelle,mirabelle_67579_w100h100c1cx350cy350.jpg,fruits,Mirabelle,Mirabelle,piece,piece|g|kg,
mirin,Mirin,mirin_118626_w100h100c1cx451cy451cxt0cyt0cxb902cyb902.png,condiments,Mirin,Mirin,g,g|kg|ml|l|piece,
miso,Miso,miso_74682_w100h100c1cx1978cy1728cxt0cyt0cxb3956cyb3456.jpg,condiments,Miso,Miso,g,g|kg|ml|l|piece,
whiteMiso,Miso blanc,,condiments,White Miso,Miso blanco,g,g|kg|ml|l|piece,
mizithra,Mizithra,mizithra_76810_w100h100c1cx2128cy1416cxt0cyt0cxb4256cyb2832.jpg,dairy,Mizithra,Mizithra,g,g|kg|piece,
mizuna,Mizuna,,vegetables,Mizuna,Mizuna,piece,piece|g|kg,
mloukhia,Mloukhia,,grains,Mloukhia,Mloukhia,g,g|kg|piece,
boneMarrow,Moelle,moelle_69110_w100h100c1cxt0cyt0cxb700cyb700.jpg,meat,Bone marrow,médula ósea,g,g|kg|piece,
beefMarrow,Moelle de boeuf,moelle-de-boeuf_69109_w100h100c1cxt0cyt0cxb700cyb700.jpg,meat,Beef marrow,tuétano de res,g,g|kg|piece,
mogette,Mogette,mogette_76409_w100h100c1cx2152cy1440cxt0cyt0cxb4304cyb2880.jpg,grains,Mogette,Mogette,g,g|kg|piece,
molokheya,Molokheya,,grains,Molokheya,Molokheya,g,g|kg|piece,
monbazillac,Monbazillac,,beverages,Monbazillac,Monbazillac,ml,ml|l|cl|piece,
montDOr,Mont d'or,mont-d-or_76410_w100h100c1cx2500cy1681cxt0cyt0cxb5000cyb3362.jpg,dairy,Mont d'Or,Mont d'Or,g,g|kg|piece,
montepulciano,Montepulciano,,beverages,Montepulciano,Montepulciano,ml,ml|l|cl|piece,
montereyJack,Monterey jack,,dairy,Monterey jack,Monterey Jack,g,g|kg|piece,
morbier,Morbier,morbier_76812_w100h100c1cx1068cy1068cxt0cyt0cxb2136cyb2136.jpg,dairy,Morbier,Morbier,g,g|kg|piece,
morels,Morilles,morilles_67705_w100h100c1cx350cy350.jpg,vegetables,Morels,Colmenillas,g,g|kg|piece,
mortadella,Mortadelle,mortadelle_80838_w100h100c1cx2450cy2450cxt0cyt0cxb4900cyb4900.png,meat,Mortadella,Mortadela,piece,piece|g,tranche
cod2,Morue,morue_67443_w100h100c1cx350cy350.jpg,fish,Cod,Bacalao,g,g|kg|piece,
moscatel,Moscatel,,beverages,Moscatel,Moscatel,ml,ml|l|cl|piece,
mussels,Moules,moules_67458_w100h100c1cx350cy350.jpg,seafood,Mussels,Mejillones,g,g|kg|piece,
mouloukhia,Mouloukhia,,grains,Mouloukhia,Mouloukya,g,g|kg|piece,
chocolateMousse,Mousse au chocolat,mousse-au-chocolat_81881_w100h100c1cx2000cy2000cxt0cyt0cxb4000cyb4000.png,snacks,Chocolate mousse,Mousse de chocolate,g,g|piece,
liverMousse,Mousse de foie,mousse-de-foie_117185_w100h100c1cx1288cy1288cxt0cyt0cxb2576cyb2576.jpeg,meat,Liver mousse,Mousse de hígado,g,g|kg|piece,
mousseron,Mousseron,mousseron_76813_w100h100c1cx2808cy1872cxt0cyt0cxb5616cyb3744.jpg,vegetables,Mousseron,Mousseron,piece,piece|g|kg,
sparkling,Mousseux,,beverages,Sparkling,Espumoso,ml,ml|l|cl|piece,
grapeMust,Moût de raisin,,fruits,Grape must,mosto de uva,piece,piece|g|kg,
mustard,Moutarde,moutarde_75409_w100h100c1cx350cy350cxt0cyt0cxb700cyb700.jpg,condiments,Mustard,Mostaza,g,g|ml|piece,
oldFashionedMustard,Moutarde à l'ancienne,moutarde-a-l-ancienne_69097_w100h100c1cxt0cyt0cxb700cyb700.jpg,condiments,Old-fashioned mustard,mostaza antigua,g,g|ml|piece,
tarragonMustard,Moutarde à l'estragon,,condiments,Tarragon mustard,mostaza de estragón,g,g|ml|piece,
honeyMustard,Moutarde au miel,,condiments,Honey mustard,mostaza con miel,g,g|ml|piece,
mustardWithEspelettePepper,Moutarde au piment d'Espelette,,condiments,Mustard with Espelette pepper,Mostaza con pimienta de Espelette,g,g|ml|piece,
greenPeppercornMustard,Moutarde au poivre vert,,condiments,Green peppercorn mustard,mostaza de pimienta verde,g,g|ml|piece,
whiteMustard,Moutarde blanche,,condiments,White mustard,mostaza blanca,g,g|ml|piece,
oldFashionedBurgundyMustard,Moutarde de Bourgogne à l’ancienne,moutarde-de-bourgogne-a-l-ancienne_120634_w100h100c1cx866cy866cxt0cyt0cxb1732cyb1732.jpg,condiments,Old-fashioned Burgundy mustard,Mostaza de Borgoña a la antigua,g,g|ml|piece,
dijonMustard,Moutarde de Dijon,moutarde-de-dijon_69095_w100h100c1cxt0cyt0cxb700cyb700.jpg,condiments,Dijon Mustard,Mostaza de Dijon,g,g|ml|piece,
meauxMustard,Moutarde de Meaux,moutarde-de-meaux_76811_w100h100c1cx2040cy1785cxt0cyt0cxb4081cyb3571.jpg,condiments,Meaux Mustard,Mostaza de Meaux,g,g|ml|piece,
mildMustard,Moutarde douce,,condiments,Mild mustard,mostaza suave,g,g|ml|piece,
sheep,Mouton,mouton_67710_w100h100c1cx350cy350.jpg,meat,Sheep,Oveja,g,g|kg|piece,
mouzillon,Mouzillon,,beverages,Mouzillon,Mouzillon,ml,ml|l|cl|piece,
mozzarella,Mozzarella,mozzarella_67396_w100h100c1cx2027cy2027.jpg,dairy,Mozzarella,queso Mozzarella,g,g|kg|piece,
buffaloMozzarella,Mozzarella di buffala,mozzarella-di-buffala_69098_w100h100c1cxt0cyt0cxb700cyb700.jpg,dairy,Buffalo mozzarella,mozzarella de búfala,g,g|kg|piece,
muesli,Muesli,muesli_67654_w100h100c1cx350cy350.jpg,grains,Muesli,Muesli,g,g|kg|piece,
muffin,Muffin,muffin_117484_w100h100c1cx295cy295cxt0cyt0cxb591cyb591.jpg,snacks,Muffin,Mollete,g,g|piece,
wholemealMuffin,Muffin complet,,snacks,Wholemeal muffin,magdalena integral,g,g|piece,
mule,Mulet,,fish,Mule,Mula,g,g|kg|piece,
munster,Munster,munster_69099_w100h100c1cxt0cyt0cxb700cyb700.jpg,dairy,Munster,Munster,g,g|kg|piece,
morayEel,Murène,,meat,Moray eel,morena,g,g|kg|piece,
blackberries,Mûres,mures_67576_w100h100c1cx350cy350.jpg,fruits,Blackberries,Moras,piece,piece|g|kg,
musk,Musc,,spices,Musk,Almizcle,g,g|piece,
nutmeg,Muscade,muscade_67662_w100h100c1cx350cy350.jpg,spices,Nutmeg,Nuez moscada,g,g|piece,
gratedNutmeg,Muscade rapée,muscade-rapee_117435_w100h100c1cx866cy866cxt0cyt0cxb1732cyb1732.jpg,spices,Grated nutmeg,Nuez moscada rallada,g,g|piece,
muscadet,Muscadet,,spices,Muscadet,Muscadet,g,g|piece,
muscat,Muscat,muscat_118628_w100h100c1cx489cy488cxt0cyt0cxb978cyb976.png,beverages,Muscat,Moscatel,ml,ml|l|cl|piece,
muscovado,Muscovado,muscovado_117530_w100h100c1cx866cy866cxt0cyt0cxb1732cyb1732.jpg,condiments,Muscovado,Moscovado,g,g|kg|ml|l|piece,
muzzle,Museau,,meat,Muzzle,Bozal,g,g|kg|piece,
blueberries,Myrtilles,myrtilles_67411_w100h100c1cx350cy350.jpg,fruits,Blueberries,arándanos,piece,piece|g|kg,
swimming,Nage,,condiments,Swimming,Nadar,g,g|kg|ml|l|piece,
tablecloth,Nappage,,condiments,Tablecloth,Mantel,g,g|kg|ml|l|piece,
chocolateTopping,Nappage chocolat,nappage-chocolat_81880_w100h100c1cx2000cy2000cxt0cyt0cxb4000cyb4000.png,condiments,Chocolate topping,Cobertura de chocolate,g,g|kg|ml|l|piece,
nashi,Nashi,nashi_117554_w100h100c1cxt0cyt0cxb591cyb591.jpg,fruits,Nashi,Nashi,piece,piece|g|kg,
lambStew,Navarin d'agneau,,meat,Lamb stew,Estofado de cordero,g,g|kg|piece,
vealStew2,Navarin de veau,,meat,Veal stew,Estofado de ternera,g,g|kg|piece,
navelineTurnipSauerkraut,Naveline (choucroute de navets),,meal,Naveline (turnip sauerkraut),Navelline (chucrut de nabo),piece,piece|g,
turnip,Navet,navet_67703_w100h100c1cx350cy350.jpg,vegetables,Turnip,Nabo,piece,piece|g|kg,
shuttle,Navette,,vegetables,Shuttle,Lanzadera,piece,piece|g|kg,
nectarine2,Nectarine,nectarine_160836_w100h100c1cxt0cyt0cxb5953cyb5657.jpg,fruits,Nectarine,Nectarina,piece,piece|g|kg,
medlar,Nèfle,nefle_76818_w100h100c1cx1439cy1362cxt0cyt0cxb2878cyb2725.jpg,fruits,Medlar,Níspero,piece,piece|g|kg,
nem,Nem,nem_117538_w100h100c1cx295cy295cxt0cyt0cxb591cyb591.jpg,meal,Nem,Nem,piece,piece|g,
nesquik,Nesquik,,beverages,Nesquik,Nesquik,ml,ml|l|cl|piece,
neuchTel,Neuchâtel,,dairy,Neuchâtel,Neuchâtel,g,g|kg|piece,
neufchTel,Neufchâtel,,dairy,Neufchâtel,Neufchâtel,g,g|kg|piece,
cowpea,Niébé,niebe_77363_w100h100c1cx2150cy2150cxt0cyt0cxb4300cyb4300.jpg,vegetables,Cowpea,caupí,piece,piece|g|kg,
njuda,Njuda,,meat,Njuda,Njuda,g,g|kg|piece,
noillyPrat,Noilly prat,,beverages,Noilly Prat,Noilly Prat,ml,ml|l|cl|piece,
lambNoisette,Noisette d'agneau,,meat,Lamb noisette,Ruibarbo de cordero,g,g|piece,
vealNoisette,Noisette de veau,,meat,Veal noisette,ternera noisette,g,g|piece,
hazelnuts,Noisettes,noisettes_67496_w100h100c1cx350cy350.jpg,snacks,Hazelnuts,avellanas,g,g|piece,
caramelizedHazelnuts,Noisettes caramélisées,noisettes-caramelisees_159525_w100h100c1cx50cy50cxt0cyt0cxb100cyb100.png,snacks,Caramelized hazelnuts,avellanas caramelizadas,g,g|piece,
nut,Noix,noix_67764_w100h100c1cx350cy350.jpg,snacks,Nut,Tuerca,g,g|piece,
crushedWalnuts,Noix concassée,,snacks,Crushed walnuts,nueces trituradas,g,g|piece,
crushedNuts,Noix concassées,noix-concassees_157564_w100h100c1cx83cy83cxt0cyt0cxb166cyb166.jpg,snacks,Crushed nuts,Nueces trituradas,g,g|piece,
cashewNuts,Noix de cajou,noix-de-cajou_68976_w100h100c1cxt0cyt0cxb700cyb700.jpg,snacks,Cashew nuts,Anacardos,g,g|piece,
coconut,Noix de coco,noix-de-coco_67656_w100h100c1cx350cy350.jpg,fruits,Coconut,Coco,g,g|piece,
gratedCoconut,Noix de coco rapée,noix-de-coco-rapee_67634_w100h100c1cx350cy350.jpg,fruits,Grated coconut,coco rallado,g,g|piece,
grenobleWalnuts,Noix de grenoble,noix-de-grenoble_69100_w100h100c1cxt0cyt0cxb700cyb700.jpg,snacks,Grenoble walnuts,nueces de Grenoble,g,g|piece,
macadamiaNuts,Noix de macadamia,noix-de-macadamia_76817_w100h100c1cx4184cy3012cxt0cyt0cxb8368cyb6024.jpg,snacks,Macadamia nuts,nueces de macadamia,g,g|piece,
groundNutmeg,Noix de muscade moulue,noix-de-muscade-moulue_118172_w100h100c1cx362cy241cxt0cyt0cxb724cyb483.jpg,spices,Ground nutmeg,nuez moscada molida,g,g|piece,
pecans,Noix de pécan,noix-de-pecan_69101_w100h100c1cxt0cyt0cxb700cyb700.jpg,snacks,Pecans,nueces pecanas,g,g|piece,
scallops,Noix de saint-jacques,noix-de-saint-jacques_69157_w100h100c1cxt0cyt0cxb700cyb700.jpg,seafood,Scallops,Vieiras,g,g|piece,
vealSweetbreads2,Noix de veau,noix-de-veau_145416_w100h100c1cx250cy250cxt0cyt0cxb500cyb500.png,meat,Veal sweetbreads,mollejas de ternera,g,g|piece,
brazilNuts,Noix du brésil,noix-du-bresil_118173_w100h100c1cx362cy241cxt0cyt0cxb724cyb483.jpg,snacks,Brazil nuts,nueces de Brasil,g,g|piece,
greenWalnuts,Noix vertes,,snacks,Green walnuts,nueces verdes,g,g|piece,
nopal,Nopal,nopal_77364_w100h100c1cx1700cy1700cxt0cyt0cxb3400cyb3400.jpg,vegetables,Nopal,Nopal,piece,piece|g|kg,
nori,Nori,nori_74695_w100h100c1cx3000cy2000cxt0cyt0cxb6000cyb4000.jpg,vegetables,Nori,Nori,piece,piece|g|kg,
nougat,Nougat,nougat_76816_w100h100c1cx2500cy1767cxt0cyt0cxb5000cyb3535.jpg,snacks,Nougat,Turrón,g,g|piece,
nougatine,Nougatine,nougatine_76815_w100h100c1cx1750cy1132cxt0cyt0cxb3500cyb2265.jpg,snacks,Nougatine,Nougatine,g,g|piece,
noodles,Nouilles,nouilles_67434_w100h100c1cx350cy350.jpg,grains,Noodles,Fideos,g,g|kg|piece,
eggNoodles,Nouilles aux oeufs,nouilles-aux-oeufs_69103_w100h100c1cxt0cyt0cxb300cyb300.jpg,grains,Egg noodles,fideos de huevo,g,g|kg|piece,
chineseNoodles,Nouilles chinoises,nouilles-chinoises_67767_w100h100c1cx350cy350.jpg,grains,Chinese noodles,fideos chinos,g,g|kg|piece,
riceNoodles,Nouilles de riz,nouilles-de-riz_74922_w100h100c1cx1160cy1160cxt0cyt0cxb2320cyb2320.jpg,grains,Rice noodles,fideos de arroz,g,g|kg|piece,
sobaNoodles,Nouilles soba,nouilles-soba_74921_w100h100c1cx1160cy1160cxt0cyt0cxb2320cyb2320.jpg,grains,Soba noodles,Fideos soba,g,g|kg|piece,
udonNoodles,Nouilles udon,nouilles-udon_74920_w100h100c1cx1160cy1160cxt0cyt0cxb2320cyb2320.jpg,grains,Udon noodles,fideos udon,g,g|kg|piece,
nugget,Nugget,nugget_77344_w100h100c1cx2370cy1671cxt0cyt0cxb4740cyb3342.jpg,frozen,Nugget,Pepita,piece,piece|g|kg,
nuocMam,Nuoc mam,nuoc-mam_67673_w100h100c1cx350cy350.jpg,condiments,Nuoc mam,Nuoc mam,g,g|kg|ml|l|piece,
nutella,Nutella,nutella_155318_w100h100c1cx1250cy1250cxt0cyt0cxb2500cyb2500.png,condiments,Nutella,Nutella,g,g|ml|piece,
eyelet,Oeillet,oeillet_117555_w100h100c1cxt0cyt0cxb591cyb591.jpg,vegetables,Eyelet,Ojete,piece,piece|g|kg,
egg,Oeuf,oeuf_128066_w100h100c1cx1140cy1140cxt0cyt0cxb2280cyb2280.jpg,dairy,Egg,Huevo,piece,piece|g,
gooseEgg,Oeuf d'oie,oeuf-d-oie_76821_w100h100c1cx3272cy2743cxt0cyt0cxb6545cyb5487.jpg,dairy,Goose egg,huevo de ganso,piece,piece|g,
quailEgg,Oeuf de caille,oeuf-de-caille_68944_w100h100c1cxt0cyt0cxb700cyb700.jpg,dairy,Quail egg,huevo de codorniz,piece,piece|g,
lumpfishRoe,Oeuf de lump,oeuf-de-lump_69105_w100h100c1cxt0cyt0cxb700cyb700.jpg,meat,Lumpfish roe,huevas de lumpo,piece,piece|g,
troutEgg,Oeuf de truite,oeuf-de-truite_117611_w100h100c1cx956cy784cxt0cyt0cxb1913cyb1568.jpg,fish,Trout egg,Huevo de trucha,piece,piece|g,
hardBoiledEgg,Oeuf dur,oeuf-dur_161741_w100h100c1cxt0cyt0cxb500cyb500.png,dairy,Hard-boiled egg,Huevo duro,piece,piece|g,
eggsInLiqueur,Oeufs à la liqueur,oeufs-a-la-liqueur_81343_w100h100c1cx2900cy2900cxt0cyt0cxb5800cyb5800.png,beverages,Eggs in liqueur,Huevos en licor,piece,piece|g,
salmonRoe,Oeufs de saumon,oeufs-de-saumon_69106_w100h100c1cxt0cyt0cxb700cyb700.jpg,fish,Salmon roe,huevas de salmón,piece,piece|g,
chocolateEggs,Oeufs en chocolat,oeufs-en-chocolat_81344_w100h100c1cx2900cy2900cxt0cyt0cxb5800cyb5800.png,beverages,Chocolate eggs,Huevos de chocolate,piece,piece|g,
goose,Oie,oie_117186_w100h100c1cx707cy707cxt0cyt0cxb1414cyb1414.jpeg,meat,Goose,Ganso,g,g|kg|piece,
onion,Oignon,oignon_67621_w100h100c1cx350cy350.jpg,vegetables,Onion,Cebolla,piece,piece|g|kg,
pickledOnion,Oignon au vinaigre,oignon-au-vinaigre_117408_w100h100c1cx866cy866cxt0cyt0cxb1732cyb1732.jpg,beverages,Pickled Onion,Cebolla encurtida,piece,piece|g|kg,
whiteOnion,Oignon blanc,oignon-blanc_67525_w100h100c1cx350cy350.jpg,vegetables,White onion,cebolla blanca,piece,piece|g|kg,
springOnion,Oignon cébette,oignon-cebette_68987_w100h100c1cxt0cyt0cxb700cyb700.jpg,vegetables,Spring onion,cebolla de verdeo,piece,piece|g|kg,
freshOnion,Oignon frais,oignon-frais_121880_w100h100c1cx124cy125cxt0cyt0cxb248cyb250.png,vegetables,Fresh onion,cebolla fresca,piece,piece|g|kg,
driedFriedOnion,Oignon frit séché,oignon-frit-seche_117419_w100h100c1cx866cy866cxt0cyt0cxb1732cyb1732.jpg,vegetables,Dried fried onion,cebolla frita deshidratada,piece,piece|g|kg,
pearlOnion,Oignon grelot,oignon-grelot_81470_w100h100c1cx2150cy2150cxt0cyt0cxb4300cyb4300.png,vegetables,Pearl onion,cebolla perla,piece,piece|g|kg,
yellowOnion,Oignon jaune,oignon-jaune_68940_w100h100c1cxt0cyt0cxb300cyb300.jpg,vegetables,Yellow onion,cebolla amarilla,piece,piece|g|kg,
springOnion2,Oignon nouveau,oignon-nouveau_67418_w100h100c1cx350cy350.jpg,meat,Spring onion,cebolla de verdeo,piece,piece|g|kg,
pinkOnion,Oignon rose,oignon-rose_117429_w100h100c1cx1390cy1390cxt0cyt0cxb2780cyb2780.jpg,vegetables,Pink onion,cebolla rosa,piece,piece|g|kg,
redOnion,Oignon rouge,oignon-rouge_67488_w100h100c1cx350cy350.jpg,vegetables,Red onion,cebolla roja,piece,piece|g|kg,
friedOnions,Oignons frits,oignons-frits_120632_w100h100c1cx1060cy707cxt0cyt0cxb2121cyb1414.jpg,vegetables,Fried onions,cebollas fritas,piece,piece|g|kg,
headlessBird,Oiseau sans tête,,meal,Headless Bird,Pájaro sin cabeza,piece,piece|g,
oka,Oka,,dairy,Oka,Oka,g,g|kg|piece,
okara,Okara,,grains,Okara,Okara,g,g|kg|piece,
okayWithoutATube,Okay sans tube®,okay-sans-tube_124578_w100h100c1cx600cy600cxt0cyt0cxb1200cyb1200.png,snacks,Okay without a tube®,"Vale, sin tubo®",g,g|piece,
olives,Olives,olives_67550_w100h100c1cx350cy350.jpg,fruits,Olives,Aceitunas,piece,piece|g|kg,
kamalataOlivesInOil,Olives de kamalata à l'huile,,fruits,Kamalata olives in oil,Aceitunas Kamalata en aceite,piece,piece|g|kg,
blackOlives,Olives noires,olives-noires_67688_w100h100c1cx350cy350.jpg,fruits,Black olives,Aceitunas negras,piece,piece|g|kg,
greenOlives,Olives vertes,olives-vertes_67566_w100h100c1cx350cy350.jpg,fruits,Green olives,Aceitunas verdes,piece,piece|g|kg,
arcticChar,Omble chevalier,,meat,Arctic char,trucha ártica,g,g|kg|piece,
tab,Onglet,,meat,Tab,Pestaña,g,g|kg|piece,
vealFlankSteak,Onglet de veau,,meat,Veal flank steak,Filete de falda de ternera,g,g|kg|piece,
orange,Orange,orange_67729_w100h100c1cx350cy350.jpg,fruits,Orange,Naranja,piece,piece|g|kg,
bitterOrange2,Orange amère,,fruits,Bitter orange,Naranja agria,piece,piece|g|kg,
bloodOrange,Orange sanguine,orange-sanguine_117335_w100h100c1cx866cy866cxt0cyt0cxb1732cyb1732.jpg,fruits,Blood orange,Naranja sanguina,piece,piece|g|kg,
orangeade,Orangeade,orangeade_117592_w100h100c1cx295cy295cxt0cyt0cxb591cyb591.jpg,fruits,Orangeade,Naranjada,piece,piece|g|kg,
orangeat,Orangeat,,fruits,Orangeat,Orangeat,piece,piece|g|kg,
orangette,Orangette,,fruits,Orangette,Orangette,piece,piece|g|kg,
orangina,Orangina,,beverages,Orangina,Orangina,ml,ml|l|cl|piece,
orecchiette,Orecchiette,orecchiette_81463_w100h100c1cx2500cy2500cxt0cyt0cxb5000cyb5000.png,grains,Orecchiette,Orecchiette,g,g|kg|piece,
ears,Oreilles,,meat,Ears,Orejas,g,g|kg|piece,
oreo,Oréo,oreo_117361_w100h100c1cx866cy866cxt0cyt0cxb1732cyb1732.jpg,snacks,Oreo,Oreo,g,g|piece,
oreoCookies,Oreo cookies,,snacks,Oreo cookies,galletas Oreo,g,g|piece,
barley,Orge,orge_76819_w100h100c1cx1944cy1296cxt0cyt0cxb3888cyb2592.jpg,grains,Barley,Cebada,g,g|kg|piece,
oregano,Origan,origan_67405_w100h100c1cx350cy350.jpg,spices,Oregano,Orégano,g,g|piece,
abalone,Ormeau,ormeau_76790_w100h100c1cx2350cy2350cxt0cyt0cxb4700cyb4700.jpg,seafood,Abalone,Abulón,g,g|kg|piece,
orange2,Oronge,,vegetables,Orange,Naranja,piece,piece|g|kg,
orphie,Orphie,,fish,Orphie,Orphie,g,g|kg|piece,
nettle,Ortie,ortie_69107_w100h100c1cxt0cyt0cxb700cyb700.jpg,vegetables,Nettle,Ortiga,piece,piece|g|kg,
orzo,Orzo,,grains,Orzo,Orzo,g,g|kg|piece,
marrowBones,Os à moelle,os-a-moelle_69108_w100h100c1cxt0cyt0cxb700cyb700.jpg,meat,Marrow bones,huesos de médula,g,g|kg|piece,
sorrel,Oseille,oseille_67619_w100h100c1cx350cy350.jpg,vegetables,Sorrel,Alazán,piece,piece|g|kg,
ossauIraty,Ossau iraty,ossau-iraty_80840_w100h100c1cx2450cy2450cxt0cyt0cxb4900cyb4900.png,dairy,Ossau-Iraty,Ossau-Iraty,g,g|kg|piece,
vealOssoBuco,Osso bucco de veau,,meat,Veal osso buco,ossobuco de ternera,g,g|kg|piece,
ouassou,Ouassou,,seafood,Ouassou,Ouassou,g,g|kg|piece,
seaUrchin,Oursin,oursin_76791_w100h100c1cx2350cy2350cxt0cyt0cxb4700cyb4700.jpg,seafood,Sea urchin,Erizo de mar,g,g|kg|piece,
marshmallowBear,Ourson en guimauve,,snacks,Marshmallow bear,Oso de malvavisco,g,g|piece,
ouzo,Ouzo,ouzo_81511_w100h100c1cx1050cy1050cxt0cyt0cxb2100cyb2100.jpg,beverages,Ouzo,Ouzo,ml,ml|l|cl|piece,
pageot,Pageot,,fish,Pageot,Pageot,g,g|kg|piece,
goldenStraw,Paille d'Or,,vegetables,Golden Straw,Pajita dorada,piece,piece|g|kg,
bread,Pain,pain_67639_w100h100c1cx350cy350.jpg,grains,Bread,Pan,g,g|kg|piece,
harrys100BreadCrumb,Pain 100% mie de pain Harrys,,grains,Harrys 100% Bread Crumb,Pan rallado 100% Harrys,g,g|kg|piece,
hotDogBun,Pain à hot-dog,pain-a-hot-dog_119460_w100h100c1cx411cy411cxt0cyt0cxb822cyb822.png,meal,Hot dog bun,pan de perrito caliente,piece,piece|g,
paniniBread,Pain à panini,pain-a-panini_78720_w100h100c1cx2050cy2050cxt0cyt0cxb4100cyb4100.jpg,grains,Panini bread,Pan panini,g,g|kg|piece,
chocolateCroissant,Pain au chocolat,pain-au-chocolat_75494_w100h100c1cx2014cy1486cxt0cyt0cxb4028cyb2972.jpg,grains,Chocolate croissant,cruasán de chocolate,piece,piece|g,
figBread,Pain au figue,,grains,Fig bread,pan de higos,piece,piece|g,
milkBread,Pain au lait,,grains,Milk bread,pan de leche,piece,piece|g,
sourdoughBread,Pain au levain,pain-au-levain_160605_w100h100c1cxt0cyt0cxb500cyb500.png,grains,Sourdough bread,pan de masa madre,piece,piece|g,
multigrainBread,Pain aux céréales,pain-aux-cereales_76798_w100h100c1cx2750cy2750cxt0cyt0cxb5500cyb5500.jpg,grains,Multigrain bread,Pan multicereales,piece,piece|g,
oliveBread,Pain aux olives,pain-aux-olives_117430_w100h100c1cx866cy866cxt0cyt0cxb1732cyb1732.jpg,grains,Olive bread,pan de aceitunas,piece,piece|g,
briocheBread,Pain brioché,pain-brioche_76796_w100h100c1cx2250cy2250cxt0cyt0cxb4500cyb4500.jpg,grains,Brioche bread,Pan brioche,g,g|kg|piece,
bruschellaBread,Pain bruschelle,,grains,Bruschella bread,pan bruschella,g,g|kg|piece,
briocheBurgerBun,Pain burger brioché,pain-burger-brioche_158941_w100h100c1cxt0cyt0cxb4406cyb3525.jpg,grains,Brioche burger bun,pan brioche para hamburguesa,g,g|kg|piece,
wholemealBread,Pain complet,pain-complet_69111_w100h100c1cxt0cyt0cxb700cyb700.jpg,grains,Wholemeal bread,pan integral,piece,piece|g,
gingerbread,Pain d'épices,pain-d-epice_67712_w100h100c1cx350cy350.jpg,grains,Gingerbread,Pan de jengibre,piece,piece|g,
countryBread,Pain de campagne,pain-de-campagne_67564_w100h100c1cx350cy350.jpg,grains,Country bread,pan de campo,piece,piece|g,
softBread,Pain de mie,pain-de-mie_67589_w100h100c1cx350cy350.jpg,grains,soft bread,pan blando,piece,piece|g,
wholegrainSandwichBread,Pain de mie aux céréales,pain-de-mie-aux-cereales_118174_w100h100c1cx341cy256cxt0cyt0cxb682cyb512.jpg,grains,Wholegrain sandwich bread,pan de molde integral,piece,piece|g,
wholemealSlicedBread,Pain de mie complet,,grains,Wholemeal sliced ​​bread,Pan integral de molde rebanado,piece,piece|g,
ryeBread,Pain de seigle,pain-de-seigle_69112_w100h100c1cxt0cyt0cxb700cyb700.jpg,grains,Rye bread,Pan de centeno,piece,piece|g,
indianNaanBread,Pain indien naan,pain-indien-naan_76792_w100h100c1cx2980cy2149cxt0cyt0cxb5960cyb4299.jpg,grains,Indian naan bread,pan naan indio,g,g|kg|piece,
pittedBread,Pain pita,,grains,Pitted bread,pan con hueso,g,g|kg|piece,
polarBread,Pain polaire,pain-polaire_80841_w100h100c1cx1630cy1424cxt0cyt0cxb3260cyb2848.jpg,grains,Polar bread,Pan polar,g,g|kg|piece,
polkaBread,Pain polka,,grains,Polka bread,Pan de polka,g,g|kg|piece,
hamburgerBun,Pain pour hamburger,pain-pour-hamburger_76794_w100h100c1cx2350cy2350cxt0cyt0cxb4700cyb4700.jpg,meal,hamburger bun,pan de hamburguesa,piece,piece|g,
vienneseBread,Pain viennois,,grains,Viennese bread,pan vienés,g,g|kg|piece,
pakChoi,Pak choi,pak-choi_117362_w100h100c1cx866cy866cxt0cyt0cxb1732cyb1732.jpg,vegetables,Pak choi,Pak choi,piece,piece|g|kg,
chuck,Paleron,paleron_118183_w100h100c1cx537cy536cxt0cyt0cxb1074cyb1072.png,meat,Chuck,Arrojar,g,g|kg|piece,
softPalate,Palet moelleux,,snacks,Soft palate,paladar blando,g,g|piece,
bretonPalets,Palets bretons,palets-bretons_69113_w100h100c1cxt0cyt0cxb700cyb700.jpg,snacks,Breton palets,paletas bretonas,g,g|piece,
coconutShortbread,Palets coco,,fruits,Coconut shortbread,Galletas de mantequilla de coco,piece,piece|g|kg,
palette,Palette,,meat,Palette,Paleta,g,g|kg|piece,
woodPigeon,Palombe,,meat,Wood Pigeon,Paloma torcaz,g,g|kg|piece,
clam,Palourde,palourde_67404_w100h100c1cx350cy350.jpg,seafood,Clam,Almeja,g,g|kg|piece,
grapefruit,Pamplemousse,pamplemousse_67465_w100h100c1cx350cy350.jpg,fruits,Grapefruit,Pomelo,piece,piece|g|kg,
parsnip,Panais,panais_67686_w100h100c1cx350cy350.jpg,vegetables,Parsnip,Chirivía,piece,piece|g|kg,
pancake,Pancake,pancake_117541_w100h100c1cx295cy295cxt0cyt0cxb591cyb591.jpg,grains,Pancake,Crepe,g,g|kg|piece,
pancetta,Pancetta,pancetta_67481_w100h100c1cx350cy350.jpg,meat,Pancetta,Panceta,piece,piece|g,tranche
pandan,Pandan,pandan_118181_w100h100c1cx608cy595cxt0cyt0cxb1216cyb1190.png,vegetables,Pandan,Pandan,piece,piece|g|kg,
pandoro,Pandoro,pandoro_117548_w100h100c1cx295cy295cxt0cyt0cxb591cyb591.jpg,grains,Pandoro,Pandoro,g,g|kg|piece,
panettone,Panettone,panettone_117483_w100h100c1cx295cy295cxt0cyt0cxb591cyb591.jpg,grains,Panettone,Panettone,g,g|kg|piece,
panga,Panga,panga_118457_w100h100c1cx296cy295cxt0cyt0cxb592cyb590.jpg,fish,Panga,Panga,g,g|kg|piece,
pangasius,Pangasius,,fish,Pangasius,Pangasius,g,g|kg|piece,
pankoJapaneseBreadcrumbs,Panko (chapelure japonaise),panko-chapelure-japonaise_74696_w100h100c1cx1609cy1616cxt0cyt0cxb3219cyb3232.jpg,grains,Panko (Japanese breadcrumbs),Panko (pan rallado japonés),g,g|kg|piece,
breakdown,Panne,,meat,Breakdown,Descomponer,g,g|kg|piece,
belly,Panse,,meat,Belly,Barriga,g,g|kg|piece,
sheepSStomach,Panse de brebis,,meat,Sheep's stomach,Estómago de oveja,g,g|kg|piece,
pansette,Pansette,,meat,Pansette,Pansette,g,g|kg|piece,
breadcrumbs3,Panure,panure_117463_w100h100c1cx866cy866cxt0cyt0cxb1732cyb1732.jpg,condiments,Breadcrumbs,Pan rallado,g,g|kg|ml|l|piece,
papaya,Papaye,papaye_69114_w100h100c1cxt0cyt0cxb700cyb700.jpg,fruits,Papaya,Papaya,piece,piece|g|kg,
waferPaper,Papier azyme,,preparation,Wafer paper,Papel de oblea,g,g|ml|piece,
parchmentPaper,Papier sulfurisé,papier-sulfurise_77536_w100h100c1cx3000cy3000cxt0cyt0cxb6000cyb6000.jpg,preparation,Parchment paper,Papel pergamino,g,g|ml|piece,
butterflies,Papillons,papillons_76822_w100h100c1cx4128cy3096cxt0cyt0cxb8256cyb6192.jpg,meal,Butterflies,Mariposas,piece,piece|g,
pappardelles,Pappardelles,pappardelles_118454_w100h100c1cx363cy441cxt0cyt0cxb726cyb883.png,grains,Pappardelles,Pappardelles,g,g|kg|piece,
paprika,Paprika,paprika_67557_w100h100c1cx350cy350.jpg,spices,Paprika,Paprika,g,g|piece,
parietarian,Pariétaire,,vegetables,Parietarian,Parietariano,piece,piece|g|kg,
parmesan,Parmesan,parmesan_67344_w100h100c1cx350cy350.jpg,dairy,Parmesan,parmesano,g,g|kg|piece,
gratedParmesan,Parmesan râpé,parmesan-rape_67737_w100h100c1cx350cy350.jpg,dairy,Grated Parmesan,Parmesano rallado,g,g|kg|piece,
parmigianoReggianoAgedFor24Months,Parmigiano Reggiano 24 mois d’affinage,parmigiano-reggiano-24-mois-d-affinage_135941_w100h100c1cxt0cyt0cxb300cyb300.png,dairy,Parmigiano Reggiano aged for 24 months,Parmigiano Reggiano añejado durante 24 meses,g,g|kg|piece,
parppardelle,Parppardelle,,vegetables,Parppardelle,Parppardelle,piece,piece|g|kg,
jewelry,Parures,parures_118230_w100h100c1cx1564cy1043cxt0cyt0cxb3128cyb2086.jpg,meat,Jewelry,Joyas,g,g|kg|piece,
vegetableTrimmings,Parures de légumes,,vegetables,Vegetable trimmings,recortes de verduras,piece,piece|g|kg,
passata,Passata,passata_117420_w100h100c1cx866cy866cxt0cyt0cxb1732cyb1732.jpg,condiments,Passata,Passata,g,g|kg|ml|l|piece,
stonePasser,Passe-pierre,,vegetables,Stone-passer,Pasador de piedras,piece,piece|g|kg,
passetougrain,Passetougrain,,beverages,Passetougrain,Passougarin,ml,ml|l|cl|piece,
passoa,Passoa,,beverages,Passoa,Passoa,ml,ml|l|cl|piece,
watermelon2,Pastèque,pasteque_69115_w100h100c1cxt0cyt0cxb700cyb700.jpg,fruits,Watermelon,Sandía,piece,piece|g|kg,
pastis,Pastis,,beverages,Pastis,Pastis,ml,ml|l|cl|piece,
pastrami,Pastrami,pastrami_117487_w100h100c1cx295cy295cxt0cyt0cxb591cyb591.jpg,meat,Pastrami,Pastrami,piece,piece|g,tranche
sweetPotato,Patate douce,patate-douce_67689_w100h100c1cx350cy350.jpg,vegetables,Sweet potato,Batata,piece,piece|g|kg,
dough,Pâte,pate_67420_w100h100c1cx350cy350.jpg,grains,Dough,Masa,g,g|kg|piece,
doughnutBatter,Pâte à beignet,,grains,Doughnut batter,masa para donas,g,g|kg|piece,
briocheDough,Pâte à brioche,pate-a-brioche_117404_w100h100c1cx1060cy707cxt0cyt0cxb2121cyb1414.jpg,grains,Brioche dough,Masa de brioche,g,g|kg|piece,
chouxPastry,Pâte à choux,,grains,Choux pastry,pasta choux,g,g|kg|piece,
crepeBatter,Pâte à crêpe,pate-a-crepe_81522_w100h100c1cx2700cy2700cxt0cyt0cxb5400cyb5400.jpg,grains,Crepe batter,Masa para crepes,g,g|kg|piece,
breadDough,Pâte à pain,pate-a-pain_117377_w100h100c1cx1060cy707cxt0cyt0cxb2121cyb1414.jpg,grains,Bread dough,Masa de pan,g,g|kg|piece,
pinsaPaste,Pâte à pinsa,pate-a-pinsa_160835_w100h100c1cxt0cyt0cxb4008cyb3949.jpg,grains,Pinsa paste,Pasta Pinsa,g,g|kg|piece,
pizzaDough,Pâte à pizza,pate-a-pizza_67629_w100h100c1cx350cy350.jpg,meal,Pizza dough,Masa de pizza,piece,piece|g,
ravioliDough,Pâte à ravioli,,meal,Ravioli dough,Masa para raviolis,piece,piece|g,
sugarPaste,Pâte à sucre,,preparation,Sugar paste,pasta de azúcar,g,g|kg|piece,
spread,Pâte à tartiner,pate-a-tartiner_67339_w100h100c1cx350cy350.jpg,condiments,spread,desparramar,g,g|kg|piece,
shortcrustPastry,Pâte brisée,pate-brisee_67610_w100h100c1cx350cy350.jpg,grains,Shortcrust pastry,Masa quebrada,g,g|kg|piece,
garlicPaste,Pâte d'ail,,condiments,Garlic paste,Pasta de ajo,g,g|kg|piece,
almondPaste,Pâte d'amande,pate-d-amande_69116_w100h100c1cxt0cyt0cxb700cyb700.jpg,preparation,Almond paste,pasta de almendras,g,g|kg|piece,
peanutButter3,Pâte d'arachide,pate-d-arachide_69117_w100h100c1cxt0cyt0cxb700cyb700.jpg,snacks,Peanut butter,Manteca de cacahuete,g,g|kg|piece,
countryPT,Pâté de campagne,pate-de-campagne_76884_w100h100c1cx2500cy2500cxt0cyt0cxb5000cyb5000.jpg,meat,Country pâté,paté de campo,g,g|kg|piece,
shrimpPaste,Pâte de crevette,,seafood,Shrimp paste,pasta de camarones,g,g|kg|piece,
curryPaste,Pâte de curry,pate-de-curry_69118_w100h100c1cxt0cyt0cxb700cyb700.jpg,meal,Curry paste,pasta de curry,piece,piece|g,
dough2,Pâté,pate-terrine_76856_w100h100c1cx2592cy1728cxt0cyt0cxb5184cyb3456.jpg,grains,Dough,Masa,g,g|kg|piece,
datePaste,Pâte de dattes,,fruits,Date paste,pasta de dátiles,g,g|kg|piece,
liverPT,Pâté de foie,pate-de-foie_76855_w100h100c1cx1870cy1500cxt0cyt0cxb3740cyb3000.jpg,meat,Liver pâté,Paté de hígado,g,g|kg|piece,
fruitPaste,Pâte de fruit,,snacks,Fruit paste,pasta de frutas,g,g|kg|piece,
azukiBeanPaste,Pâte de haricots azuki,pate-de-haricots-azuki_74919_w100h100c1cx1872cy1872cxt0cyt0cxb3744cyb3744.jpg,grains,Azuki bean paste,pasta de judías azuki,g,g|kg|piece,
hazelnutPaste,Pâte de noisettes,,snacks,Hazelnut paste,pasta de avellanas,g,g|kg|piece,
poppyPaste,Pâte de pavot,,spices,Poppy paste,Pasta de amapola,g,g|kg|piece,
redChiliPaste,Pâte de piment rouge,,condiments,Red chili paste,pasta de chile rojo,g,g|kg|piece,
pistachioPaste,Pâte de pistache,pate-de-pistache_79952_w100h100c1cx1523cy1582cxt0cyt0cxb3046cyb3165.jpg,snacks,Pistachio paste,Pasta de pistacho,g,g|kg|piece,
fermentedSoybeanPaste,Pâte de soja fermentée,,condiments,Fermented soybean paste,pasta de soja fermentada,g,g|kg|piece,
speculoosSpread,Pâte de spéculoos,,snacks,Speculoos spread,Mantequilla Speculoos,g,g|kg|piece,
fermentedDough,Pâte fermentée,,grains,Fermented dough,Masa fermentada,g,g|kg|piece,
puffPastry,Pâte feuilletée,pate-feuilletee_67348_w100h100c1cx258cy258.jpg,meal,Puff pastry,Hojaldre,piece,piece|g,
filoPastry,Pâte filo,pate-filo_149380_w100h100c1cx250cy250cxt0cyt0cxb500cyb500.png,grains,Filo pastry,masa filo,g,g|kg|piece,
greekPasta,Pâte grecque,pate-grecque_117433_w100h100c1cx866cy866cxt0cyt0cxb1732cyb1732.jpg,grains,Greek pasta,pasta griega,g,g|kg|piece,
shortcrustPastry2,Pâte sablée,pate-sablee_67493_w100h100c1cx350cy350.jpg,grains,Shortcrust pastry,Masa quebrada,g,g|kg|piece,
semiWholemealTwistedDough,Pâte torsade semi-complète,,grains,Semi-wholemeal twisted dough,Masa trenzada semiintegral,g,g|kg|piece,
pasta,Pâtes,pates_67341_w100h100c1cx350cy350.jpg,grains,Pasta,Pastas,g,g|kg|piece,
squidInkPasta,Pâtes à l'encre de seiche,pates-a-l-encre-de-seiche_117376_w100h100c1cxt0cyt0cxb1988cyb1508.jpg,seafood,Squid ink pasta,pasta de tinta de calamar,g,g|kg|piece,
lasagnaPasta,Pâtes à lasagnes,pates-a-lasagnes_69010_w100h100c1cxt0cyt0cxb700cyb700.jpg,meal,Lasagna pasta,Lasaña de pasta,piece,piece|g,
quinoaPasta,Pâtes au quinoa,,grains,Quinoa pasta,Pasta de quinoa,g,g|kg|piece,
freshPasta,Pâtes fraîches,pates-fraiches_69119_w100h100c1cxt0cyt0cxb700cyb700.jpg,grains,Fresh pasta,Pasta fresca,g,g|kg|piece,
tricolourPasta,Pâtes tricolores,pates-tricolores_117524_w100h100c1cx295cy295cxt0cyt0cxb591cyb591.jpg,grains,Tricolour pasta,pasta tricolor,g,g|kg|piece,
patidou,Patidou,patidou_117491_w100h100c1cx295cy295cxt0cyt0cxb591cyb591.jpg,vegetables,Patidou,Patidou,piece,piece|g|kg,
pattypanSquash,Pâtisson,patisson_69120_w100h100c1cxt0cyt0cxb700cyb700.jpg,vegetables,Pattypan squash,Calabaza Pattypan,piece,piece|g|kg,
patrelle,Patrelle,,meal,Patrelle,Prótula,piece,piece|g,
paupiette,Paupiette,paupiette_67455_w100h100c1cx350cy350.jpg,meat,Paupiette,Paupiette,piece,piece|g|kg,
vealPaupiette,Paupiette de veau,paupiette-de-veau_88730_w100h100c1cx150cy150cxt0cyt0cxb300cyb300.jpg,meal,Veal paupiette,paupiette de ternera,piece,piece|g|kg,
salmonSteak,Pavé de saumon,pave-de-saumon_116992_w100h100c1cx411cy411cxt0cyt0cxb822cyb822.png,fish,Salmon steak,Filete de salmón,piece,piece|g,
cookedTofuBlock,Pavé de tofu cuit,,meat,Cooked tofu block,bloque de tofu cocido,g,g|kg|piece,
poppy2,Pavot,pavot_67349_w100h100c1cx350cy350.jpg,snacks,Poppy,Amapola,g,g|piece,
bananaPeel,Peau de banane,peau-de-banane_111917_w100h100c1cx640cy360cxt0cyt0cxb1280cyb720.jpg,fruits,Banana peel,cáscara de plátano,piece,piece|g|kg,
fishing,Pêche,peche_67708_w100h100c1cx3000cy2600.jpg,fruits,Fishing,Pesca,piece,piece|g|kg,
peachInSyrup,Pêche au sirop,,canned,Peach in syrup,Melocotón en almíbar,piece,piece|g|kg,
pecorino,Pecorino,pecorino_71017_w100h100c1cxt0cyt0cxb4288cyb2848.jpg,dairy,Pecorino,Pecorino,g,g|kg|piece,
pecorinoPepato,Pecorino pepato,pecorino-pepato_76893_w100h100c1cx2500cy2500cxt0cyt0cxb5000cyb5000.jpg,dairy,Pecorino pepato,Pecorino pepato,g,g|kg|piece,
pecorinoRomano,Pecorino romano,pecorino-romano_71018_w100h100c1cxt0cyt0cxb4288cyb2848.jpg,dairy,Pecorino romano,Pecorino romano,g,g|kg|piece,
pectin,Pectine,,preparation,Pectin,Pectina,g,g|ml|piece,
peppermint,Peepermint,,beverages,Peppermint,Menta,ml,ml|l|cl|piece,
pLardon,Pélardon,,meat,Pélardon,Pélardon,g,g|kg|piece,
penne,Penne,penne_67468_w100h100c1cx350cy350.jpg,grains,Penne,Penne,g,g|kg|piece,
thought,Pensée,pensee_117221_w100h100c1cx1250cy1250cxt0cyt0cxb2500cyb2500.jpg,vegetables,Thought,Pensamiento,piece,piece|g|kg,
pepe,Pèpè,,meat,Pepe,Pepe,g,g|kg|piece,
pepino,Pepino,pepino_117557_w100h100c1cxt0cyt0cxb591cyb591.jpg,fruits,Pepino,Pepino,piece,piece|g|kg,
caramelizedNugget,Pépite caramélisée,,snacks,Caramelized nugget,pepita caramelizada,g,g|piece,
nougatineNugget,Pépite de nougatine,,snacks,Nougatine nugget,Nugget de nougatine,g,g|piece,
chocolateChips,Pépites de chocolat,pepites-de-chocolat_69203_w100h100c1cxt0cyt0cxb700cyb700.jpg,preparation,Chocolate chips,chispas de chocolate,g,g|ml|piece,
whiteChocolateChips,Pépites de chocolat blanc,,preparation,White chocolate chips,chips de chocolate blanco,g,g|ml|piece,
darkChocolateChips,Pépites de chocolat noir,pepites-de-chocolat-noir_159522_w100h100c1cx1494cy1713cxt0cyt0cxb2989cyb3427.jpg,preparation,Dark chocolate chips,chips de chocolate negro,g,g|ml|piece,
pepperoni,Pepperoni,,meat,Pepperoni,Pepperoni,g,g|kg|piece,
perch,Perche,,fish,Perch,Perca,g,g|kg|piece,
nilePerch,Perche du nil,,meat,Nile perch,perca del Nilo,g,g|kg|piece,
partridge,Perdreau,,meat,Partridge,Perdiz,g,g|kg|piece,
partridge2,Perdrix,,meat,Partridge,Perdiz,g,g|kg|piece,
silverBeads,Perles argentées,,snacks,Silver beads,Cuentas de plata,g,g|piece,
pearlsOfJapan,Perles du Japon,,grains,Pearls of Japan,Perlas de Japón,g,g|kg|piece,
chocolatePearls,Perles en chocolat,,preparation,Chocolate pearls,Perlas de chocolate,g,g|ml|piece,
multicoloredBeads,Perles multicolores,,snacks,Multicolored beads,Cuentas multicolores,g,g|piece,
perrier,Perrier,,beverages,Perrier,Perrier,ml,ml|l|cl|piece,
parsley,Persil,persil_67650_w100h100c1cx350cy350.jpg,spices,Parsley,Perejil,piece,piece|g,brin
scallops2,Noix de pétoncle,petoncle_76894_w100h100c1cx1944cy1296cxt0cyt0cxb3888cyb2592.jpg,seafood,Scallops,Vieiras,g,g|piece,
persillade,Persillade,,spices,Persillade,Persillade,g,g|piece,
pesto,Pesto,pesto_67513_w100h100c1cx350cy350.jpg,condiments,Pesto,Pesto,g,g|ml|piece,
flowerPetal,Pétale de fleur,petale-de-fleur_117493_w100h100c1cx295cy295cxt0cyt0cxb591cyb591.jpg,grains,Flower petal,Pétalo de flor,g,g|kg|piece,
cornPetals,Pétales de maïs,,grains,Corn petals,pétalos de maíz,g,g|kg|piece,
petitBeurre,Petit beurre,petit-beurre_67580_w100h100c1cx350cy350.jpg,dairy,Petit beurre,Petit beurre,g,g|kg|piece,
littleBrown,Petit brun,,snacks,Little brown,Pequeño marrón,g,g|piece,
littleLu,Petit lu,petit-lu_81497_w100h100c1cx1566cy1044cxt0cyt0cxb3133cyb2089.jpg,snacks,Little Lu,pequeño lu,g,g|piece,
smallVealBone,Petit os de veau,,meat,Small veal bone,pequeño hueso de ternera,g,g|kg|piece,
burgerBun,Petit pain à burger,petit-pain-a-burger_110109_w100h100c1cx46cy42cxt0cyt0cxb92cyb84.png,grains,Burger bun,pan de hamburguesa,piece,piece|g,
individualRoll,Petit pain individuel,petit-pain-individuel_72683_w100h100c1cx2319cy2007cxt0cyt0cxb4639cyb4015.jpg,grains,Individual roll,rollo individual,piece,piece|g,
swedishRoll,Petit pain suédois,,grains,Swedish roll,rollo sueco,piece,piece|g,
smallChiliPepper,Petit piment,petit-piment_69792_w100h100c1cxt0cyt0cxb700cyb700.jpg,vegetables,Small chili pepper,chile pequeño,piece,piece|g|kg,
saltedPork,Petit salé,,meat,Salted pork,cerdo salado,g,g|kg|piece,
petitSuisse,Petit suisse,petit-suisse_67449_w100h100c1cx350cy350.jpg,dairy,Petit suisse,Pequeña Suiza,piece,piece|g,
smallSpelt,Petit-épeautre,petit-epeautre_118605_w100h100c1cx1060cy707cxt0cyt0cxb2121cyb1414.jpg,grains,Small spelt,espelta pequeña,g,g|kg|piece,
smallPasta,Petites pâtes,,grains,Small pasta,Pasta pequeña,g,g|kg|piece,
peas,Petits pois,petits-pois_67733_w100h100c1cx350cy350.jpg,vegetables,Peas,Guisantes,g,g|kg|piece,
philadelphia,Philadelphia,philadelphia_69121_w100h100c1cxt0cyt0cxb700cyb700.jpg,dairy,Philadelphia,Filadelfia,g,g|kg|piece,
philadelphia2,Philadephia,philadephia_117543_w100h100c1cx906cy826cxt0cyt0cxb1813cyb1653.jpg,dairy,Philadelphia,Filadelfia,g,g|kg|piece,
physalis,Physalis,physalis_76895_w100h100c1cx2650cy1664cxt0cyt0cxb5300cyb3328.jpg,fruits,Physalis,Physalis,piece,piece|g|kg,
piadina,Piadina,,grains,Piadina,Piadina,g,g|kg|piece,
piballe,Piballe,,fish,Piballe,Piballe,g,g|kg|piece,
piccalilli,Piccalilli,piccalilli_117498_w100h100c1cx295cy295cxt0cyt0cxb591cyb591.jpg,condiments,Piccalilli,Piccalilli,g,g|kg|ml|l|piece,
pickles,Pickles,pickles_159663_w100h100c1cxt0cyt0cxb500cyb500.png,condiments,Pickles,Encurtidos,g,g|kg|ml|l|piece,
picodon,Picodon,picodon_118445_w100h100c1cx267cy267cxt0cyt0cxb534cyb534.png,dairy,Picodon,Picodón,g,g|kg|piece,
picon,Picon,,beverages,Picon,Picon,ml,ml|l|cl|piece,
pigSFoot,Pied de cochon,pied-de-cochon_117597_w100h100c1cx295cy295cxt0cyt0cxb591cyb591.jpg,meat,Pig's foot,Pata de cerdo,g,g|kg|piece,
calfSFoot,Pied de veau,,meat,Calf's foot,pie de pantorrilla,g,g|kg|piece,
hedgehog,Pied-de-mouton,pied-de-mouton_117222_w100h100c1cxt0cyt0cxb2000cyb2000.jpg,meat,Hedgehog,Erizo,g,g|kg|piece,
sheepSFoot,Pied de mouton,,meat,Sheep's foot,Pie de oveja,g,g|kg|piece,
feet,Pieds,,meat,Feet,Pies,g,g|kg|piece,
pigeon,Pigeon,,meat,Pigeon,Paloma,g,g|kg|piece,
squab,Pigeonneau,,meat,Squab,Pichón,g,g|kg|piece,
pinions,Pignons,pignons_67441_w100h100c1cx350cy350.jpg,snacks,Pinions,Piñones,g,g|piece,
pilPil,Pil-pil,,vegetables,Pil-pil,Pil-pil,piece,piece|g|kg,
piliPili,Pili Pili,pili-pili_117465_w100h100c1cx1495cy1495cxt0cyt0cxb2990cyb2990.jpg,vegetables,Pili Pili,Pili Pili,piece,piece|g|kg,
chickenDrumstick,Pilon de poulet,pilon-de-poulet_69122_w100h100c1cxt0cyt0cxb700cyb700.jpg,meat,Chicken drumstick,muslo de pollo,piece,piece|g,
pepper,Piment,piment_67581_w100h100c1cx261cy261.jpg,vegetables,Pepper,Pimienta,piece,piece|g|kg,
chipotlePepper,Piment chipotle,piment-chipotle_118624_w100h100c1cx579cy576cxt0cyt0cxb1158cyb1152.png,spices,Chipotle pepper,Chile chipotle,g,g|piece,
espelettePepper,Piment d'Espelette,piment-d-espelette_69123_w100h100c1cxt0cyt0cxb700cyb700.jpg,spices,Espelette pepper,pimienta de Espelette,g,g|piece,
cayennePepper,Piment de Cayenne,piment-de-cayenne_69124_w100h100c1cxt0cyt0cxb700cyb700.jpg,spices,Cayenne pepper,pimienta de cayena,g,g|piece,
hotPepper,Piment fort,piment-fort_69125_w100h100c1cxt0cyt0cxb700cyb700.jpg,spices,Hot pepper,pimiento picante,g,g|piece,
hotEspelettePepper,Piment fort d'Espelette,piment-fort-d-espelette_71016_w100h100c1cxt0cyt0cxb3112cyb3112.jpg,spices,Hot Espelette pepper,pimiento picante de Espelette,g,g|piece,
redChiliPepper,Piment rouge,piment-rouge_81894_w100h100c1cx2500cy2500cxt0cyt0cxb5000cyb5000.jpg,spices,Red chili pepper,chile rojo,g,g|piece,
greenChiliPepper,Piment vert,piment-vert_67575_w100h100c1cx350cy350.jpg,spices,Green chili pepper,chile verde,g,g|piece,
piquilloPepper,Pimiento del piquillo,,vegetables,Piquillo pepper,pimiento del piquillo,piece,piece|g|kg,
burnet,Pimprenelle,,vegetables,Burnet,Pimpinela,piece,piece|g|kg,
whitePineauDesCharentes,Pineau blanc des Charentes,,beverages,White Pineau des Charentes,Pineau des Charentes blanco,ml,ml|l|cl|piece,
pineauDesCharentes,Pineau des charentes,,beverages,Pineau des Charentes,Pineau des Charentes,ml,ml|l|cl|piece,
pinotBlanc,Pinot blanc,,beverages,Pinot blanc,Pinot blanco,ml,ml|l|cl|piece,
pinotNoir,Pinot noir,pinot-noir_117223_w100h100c1cx1000cy1000cxt0cyt0cxb2000cyb2000.jpg,beverages,Pinot noir,Pinot noir,ml,ml|l|cl|piece,
guineaFowl,Pintade,pintade_67746_w100h100c1cx350cy350.jpg,meat,Guinea fowl,Gallina de Guinea,g,g|kg|piece,
guineaFowl2,Pintadeau,,meat,Guinea fowl,Gallina de Guinea,g,g|kg|piece,
pipeRigate,Pipe Rigate,pipe-rigate_117525_w100h100c1cx295cy295cxt0cyt0cxb591cyb591.jpg,grains,Pipe Rigate,Pipe Rigate,g,g|kg|piece,
piperade,Piperade,,vegetables,Piperade,Piperade,piece,piece|g|kg,
piquillo,Piquillo,,vegetables,Piquillo,Piquillo,piece,piece|g|kg,
pisang,Pisang,,fruits,Pisang,Plátano,piece,piece|g|kg,
pisco,Pisco,,beverages,Pisco,Pisco,ml,ml|l|cl|piece,
dandelion,Pissenlit,pissenlit_77251_w100h100c1cx1936cy1296cxt0cyt0cxb3872cyb2592.jpg,vegetables,Dandelion,Diente de león,piece,piece|g|kg,
plantainBanana2,Banane plantain,plantain_77250_w100h100c1cx2567cy1711cxt0cyt0cxb5134cyb3423.jpg,fruits,Plantain banana,Plátano,piece,piece|g|kg,
pistachios,Pistaches,pistaches_67716_w100h100c1cx350cy350.jpg,snacks,Pistachios,Pistachos,g,g|piece,
saffronThread,Pistille safran,,spices,Saffron thread,Hilo de azafrán,g,g|piece,
pistou,Pistou,pistou_77247_w100h100c1cx1986cy1551cxt0cyt0cxb3972cyb3102.jpg,condiments,Pistou,Pistou,g,g|kg|ml|l|piece,
pitaya,Pitaya,pitaya_75580_w100h100c1cx2000cy1500cxt0cyt0cxb4000cyb3000.jpg,fruits,Pitaya,Pitaya,piece,piece|g|kg,
pizza,Pizza,,meal,Pizza,Pizza,piece,piece|g,
plantaFinCulinesse,Planta Fin Culinesse,,condiments,Planta Fin Culinesse,Planta Fin Culinase,g,g|kg|ml|l|piece,
shortRibs,Plat de côte,,meat,Short ribs,costillas cortas,g,g|kg|piece,
oysterMushroom,Pleurote,pleurote_69128_w100h100c1cxt0cyt0cxb700cyb700.jpg,vegetables,Oyster mushroom,seta ostra,g,g|kg|piece,
fold,Plie,,fish,Fold,Doblar,g,g|kg|piece,
plumSauce,Plum sauce,,condiments,Plum sauce,Salsa de ciruelas,g,g|kg|ml|l|piece,
greenAsparagusTip,Pointe d'asperge verte,pointe-d-asperge-verte_69130_w100h100c1cxt0cyt0cxb700cyb700.jpg,vegetables,Green asparagus tip,Punta de espárrago verde,piece,piece|g|kg,
asparagusTips,Pointes d'asperges,pointes-d-asperges_69129_w100h100c1cxt0cyt0cxb700cyb700.jpg,vegetables,Asparagus tips,puntas de espárragos,piece,piece|g|kg,
pear,Poire,poire_67498_w100h100c1cx350cy350.jpg,fruits,Pear,Pera,piece,piece|g|kg,
pear2,Poiré,,fruits,Pear,Pera,piece,piece|g|kg,
pearInSyrup,Poire au sirop,poire-au-sirop_147553_w100h100c1cxt0cyt0cxb3500cyb3500.jpg,canned,Pear in syrup,Pera en almíbar,piece,piece|g|kg,
leek,Poireau,poireau_67489_w100h100c1cx350cy350.jpg,vegetables,Leek,Puerro,piece,piece|g|kg,
peas2,Pois,pois_117470_w100h100c1cx866cy866cxt0cyt0cxb1732cyb1732.jpg,vegetables,Peas,Guisantes,piece,piece|g|kg,
splitPeas,Pois cassés,pois-casses_69131_w100h100c1cxt0cyt0cxb700cyb700.jpg,grains,Split peas,guisantes partidos,g,g|kg|piece,
chickpeas,Pois chiches,pois-chiche_69132_w100h100c1cxt0cyt0cxb700cyb700.jpg,grains,Chickpeas,Garbanzos,g,g|kg|piece,
shelledPeas,Pois écossés,pois-ecosses_117458_w100h100c1cx866cy866cxt0cyt0cxb1732cyb1732.jpg,grains,Shelled peas,guisantes desgranados,g,g|kg|piece,
sugarSnapPeas,Pois gourmands,pois-gourmands_69133_w100h100c1cxt0cyt0cxb700cyb700.jpg,vegetables,Sugar snap peas,guisantes dulces,g,g|kg|piece,
snowPeas,Pois mange-tout,pois-mange-tout_117358_w100h100c1cx866cy866cxt0cyt0cxb1732cyb1732.jpg,vegetables,Snow peas,guisantes de nieve,g,g|kg|piece,
fish,Poisson,poisson_79690_w100h100c1cx250cy250cxt0cyt0cxb500cyb500.jpg,fish,Fish,Pez,g,g|kg|piece,
lambBreast,Poitrine d'agneau,poitrine-d-agneau_117226_w100h100c1cxt0cyt0cxb2032cyb1476.jpg,meat,Lamb breast,pechuga de cordero,g,g|kg|piece,
porkBelly,Poitrine de porc,poitrine-de-porc_69134_w100h100c1cxt0cyt0cxb700cyb700.jpg,meat,Pork belly,panceta de cerdo,g,g|kg|piece,
chickenBreast2,Poitrine de poulet,,meat,Chicken breast,Pechuga de pollo,g,g|kg|piece,
vealBreast,Poitrine de veau,,meat,Veal breast,Pechuga de ternera,g,g|kg|piece,
smokedBreast,Poitrine fumée,poitrine-fumee_67393_w100h100c1cx350cy350.jpg,meat,Smoked breast,pechuga ahumada,g,g|kg|piece,
pepper2,Poivre,poivre_67563_w100h100c1cx350cy350.jpg,spices,Pepper,Pimienta,g,g|piece,
fiveBerryPepper,Poivre 5 baies,poivre-5-baies_117368_w100h100c1cx866cy866cxt0cyt0cxb1732cyb1732.jpg,spices,Five-berry pepper,Pimienta de cinco bayas,g,g|piece,
lemonPepper,Poivre au citron,,spices,Lemon pepper,Pimienta de limón,g,g|piece,
whitePepper,Poivre blanc,poivre-blanc_67469_w100h100c1cx350cy350.jpg,spices,White pepper,pimienta blanca,g,g|piece,
cubebPepperOrTailedPepper,Poivre cubèbe ou à queue,poivre-cubebe-ou-a-queue_69235_w100h100c1cxt0cyt0cxb700cyb700.jpg,spices,Cubeb pepper or tailed pepper,pimienta de Java o pimienta de cola,g,g|piece,
cayennePepper2,Poivre de Cayenne,poivre-de-cayenne_117436_w100h100c1cx1556cy1556cxt0cyt0cxb3112cyb3112.jpg,spices,Cayenne pepper,pimienta de cayena,g,g|piece,
sanchoPepper,Poivre de Sancho,,spices,Sancho Pepper,Pimienta Sancho,g,g|piece,
sichuanPepper,Poivre de sichuan,poivre-de-sichuan_77243_w100h100c1cx3117cy2202cxt0cyt0cxb6234cyb4404.jpg,spices,Sichuan pepper,pimienta de Sichuan,g,g|piece,
freshlyGroundPepper,Poivre du moulin,,spices,Freshly ground pepper,Pimienta recién molida,g,g|piece,
peppercorns,Poivre en grains,poivre-en-grains_69068_w100h100c1cxt0cyt0cxb700cyb700.jpg,spices,Peppercorns,granos de pimienta,g,g|piece,
longPepper,Poivre long,poivre-long_77242_w100h100c1cx2100cy1400cxt0cyt0cxb4200cyb2801.jpg,spices,Long pepper,pimienta larga,g,g|piece,
timutPepper,Poivre timut,,spices,Timut pepper,Pimienta de Timut,g,g|piece,
greenPepper,Poivre vert,poivre-vert_67475_w100h100c1cx350cy350.jpg,spices,Green pepper,pimiento verde,g,g|piece,
bellPepper,Poivron,poivron_67464_w100h100c1cx350cy350.jpg,vegetables,Bell pepper,pimiento morrón,piece,piece|g|kg,
yellowPepper,Poivron jaune,poivron-jaune_74916_w100h100c1cx1000cy1070cxt0cyt0cxb2000cyb2140.jpg,vegetables,Yellow pepper,pimiento amarillo,piece,piece|g|kg,
redPepper,Poivron rouge,poivron-rouge_67754_w100h100c1cx350cy350.jpg,vegetables,Red pepper,Pimiento rojo,piece,piece|g|kg,
greenPepper2,Poivron vert,poivron-vert_78364_w100h100c1cx3432cy3432cxt0cyt0cxb6864cyb6864.jpg,spices,Green pepper,pimiento verde,piece,piece|g|kg,
polenta,Polenta,polenta_67371_w100h100c1cx350cy350.jpg,grains,Polenta,Polenta,g,g|kg|piece,
pomelo,Pomélo,pomelo_117473_w100h100c1cx350cy350cxt0cyt0cxb700cyb700.jpg,fruits,Pomelo,Pomelo,piece,piece|g|kg,
chinesePomelo,Pomelo chinois,pomelo-chinois_117461_w100h100c1cx866cy866cxt0cyt0cxb1732cyb1732.jpg,fruits,Chinese pomelo,pomelo chino,piece,piece|g|kg,
apple,Pomme,pomme_67365_w100h100c1cx350cy350.jpg,fruits,Apple,Manzana,piece,piece|g|kg,
potato,Pomme de terre,pomme-de-terre_67419_w100h100c1cx350cy350.jpg,vegetables,Potato,Papa,piece,piece|g|kg,
redPotato,Pomme de terre rouge,pomme-de-terre-rouge_81514_w100h100c1cx1700cy1395cxt0cyt0cxb3400cyb2791.jpg,vegetables,Red potato,Papa roja,piece,piece|g|kg,
grannySmithApple,Pomme Granny Smith,,fruits,Granny Smith Apple,Manzana Granny Smith,piece,piece|g|kg,
royalGalaApple,Pomme royale gala,pomme-royale-gala_145418_w100h100c1cx3008cy2008cxt0cyt0cxb6016cyb4016.jpg,fruits,Royal Gala Apple,Manzana Royal Gala,piece,piece|g|kg,
knob,Pommeau,,fruits,Knob,Perilla,piece,piece|g|kg,
potatoesForMashing,Pommes de terre (à purée),pommes-de-terre-a-puree_145478_w100h100c1cx350cy350cxt0cyt0cxb700cyb700.jpg,fruits,Potatoes (for mashing),Patatas (para puré),piece,piece|g|kg,
newPotatoes,Pommes de terre grenailles,pommes-de-terre-grenailles_117137_w100h100c1cx3120cy2080cxt0cyt0cxb6240cyb4160.jpg,vegetables,New potatoes,patatas nuevas,piece,piece|g|kg,
newPotatoes2,Pommes de terre nouvelles,pommes-de-terre-nouvelles_143031_w100h100c1cx623cy632cxt0cyt0cxb1246cyb1264.jpg,fruits,New potatoes,patatas nuevas,piece,piece|g|kg,
newPotatoes3,Pommes de terres de primeur,,fruits,New potatoes,patatas nuevas,piece,piece|g|kg,
cheekbone,Pommette,,fruits,Cheekbone,Pómulo,piece,piece|g|kg,
pontLVQue,Pont l'évêque,,dairy,Pont l'évêque,Pont l'évêque,g,g|kg|piece,
popcorn2,Pop corn,pop-corn_117532_w100h100c1cx295cy295cxt0cyt0cxb591cyb591.jpg,snacks,Popcorn,Palomitas,g,g|piece,
pork,Porc,porc_67426_w100h100c1cx350cy350.jpg,meat,Pork,Cerdo,g,g|kg|piece,
pulledPork,Porc effiloché,porc-effiloche_156610_w100h100c1cx83cy83cxt0cyt0cxb166cyb166.jpg,meat,Pulled pork,cerdo desmenuzado,g,g|kg|piece,
piglet,Porcelet,,meat,Piglet,Cerdito,g,g|kg|piece,
portSalut,Port-salut,,dairy,Port-salut,Saludo del puerto,g,g|kg|piece,
port,Porto,porto_70392_w100h100c1cxt0cyt0cxb700cyb700.jpg,beverages,Port,Puerto,ml,ml|l|cl|piece,
redPorto,Porto rouge,,beverages,Red Porto,Oporto rojo,ml,ml|l|cl|piece,
potAuFeu,Pot-au-feu,pot-au-feu_117591_w100h100c1cx295cy295cxt0cyt0cxb591cyb591.jpg,meal,Pot-au-feu,Pot-au-feu,piece,piece|g,
potato2,Potatoe,,grains,Potato,Papa,g,g|kg|piece,
pumpkin2,Potimarron,potimarron_67353_w100h100c1cx350cy350.jpg,vegetables,Pumpkin,Calabaza,piece,piece|g|kg,
pumpkin3,Potiron,potiron_67669_w100h100c1cx350cy350.jpg,vegetables,Pumpkin,Calabaza,piece,piece|g|kg,
chiliPowder2,Poudre à chili,poudre-a-chili_83300_w100h100c1cx2400cy2400cxt0cyt0cxb4800cyb4800.png,spices,Chili powder,chile en polvo,g,g|piece,
colomboPowder,Poudre à colombo,poudre-a-colombo_68994_w100h100c1cxt0cyt0cxb700cyb700.jpg,spices,Colombo powder,Polvo Colombo,g,g|piece,
custardPowder,Poudre à flan,,condiments,Custard powder,polvo de natillas,g,g|kg|ml|l|piece,
raisingPowder,Poudre à lever,poudre-a-lever_69137_w100h100c1cxt0cyt0cxb700cyb700.jpg,condiments,Raising powder,Polvo de elevación,g,g|kg|ml|l|piece,
orangeFlavoredPowder,Poudre arôme orange,poudre-arome-orange_118155_w100h100c1cx157cy154cxt0cyt0cxb314cyb308.png,preparation,Orange flavored powder,polvo con sabor a naranja,g,g|ml|piece,
acaiPowder,Poudre d'acaï,poudre-d-acai_89302_w100h100c1cx808cy638cxt0cyt0cxb1616cyb1276.jpg,condiments,Acai powder,polvo de acai,g,g|kg|ml|l|piece,
almondPowder2,Poudre d’amandes,poudre-d-amandes_161004_w100h100c1cx250cy250cxt0cyt0cxb500cyb500.png,snacks,Almond powder,Polvo de almendras,g,g|piece,
coconutPowder2,Poudre de coco,poudre-de-coco_68990_w100h100c1cxt0cyt0cxb700cyb700.jpg,fruits,Coconut powder,Polvo de coco,piece,piece|g|kg,
colomboPowder2,Poudre de colombo,poudre-de-colombo_68993_w100h100c1cxt0cyt0cxb700cyb700.jpg,spices,Colombo powder,Polvo Colombo,g,g|piece,
milkPowder,Poudre de lait,,dairy,Milk powder,leche en polvo,g,g|kg|piece,
hazelnutPowder,Poudre de noisette,poudre-de-noisette_67519_w100h100c1cx350cy350.jpg,snacks,Hazelnut powder,polvo de avellana,g,g|piece,
nutPowder,Poudre de noix,,snacks,Nut powder,polvo de nuez,g,g|piece,
cayennePepperPowder,Poudre de piment de cayenne,poudre-de-piment-de-cayenne_69126_w100h100c1cxt0cyt0cxb700cyb700.jpg,spices,Cayenne pepper powder,Pimienta de cayena en polvo,g,g|piece,
pistachioPowder,Poudre de pistache,poudre-de-pistache_78517_w100h100c1cx1750cy1750cxt0cyt0cxb3500cyb3500.jpg,snacks,Pistachio powder,Pistacho en polvo,g,g|piece,
puddingPowder,Poudre de pudding,,preparation,Pudding powder,polvo de pudín,g,g|ml|piece,
whippedCreamFlavoredPuddingPowder,Poudre de pudding goût chantilly,,condiments,Whipped cream-flavored pudding powder,polvo de pudín con sabor a crema batida,g,g|kg|ml|l|piece,
goldenPowder,Poudre dorée,,snacks,Golden powder,polvo dorado,g,g|piece,
poularde,Poularde,,meat,Poularde,Poularde,g,g|kg|piece,
vealRump,Quasi de veau,,meat,Veal rump,rabadilla de ternera,g,g|kg|piece,
allspice,Quatre-épices,quatre-epices_67508_w100h100c1cx350cy350.jpg,spices,Allspice,Pimienta de Jamaica,g,g|piece,
fourQuarters,Quatre-quart,,snacks,Four-quarters,Cuatro cuartos,g,g|piece,
fourQuarters2,Quatre-quarts,quatre-quarts_77366_w100h100c1cx2279cy1833cxt0cyt0cxb4558cyb3667.jpg,snacks,Four-quarters,Cuatro cuartos,g,g|piece,
quenelle,Quenelle,,meal,Quenelle,Quenelle,piece,piece|g,
vealQuenelle,Quenelle de veau,,meat,Veal quenelle,quenelle de ternera,g,g|kg|piece,
plum,Quetsche,quetsche_67571_w100h100c1cx350cy350.jpg,fruits,Plum,Ciruela,piece,piece|g|kg,
tail,Queue,,meat,Tail,Cola,g,g|kg|piece,
crayfishTail,Queue d'écrevisse,queue-d-ecrevisse_69030_w100h100c1cxt0cyt0cxb700cyb700.jpg,seafood,Crayfish tail,Cola de cangrejo de río,g,g|kg|piece,
shrimpTail,Queue de crevette,,seafood,Shrimp tail,cola de camarón,g,g|kg|piece,
lobsterTail,Queue de langouste,,seafood,Lobster tail,cola de langosta,g,g|kg|piece,
quinoa,Quinoa,quinoa_67636_w100h100c1cx350cy350.jpg,grains,Quinoa,Quinoa,g,g|kg|piece,
quinine,Quinquina,,beverages,Quinine,Quinina,ml,ml|l|cl|piece,
quorn,Quorn,,meat,Quorn,Quorn,g,g|kg|piece,
rabbitSaddle,Râble de lapin,,meat,Rabbit saddle,Silla de montar Rabbit,g,g|kg|piece,
hareSSaddle,Râble de lièvre,,grains,Hare's saddle,Silla de montar de liebre,g,g|kg|piece,
gentianRoot,Racine de gentiane,,spices,Gentian root,raíz de genciana,g,g|piece,
raclette,Raclette,raclette_67681_w100h100c1cx350cy350.jpg,dairy,Raclette,Raclette,g,g|kg|piece,
radish,Radis,radis_67696_w100h100c1cx350cy350.jpg,vegetables,Radish,Rábano,piece,piece|g|kg,
longRadish,Radis long,radis-long_128803_w100h100c1cx1132cy662cxt0cyt0cxb2265cyb1324.jpg,vegetables,Long radish,rábano largo,piece,piece|g|kg,
blackRadish,Radis noir,radis-noir_79691_w100h100c1cx1240cy1240cxt0cyt0cxb2480cyb2480.jpg,vegetables,Black radish,rábano negro,piece,piece|g|kg,
raffaelo,Raffaelo,,snacks,Raffaelo,Rafael,g,g|piece,
nutria,Ragondin,,meat,Nutria,Nutria,g,g|kg|piece,
ray,Raie,raie_69143_w100h100c1cxt0cyt0cxb700cyb700.jpg,fish,Ray,Rayo,g,g|kg|piece,
horseradish,Raifort,raifort_69144_w100h100c1cxt0cyt0cxb700cyb700.jpg,spices,Horseradish,Rábano picante,g,g|piece,
grapes,Raisin,raisin_67749_w100h100c1cx350cy350.jpg,fruits,Grapes,Uvas,piece,piece|g|kg,
whiteGrape,Raisin blanc,raisin-blanc_67533_w100h100c1cx350cy350.jpg,fruits,White grape,uva blanca,piece,piece|g|kg,
muscatGrape,Raisin muscat,raisin-muscat_118629_w100h100c1cx589cy590cxt0cyt0cxb1178cyb1180.png,fruits,Muscat grape,Uva moscatel,piece,piece|g|kg,
blackGrape,Raisin noir,raisin-noir_67755_w100h100c1cx350cy350.jpg,fruits,Black grape,Uva negra,piece,piece|g|kg,
sultanaRaisins,Raisin sec sultan,,fruits,Sultana raisins,pasas sultanas,g,g|piece,
raisinized,Raisiné,,fruits,Raisinized,pasas,piece,piece|g|kg,
currants,Raisins de Corinthe,,fruits,Currants,Grosellas,piece,piece|g|kg,
raisins,Raisins secs,raisins-secs_67608_w100h100c1cx1541cy1030.jpg,fruits,Raisins,Pasas,g,g|piece,
acaciaFlowerBranch,Rameau de fleur d'acacia,rameau-de-fleur-d-acacia_117421_w100h100c1cxt0cyt0cxb1732cyb1732.jpg,grains,Acacia flower branch,rama de flor de acacia,g,g|kg|piece,
ramen,Ramen,ramen_117444_w100h100c1cx1466cy1466cxt0cyt0cxb2932cyb2932.jpg,meal,Ramen,Ramen,piece,piece|g,
rapadura,Rapadura,rapadura_81558_w100h100c1cx2592cy1728cxt0cyt0cxb5184cyb3456.jpg,condiments,Rapadura,Rapadura,g,g|kg|ml|l|piece,
rasElHanout,Ras el Hanout,ras-el-hanout_69147_w100h100c1cxt0cyt0cxb700cyb700.jpg,spices,Ras el Hanout,Ras el Hanout,g,g|piece,
rascalat,Rascalat,,meat,Rascalat,Rascalat,g,g|kg|piece,
scorpionfish,Rascasse,,fish,Scorpionfish,pez escorpión,g,g|kg|piece,
ratafia,Ratafia,,beverages,Ratafia,Ratafia,ml,ml|l|cl|piece,
ratatouille,Ratatouille,ratatouille_67680_w100h100c1cx350cy350.jpg,meal,Ratatouille,Ratatouille,piece,piece|g,
missed,Rate,,meat,Missed,Omitido,g,g|kg|piece,
ratte,Ratte,ratte_77260_w100h100c1cx2450cy2450cxt0cyt0cxb4900cyb4900.jpg,vegetables,Ratte,Ratte,piece,piece|g|kg,
ravioli,Raviole,raviole_69145_w100h100c1cxt0cyt0cxb700cyb700.jpg,meal,Ravioli,Ravioles,piece,piece|g,
royansRavioli,Raviole de Royans,raviole-de-royans_69146_w100h100c1cxt0cyt0cxb700cyb700.jpg,meal,Royans Ravioli,Raviolis Royans,piece,piece|g,
ravioli2,Ravioli,ravioli_117232_w100h100c1cx1004cy1004cxt0cyt0cxb2008cyb2008.jpg,grains,Ravioli,Ravioles,g,g|kg|piece,
reblochon,Reblochon,reblochon_67516_w100h100c1cx350cy350.jpg,dairy,Reblochon,Reblochon,g,g|kg|piece,
licorice,Réglisse,reglisse_69148_w100h100c1cxt0cyt0cxb700cyb700.jpg,snacks,Licorice,Regaliz,g,g|piece,
reineClaude,Reine-claude,reine-claude_81555_w100h100c1cx1850cy1850cxt0cyt0cxb3700cyb3700.png,fruits,Reine-Claude,Reina-Claude,piece,piece|g|kg,
relish,Relish,,condiments,Relish,Saborear,g,g|kg|ml|l|piece,
reindeer,Renne,,meat,Reindeer,Reno,g,g|kg|piece,
shark,Requin,,fish,Shark,Tiburón,g,g|kg|piece,
rhubarb,Rhubarbe,rhubarbe_67547_w100h100c1cx350cy350.jpg,fruits,Rhubarb,Ruibarbo,piece,piece|g|kg,
rum,Rhum,rhum_67743_w100h100c1cx350cy350.jpg,beverages,Rum,Ron,ml,ml|l|cl|piece,
amberRum,Rhum ambré,,beverages,Amber rum,Ron ámbar,ml,ml|l|cl|piece,
bacardiRum,Rhum bacardi,,beverages,Bacardi rum,ron Bacardi,ml,ml|l|cl|piece,
whiteRum,Rhum blanc,,beverages,White rum,ron blanco,ml,ml|l|cl|piece,
darkRum,Rhum brun,,beverages,Dark rum,ron oscuro,ml,ml|l|cl|piece,
cubanRumHavanaClubBacardi,"Rhum cubain (havana club, bacardi)",,beverages,"Cuban rum (Havana Club, Bacardi)","Ron cubano (Havana Club, Bacardi)",ml,ml|l|cl|piece,
agedRum,Rhum vieux,rhum-vieux_67454_w100h100c1cx350cy350.jpg,beverages,Aged rum,ron añejo,ml,ml|l|cl|piece,
riceCrispies,Rice crispies,,grains,Rice crispies,crujientes de arroz,g,g|kg|piece,
ricor,Ricoré,,beverages,Ricoré,Ricoré,ml,ml|l|cl|piece,
ricotta,Ricotta,ricotta_67574_w100h100c1cx350cy350.jpg,dairy,Ricotta,Ricotta,g,g|piece,
riesling,Riesling,riesling_69149_w100h100c1cxt0cyt0cxb700cyb700.jpg,beverages,Riesling,Riesling,ml,ml|l|cl|piece,
rigatoni,Rigatoni,rigatoni_117432_w100h100c1cx1511cy1511cxt0cyt0cxb3022cyb3022.jpg,grains,Rigatoni,Rigatoni,g,g|kg|piece,
rillettes,Rillettes,rillettes_69150_w100h100c1cxt0cyt0cxb700cyb700.jpg,meat,Rillettes,Rillettes,g,g|kg|piece,
rillons,Rillons,,meat,Rillons,Rillons,g,g|kg|piece,
sweetbreads,Ris de veau,ris-de-veau_69151_w100h100c1cxt0cyt0cxb700cyb700.jpg,meat,Sweetbreads,Mollejas,g,g|kg|piece,
risotto,Risotto,risotto_77269_w100h100c1cx1930cy1145cxt0cyt0cxb3861cyb2291.jpg,meal,Risotto,Risotto,piece,piece|g,
rice,Riz,riz_67667_w100h100c1cx350cy350.jpg,grains,Rice,Arroz,g,g|kg|piece,
basmatiRice,Riz basmati,riz-basmati_67540_w100h100c1cx350cy350.jpg,grains,Basmati rice,Arroz basmati,g,g|kg|piece,
whiteRice,Riz blanc,riz-blanc_68967_w100h100c1cxt0cyt0cxb700cyb700.jpg,grains,White rice,arroz blanco,g,g|kg|piece,
stickyRice,Riz gluant,riz-gluant_69154_w100h100c1cxt0cyt0cxb300cyb300.jpg,grains,Sticky rice,arroz glutinoso,g,g|kg|piece,
riceCereals,"Riz, céréales",riz-cereales_117220_w100h100c1cx1728cy1152cxt0cyt0cxb3456cyb2304.jpg,grains,"Rice, cereals","Arroz, cereales",g,g|kg|piece,
longRice,Riz long,riz-long_67642_w100h100c1cx350cy350.jpg,grains,Long Rice,Arroz largo,g,g|kg|piece,
camargueLongGrainRice,Riz long de Camargue,,grains,Camargue long grain rice,arroz de grano largo de la Camarga,g,g|kg|piece,
blackRice,Riz noir,,grains,Black rice,arroz negro,g,g|kg|piece,
risottoRice,Riz pour risotto,riz-pour-risotto_69153_w100h100c1cxt0cyt0cxb300cyb300.jpg,meal,Risotto rice,arroz para risotto,g,g|kg|piece,
roundRice,Riz rond,riz-rond_67482_w100h100c1cx350cy350.jpg,grains,Round rice,Arroz redondo,g,g|kg|piece,
wildRice,Riz sauvage,riz-sauvage_69152_w100h100c1cxt0cyt0cxb700cyb700.jpg,grains,Wild rice,arroz silvestre,g,g|kg|piece,
puffedRice,Riz soufflé,riz-souffle_117613_w100h100c1cx295cy295cxt0cyt0cxb591cyb591.jpg,grains,Puffed rice,arroz inflado,g,g|kg|piece,
surinameseRice,Riz surinam,riz-surinam_117233_w100h100c1cx866cy866cxt0cyt0cxb1732cyb1732.jpg,grains,Surinamese rice,arroz surinamés,g,g|kg|piece,
thaiRice,Riz thaï,riz-thai_69155_w100h100c1cxt0cyt0cxb700cyb700.jpg,grains,Thai rice,arroz tailandés,g,g|kg|piece,
rocamadour,Rocamadour,,dairy,Rocamadour,Rocamadour,g,g|kg|piece,
vealKidney,Rognon de veau,,meat,Veal kidney,Riñón de ternera,g,g|kg|piece,
kidneys,Rognons,rognons_117234_w100h100c1cx866cy866cxt0cyt0cxb1732cyb1732.jpg,meat,Kidneys,Riñones,g,g|kg|piece,
roman,Romaine,romaine_117235_w100h100c1cx866cy866cxt0cyt0cxb1732cyb1732.jpg,vegetables,Roman,romano,piece,piece|g|kg,
rosemary,Romarin,romarin_67467_w100h100c1cx350cy350.jpg,spices,Rosemary,Romero,piece,piece|g,branche
rooibos,Rooibos,,beverages,Rooibos,Rooibos,ml,ml|l|cl|piece,
roquefort,Roquefort,roquefort_67558_w100h100c1cx350cy350.jpg,dairy,Roquefort,Roquefort,g,g|kg|piece,
rocket,Roquette,roquette_67399_w100h100c1cx350cy350.jpg,vegetables,Rocket,Cohete,piece,piece|g,
roastBeef,Rosbif,rosbif_77541_w100h100c1cx2350cy2350cxt0cyt0cxb4700cyb4700.jpg,meat,Roast beef,Rosbif,g,g|kg|piece,
pink,Rose,rose_117236_w100h100c1cx1410cy1410cxt0cyt0cxb2820cyb2820.jpg,beverages,Pink,Rosa,ml,ml|l|cl|piece,
rosette,Rosette,rosette_77309_w100h100c1cx2218cy1920cxt0cyt0cxb4437cyb3840.jpg,meat,Rosette,Rosetón,piece,piece|g,tranche
rSti,Rösti,,meal,Rösti,Rösti,piece,piece|g,
roastVenison,Rôti de biche,,meat,Roast venison,Venado asado,g,g|kg|piece,
roastBeef2,Rôti de boeuf,roti-de-boeuf_77542_w100h100c1cx2350cy2350cxt0cyt0cxb4700cyb4700.jpg,meat,Roast beef,Rosbif,g,g|kg|piece,
roastTurkeyPoult,Rôti de dindonneau,,grains,Roast turkey poult,Pavo asado,g,g|kg|piece,
roastPork,Rôti de porc,roti-de-porc_85795_w100h100c1cx150cy150cxt0cyt0cxb300cyb300.jpg,meat,Roast pork,Cerdo asado,g,g|kg|piece,
roastPork2,Rôti de porc,roti-de-porc_77543_w100h100c1cx2350cy2350cxt0cyt0cxb4700cyb4700.jpg,meat,Roast pork,Cerdo asado,g,g|kg|piece,
roastVeal,Rôti de veau,roti-de-veau_69156_w100h100c1cxt0cyt0cxb700cyb700.jpg,meat,Roast veal,Ternera asada,g,g|kg|piece,
roucaou,Roucaou,,fish,Roucaou,Roucaou,g,g|kg|piece,
letSCoo,Roucoulons,,dairy,Let's coo,Vamos a arrullar,g,g|kg|piece,
roudor,Roudor,,snacks,Roudor,Roudor,g,g|piece,
rouelle,Rouelle,,meat,Rouelle,Rouelle,g,g|kg|piece,
redMullet,Rouget,rouget_67723_w100h100c1cx350cy350.jpg,fish,Red mullet,Salmonete,g,g|kg|piece,
rust,Rouille,rouille_117237_w100h100c1cx866cy866cxt0cyt0cxb1732cyb1732.jpg,condiments,Rust,Óxido,g,g|kg|ml|l|piece,
licoriceRoll,Rouleau de réglisse,rouleau-de-reglisse_118175_w100h100c1cx362cy241cxt0cyt0cxb724cyb483.jpg,snacks,Licorice roll,Rollo de regaliz,g,g|piece,
rouy,Rouy,rouy_81554_w100h100c1cx1386cy1000cxt0cyt0cxb2772cyb2000.jpg,dairy,Rouy,Rouy,g,g|kg|piece,
street,Rue,,spices,Street,Calle,g,g|piece,
rumpSteak,Rumsteak,rumsteak_117553_w100h100c1cx295cy295cxt0cyt0cxb591cyb591.jpg,meat,Rump steak,filete de cadera,g,g|kg|piece,
rumpSteak2,Rumsteck,rumsteck_77544_w100h100c1cx2350cy2350cxt0cyt0cxb4700cyb4700.jpg,meat,Rump steak,filete de cadera,g,g|kg|piece,
rutabaga,Rutabaga,rutabaga_77343_w100h100c1cx2750cy2750cxt0cyt0cxb5500cyb5500.jpg,vegetables,Rutabaga,Nabo sueco,piece,piece|g|kg,
shortbread,Sablés,sables_67568_w100h100c1cx350cy350.jpg,grains,Shortbread,Mantecada,g,g|kg|piece,
sabodet,Sabodet,,meat,Sabodet,Sabodet,g,g|kg|piece,
saber,Sabre,,fish,Saber,Sable,g,g|kg|piece,
onionSoupSachet,Sachet de soupe à l'oignon,,meal,Onion soup sachet,sobre de sopa de cebolla,piece,piece|g,
saffron,Safran,safran_67372_w100h100c1cx350cy350.jpg,spices,Saffron,Azafrán,g,g|piece,
lard,Saindoux,,condiments,Lard,Manteca de cerdo,g,g|kg|ml|l|piece,
saintMoret,Saint Morêt,saint-moret_69172_w100h100c1cxt0cyt0cxb700cyb700.jpg,dairy,Saint Moret,San Moreto,g,g|kg|piece,
saintFelicien,Saint-felicien,,dairy,Saint-Felicien,San Félicien,g,g|kg|piece,
saintFlorentin,Saint-florentin,,dairy,Saint-Florentin,San Florentino,g,g|kg|piece,
saintMarcellin,Saint-marcellin,saint-marcellin_69158_w100h100c1cxt0cyt0cxb700cyb700.jpg,dairy,Saint-Marcellin,San Marcelino,g,g|kg|piece,
saintNectaire,Saint-nectaire,saint-nectaire_118446_w100h100c1cx329cy329cxt0cyt0cxb658cyb658.png,dairy,Saint-Nectaire,Saint-Nectaire,g,g|kg|piece,
saintPaulin,Saint-paulin,,dairy,Saint-Paulin,San Pablo,g,g|kg|piece,
saintPierre,Saint-pierre,saint-pierre_117244_w100h100c1cx1060cy707cxt0cyt0cxb2121cyb1414.jpg,fish,Saint-Pierre,San Pedro,g,g|kg|piece,
sainteMaureDeTouraine,Sainte-maure de Touraine,,dairy,Sainte-Maure-de-Touraine,Santa Maure de Touraine,g,g|kg|piece,
sakaSaka,Saka-Saka,,vegetables,Saka-Saka,Saka-Saka,piece,piece|g|kg,
sake,Saké,sake_69159_w100h100c1cxt0cyt0cxb700cyb700.jpg,beverages,Sake,Beneficio,ml,ml|l|cl|piece,
sakuraDenbuPinkPowderMadeFromSoka,Sakura Denbu (poudre rose à base de soka),,condiments,Sakura Denbu (pink powder made from soka),Sakura Denbu (polvo rosa hecho de soka),g,g|kg|ml|l|piece,
salad,Salade,salade_67567_w100h100c1cx350cy350.jpg,vegetables,Salad,Ensalada,piece,piece|g,
curlyEndiveSalad,Salade frisée,salade-frisee_103525_w100h100c1cx2500cy2076cxt0cyt0cxb5000cyb4153.jpg,vegetables,Curly endive salad,ensalada de endivias rizadas,piece,piece|g,
mixedSalad,Salade mélangée,salade-melangee_144641_w100h100c1cx250cy250cxt0cyt0cxb500cyb500.jpg,vegetables,Mixed salad,Ensalada mezclada,piece,piece|g,
salami,Salami,salami_77274_w100h100c1cx2005cy2005cxt0cyt0cxb4010cyb4010.jpg,meat,Salami,Salami,piece,piece|g,tranche
salers,Salers,,dairy,Salers,Salers,g,g|kg|piece,
glasswort,Salicorne,salicorne_117245_w100h100c1cx866cy866cxt0cyt0cxb1732cyb1732.jpg,vegetables,Glasswort,Salicornia,piece,piece|g|kg,
saltpetre,Salpêtre,,preparation,Saltpetre,Salitre,g,g|ml|piece,
salpicO,Salpicão,,meat,Salpicão,Salpicão,g,g|kg|piece,
salsify,Salsifis,salsifis_117246_w100h100c1cx916cy818cxt0cyt0cxb1832cyb1637.jpg,vegetables,Salsify,Salsifí,piece,piece|g|kg,
sambalOelek,Sambal Oelek,,condiments,Sambal Oelek,Sambal Oelek,g,g|kg|ml|l|piece,
sancerre,Sancerre,,beverages,Sancerre,Sancerre,ml,ml|l|cl|piece,
sandre,Sandre,,fish,Sandre,Sandre,g,g|kg|piece,
blood,Sang,,meat,Blood,Sangre,g,g|kg|piece,
wildBoar2,Sanglier,,meat,Wild boar,Jabalí,g,g|kg|piece,
sangria,Sangria,,beverages,Sangria,Sangría,ml,ml|l|cl|piece,
sanguin,Sanguin,,beverages,Sanguin,Sanguin,ml,ml|l|cl|piece,
sar,Sar,,fish,Sar,Sar,g,g|kg|piece,
sardine,Sardine,sardine_67364_w100h100c1cx350cy350.jpg,fish,Sardine,Sardina,g,g|kg|piece,
buckwheat,Sarrasin,sarrasin_67630_w100h100c1cx350cy350.jpg,grains,Buckwheat,Alforfón,g,g|kg|piece,
savory,Sarriette,sarriette_117247_w100h100c1cx1168cy1168cxt0cyt0cxb2336cyb2336.jpeg,spices,Savory,Sabroso,g,g|piece,
satay,Satay,,condiments,Satay,Satay,g,g|kg|ml|l|piece,
sat,Saté,,condiments,Sat,Se sentó,g,g|kg|ml|l|piece,
sorrelSauce,Sauce à l'oseille,,condiments,Sorrel sauce,Salsa de acedera,ml,ml|l|piece,
tacoSauce,Sauce à tacos,,condiments,Taco sauce,Salsa para tacos,ml,ml|l|piece,
sweetAndSourSauce,Sauce aigre douce,,condiments,Sweet and sour sauce,salsa agridulce,ml,ml|l|piece,
americanSauce,Sauce américaine,,condiments,American sauce,salsa americana,ml,ml|l|piece,
englishSauce,Sauce anglaise,,condiments,English sauce,salsa inglesa,ml,ml|l|piece,
armoricanSauce,Sauce armoricaine,,condiments,Armorican sauce,Salsa armoricana,ml,ml|l|piece,
arrabiataSauce,Sauce Arrabiata,sauce-arrabiata_69163_w100h100c1cxt0cyt0cxb700cyb700.jpg,condiments,Arrabiata Sauce,Salsa Arrabiata,ml,ml|l|piece,
asianSauce,Sauce asiatique,,condiments,Asian sauce,salsa asiática,ml,ml|l|piece,
gingerSauce,Sauce au gingembre,,condiments,Ginger sauce,salsa de jengibre,ml,ml|l|piece,
pepperSauce,Sauce au poivre,,condiments,Pepper sauce,Salsa de pimienta,ml,ml|l|piece,
barbecueSauce,Sauce barbecue,sauce-barbecue_70363_w100h100c1cxt0cyt0cxb700cyb700.jpg,condiments,Barbecue sauce,Salsa barbecue,ml,ml|l|piece,
basqueSauce,Sauce basque,,condiments,Basque sauce,salsa vasca,ml,ml|l|piece,
bArnaiseSauce,Sauce béarnaise,,condiments,Béarnaise sauce,salsa bearnesa,ml,ml|l|piece,
whiteSauce,Sauce blanche,,condiments,White sauce,Salsa blanca,ml,ml|l|piece,
bologneseSauce,Sauce bolognaise,sauce-bolognaise_69160_w100h100c1cxt0cyt0cxb700cyb700.jpg,meal,Bolognese sauce,salsa boloñesa,ml,ml|l|piece,
burgundySauce,Sauce bourguignonne,,meal,Burgundy sauce,Salsa Borgoña,ml,ml|l|piece,
brownSauce,Sauce brune,,condiments,Brown sauce,salsa marrón,ml,ml|l|piece,
burgerSauce,Sauce burger,sauce-burger_117522_w100h100c1cx3057cy2038cxt0cyt0cxb6114cyb4076.jpg,condiments,Burger sauce,Salsa para hamburguesas,ml,ml|l|piece,
caramelSauce,Sauce caramel,sauce-caramel_75720_w100h100c1cx2760cy2760cxt0cyt0cxb5520cyb5520.jpg,condiments,Caramel sauce,Dulce de leche,ml,ml|l|piece,
caesarDressing,Sauce césar,,condiments,Caesar dressing,aderezo César,ml,ml|l|piece,
chiliSauce,Sauce chili,,condiments,Chili sauce,Salsa de chile,ml,ml|l|piece,
chocolateSauce,Sauce chocolat,sauce-chocolat_81877_w100h100c1cx2000cy2000cxt0cyt0cxb4000cyb4000.png,condiments,Chocolate sauce,Salsa de chocolate,ml,ml|l|piece,
cocktailSauce,Sauce cocktail,sauce-cocktail_117355_w100h100c1cx979cy765cxt0cyt0cxb1959cyb1530.jpg,condiments,Cocktail sauce,Salsa cóctel,ml,ml|l|piece,
cruditSauce,Sauce crudité,,condiments,Crudité sauce,Salsa crudité,ml,ml|l|piece,
oysterSauce,Sauce d'huître,sauce-d-huitre_117334_w100h100c1cx1060cy707cxt0cyt0cxb2121cyb1414.jpg,condiments,Oyster sauce,salsa de ostras,ml,ml|l|piece,
roastSauce,Sauce de rôti,,condiments,Roast sauce,Salsa asada,ml,ml|l|piece,
demiGlaceSauce,Sauce demi-glace,,condiments,Demi-glace sauce,salsa demi-glace,ml,ml|l|piece,
forestSauce,Sauce forestière,,condiments,Forest sauce,Salsa del bosque,ml,ml|l|piece,
hamburgerSauce,Sauce hamburger,sauce-hamburger_117356_w100h100c1cx2038cy2038cxt0cyt0cxb4076cyb4076.jpeg,meal,Hamburger sauce,Salsa para hamburguesas,ml,ml|l|piece,
hannibalSauce,Sauce hannibal,,condiments,Hannibal sauce,Salsa Hannibal,ml,ml|l|piece,
harissaSauce,Sauce harissa,sauce-harissa_117434_w100h100c1cx866cy866cxt0cyt0cxb1732cyb1732.jpg,condiments,Harissa sauce,Salsa harissa,ml,ml|l|piece,
hoisinSauce,Sauce hoisin,sauce-hoisin_117351_w100h100c1cx1060cy707cxt0cyt0cxb2121cyb1414.jpg,condiments,Hoisin sauce,salsa hoisin,ml,ml|l|piece,
hollandaiseSauce,Sauce hollandaise,sauce-hollandaise_117467_w100h100c1cx1550cy1550cxt0cyt0cxb3100cyb3100.jpg,condiments,Hollandaise sauce,salsa holandesa,ml,ml|l|piece,
hpSauce,Sauce HP,,condiments,HP Sauce,Salsa HP,ml,ml|l|piece,
oysterSauce2,Sauce huître,sauce-huitre_69161_w100h100c1cxt0cyt0cxb700cyb700.jpg,condiments,Oyster sauce,salsa de ostras,ml,ml|l|piece,
italianSauce,Sauce italienne,,condiments,Italian sauce,salsa italiana,ml,ml|l|piece,
ketchupSauce,Sauce ketchup,sauce-ketchup_70362_w100h100c1cxt0cyt0cxb700cyb700.jpg,condiments,Ketchup sauce,Salsa de kétchup,ml,ml|l|piece,
maggiSauce,Sauce maggi,,condiments,Maggi sauce,Salsa Maggi,ml,ml|l|piece,
neapolitanSauce,Sauce napolitaine,,condiments,Neapolitan sauce,salsa napolitana,ml,ml|l|piece,
springRollSauce,Sauce nem,,meal,Spring roll sauce,salsa para rollitos de primavera,ml,ml|l|piece,
nuocMamSauce,Sauce nuoc mam,sauce-nuoc-mam_69104_w100h100c1cxt0cyt0cxb700cyb700.jpg,condiments,Nuoc mam sauce,salsa Nuoc mam,ml,ml|l|piece,
okonomiyakiSauce,Sauce okonomiyaki,,condiments,Okonomiyaki sauce,Salsa Okonomiyaki,ml,ml|l|piece,
basilPestoSauce,Sauce pesto basilic,sauce-pesto-basilic_151932_w100h100c1cxt0cyt0cxb300cyb300.jpg,condiments,Basil pesto sauce,Salsa pesto de albahaca,ml,ml|l|piece,
pestoRossoSauce,Sauce pesto rosso,sauce-pesto-rosso_77249_w100h100c1cx3015cy2004cxt0cyt0cxb6031cyb4009.jpg,condiments,Pesto rosso sauce,salsa pesto rosso,ml,ml|l|piece,
hotSauce,Sauce pimentée,sauce-pimentee_118621_w100h100c1cx158cy154cxt0cyt0cxb316cyb308.png,condiments,Hot sauce,salsa picante,ml,ml|l|piece,
hotSauce2,Sauce piquante,sauce-piquante_117352_w100h100c1cx707cy707cxt0cyt0cxb1415cyb1415.jpeg,condiments,Hot sauce,salsa picante,ml,ml|l|piece,
piriPiriSauce,Sauce piri-piri,,condiments,Piri-piri sauce,salsa piri-piri,ml,ml|l|piece,
pestoSauce,Sauce pistou,sauce-pistou_77248_w100h100c1cx1986cy1551cxt0cyt0cxb3972cyb3102.jpg,condiments,Pesto sauce,Salsa pesto,ml,ml|l|piece,
pizzaSauce,Sauce pizza,,condiments,Pizza sauce,Salsa de pizza,ml,ml|l|piece,
fishSauce,Sauce poisson,,condiments,Fish sauce,Salsa de pescado,ml,ml|l|piece,
ponzuSauce,Sauce ponzu,,condiments,Ponzu sauce,salsa ponzu,ml,ml|l|piece,
springRollSauce2,Sauce pour nem,sauce-pour-nem_69162_w100h100c1cxt0cyt0cxb700cyb700.jpg,meal,Spring roll sauce,salsa para rollitos de primavera,ml,ml|l|piece,
mildCurryWokSauce,Sauce pour wok au curry doux,,meal,Mild Curry Wok Sauce,Salsa suave de curry para wok,ml,ml|l|piece,
provenAlSauce,Sauce provençale,sauce-provencale_69164_w100h100c1cxt0cyt0cxb700cyb700.jpg,condiments,Provençal sauce,salsa provenzal,ml,ml|l|piece,
salsaSauce,Sauce salsa,sauce-salsa_117485_w100h100c1cx295cy295cxt0cyt0cxb591cyb591.jpg,condiments,Salsa sauce,Salsa de salsa,ml,ml|l|piece,
sataySauce,Sauce satay,,condiments,Satay sauce,salsa satay,ml,ml|l|piece,
szechuanSauce,Sauce sichuan,,condiments,Szechuan sauce,salsa sichuan,ml,ml|l|piece,
soySauce,Sauce soja,sauce-soja_67466_w100h100c1cx350cy350.jpg,condiments,Soy sauce,Salsa de soja,ml,ml|l|piece,
srirachaSauce,Sauce Sriracha,sauce-sriracha_159662_w100h100c1cxt0cyt0cxb3840cyb3840.jpg,condiments,Sriracha Sauce,Salsa Sriracha,ml,ml|l|piece,
sukiyakiSauce,Sauce sukiyaki,sauce-sukiyaki_117443_w100h100c1cx1500cy1500cxt0cyt0cxb3000cyb3000.jpg,condiments,Sukiyaki sauce,salsa Sukiyaki,ml,ml|l|piece,
sweetChiliSauce,Sauce sweet chili,,condiments,Sweet chili sauce,Salsa de chile dulce,ml,ml|l|piece,
tamariSauce,Sauce tamari,,condiments,Tamari sauce,Salsa tamari,ml,ml|l|piece,
tartarSauce,Sauce tartare,sauce-tartare_117357_w100h100c1cx707cy707cxt0cyt0cxb1414cyb1414.jpeg,condiments,Tartar sauce,salsa tártara,ml,ml|l|piece,
tempuraSauce,Sauce Tempura,,condiments,Tempura Sauce,Salsa tempura,ml,ml|l|piece,
teriyakiSauce,Sauce teriyaki,sauce-teriyaki_153188_w100h100c1cxt0cyt0cxb145cyb204.jpg,condiments,Teriyaki sauce,salsa teriyaki,ml,ml|l|piece,
thaiSauce,Sauce thaï,,condiments,Thai sauce,salsa tailandesa,ml,ml|l|piece,
tomatoSauce,Sauce tomate,sauce-tomate_67663_w100h100c1cx350cy350.jpg,condiments,Tomato sauce,salsa de tomate,ml,ml|l|piece,
worcesterSauce,Sauce Worcester,,condiments,Worcester Sauce,Salsa Worcester,ml,ml|l|piece,
worcestershireSauce,Sauce worcestershire,sauce-worcestershire_146768_w100h100c1cx350cy350cxt0cyt0cxb700cyb700.jpg,condiments,Worcestershire sauce,salsa Worcestershire,ml,ml|l|piece,
yakitoriSauce,Sauce Yakitori,sauce-yakitori_83403_w100h100c1cx1700cy1700cxt0cyt0cxb3400cyb3400.png,condiments,Yakitori Sauce,Salsa Yakitori,ml,ml|l|piece,
sauceline,Sauceline,,condiments,Sauceline,Línea de salsa,g,g|kg|ml|l|piece,
sausage,Saucisse,saucisses_67535_w100h100c1cx350cy350.jpg,meat,Sausage,Embutido,piece,piece|g|kg,
cocktailSausage,Saucisse cocktail,,meat,Cocktail sausage,salchicha de cóctel,piece,piece|g|kg,
frankfurtSausage,Saucisse de Francfort,saucisse-de-francfort_117248_w100h100c1cx1471cy1296cxt0cyt0cxb2943cyb2592.jpg,meat,Frankfurt sausage,Salchicha Frankfurt,piece,piece|g|kg,
montbLiardSausage,Saucisse de Montbéliard,saucisse-de-montbeliard_161107_w100h100c1cx250cy250cxt0cyt0cxb500cyb500.png,meat,Montbéliard sausage,salchicha Montbéliard,piece,piece|g|kg,
morteauSausage,Saucisse de Morteau,saucisse-de-morteau_69094_w100h100c1cxt0cyt0cxb700cyb700.jpg,meat,Morteau sausage,salchicha Morteau,piece,piece|g|kg,
strasbourgSausage,Saucisse de Strasbourg,saucisse-de-strasbourg_117249_w100h100c1cx1181cy1181cxt0cyt0cxb2363cyb2363.jpeg,meat,Strasbourg sausage,Salchicha de Estrasburgo,piece,piece|g|kg,
toulouseSausage,Saucisse de Toulouse,saucisse-de-toulouse_69167_w100h100c1cxt0cyt0cxb700cyb700.jpg,meat,Toulouse sausage,salchicha de Toulouse,piece,piece|g|kg,
driedSausage,Saucisse sèche,saucisse-seche_117251_w100h100c1cx866cy866cxt0cyt0cxb1732cyb1732.jpg,meat,Dried sausage,Salchichón,piece,piece|g|kg,
cookedSausagesForHotDogs,Saucisses cuites pour Hot Dog,saucisses-cuites-pour-hot-dog_121860_w100h100c1cx411cy411cxt0cyt0cxb822cyb822.png,meal,Cooked sausages for hot dogs,Salchichas cocidas para perritos calientes,piece,piece|g|kg,
knackiOriginalHertaSausages,Saucisses Knacki® Original HERTA®,saucisses-knacki-original-herta_152825_w100h100c1cxt0cyt0cxb339cyb463.jpg,meat,Knacki® Original HERTA® Sausages,Salchichas Knacki® Originales HERTA®,piece,piece|g|kg,
sausage2,Saucisson,saucisson_67463_w100h100c1cx350cy350.jpg,meat,Sausage,Embutido,g,g|kg|piece,
lyonnaiseCookingSausage,Saucisson à cuire lyonnais,,meat,Lyonnaise cooking sausage,salchicha de cocina lionesa,g,g|kg|piece,
garlicSausage,Saucisson à l'ail,saucisson-a-l-ail_117253_w100h100c1cx707cy707cxt0cyt0cxb1414cyb1414.jpeg,meat,Garlic sausage,salchicha de ajo,g,g|kg|piece,
drySausage,Saucisson sec,saucisson-sec_117254_w100h100c1cx866cy866cxt0cyt0cxb1732cyb1732.jpg,meat,Dry sausage,salchicha seca,g,g|kg|piece,
sage,Sauge,sauge_67354_w100h100c1cx350cy350.jpg,spices,Sage,Sabio,piece,piece|g,branche
salmon,Saumon,saumon_67605_w100h100c1cx350cy350.jpg,fish,Salmon,Salmón,g,g|kg|piece,
naturalSalmon,Saumon au naturel,,canned,Natural salmon,Salmón natural,g,g|piece,
freshSalmon,Saumon frais,saumon-frais_67773_w100h100c1cx350cy350.jpg,fish,Fresh salmon,Salmón fresco,g,g|kg|piece,
smokedSalmon,Saumon fumé,saumon-fume_67460_w100h100c1cx350cy350.jpg,fish,Smoked salmon,Salmón ahumado,g,g|kg|piece,
salmonette,Saumonette,,fish,Salmonette,Salmonette,g,g|kg|piece,
saurel,Saurel,,fish,Saurel,Saurel,g,g|kg|piece,
lambStirFry,Sauté d'agneau,saute-d-agneau_108001_w100h100c1cx1061cy706cxt0cyt0cxb2123cyb1412.jpg,meat,Lamb stir-fry,salteado de cordero,g,g|kg|piece,
turkeyStirFry,Sauté de dinde,,meat,Turkey stir-fry,Salteado de pavo,g,g|kg|piece,
porkStirFry,Sauté de porc,saute-de-porc_117256_w100h100c1cx763cy744cxt0cyt0cxb1526cyb1488.jpeg,meat,Pork stir-fry,Salteado de cerdo,g,g|kg|piece,
vealSaut,Sauté de veau,saute-de-veau_117257_w100h100c1cx866cy866cxt0cyt0cxb1732cyb1732.jpg,meat,Veal sauté,salteado de ternera,g,g|kg|piece,
grasshopper,Sauterelle,,seafood,Grasshopper,Saltamontes,g,g|kg|piece,
sauternes,Sauternes,,beverages,Sauternes,Sauternes,ml,ml|l|cl|piece,
liquidBlackSoap,Savon noir liquide,savon-noir-liquide_119329_w100h100c1cx229cy295cxt0cyt0cxb459cyb590.jpeg,cleaning_products,Liquid black soap,Jabón negro líquido,piece,piece,
savora,Savora,,condiments,Savora,Savor,g,g|kg|ml|l|piece,
sbrinz,Sbrinz,,dairy,Sbrinz,Sbrinz,g,g|kg|piece,
scamorza,Scamorza,scamorza_113044_w100h100c1cx911cy822cxt0cyt0cxb1823cyb1645.jpg,dairy,Scamorza,Scamorza,g,g|kg|piece,
scampi,Scampi,scampi_118460_w100h100c1cx350cy350cxt0cyt0cxb700cyb700.jpg,seafood,Scampi,Gambas rebozadas,g,g|kg|piece,
escarole,Scarole,scarole_117258_w100h100c1cx866cy866cxt0cyt0cxb1732cyb1732.jpg,vegetables,Escarole,Escarola,piece,piece|g|kg,
schnaps,Schnaps,,beverages,Schnaps,Schnaps,ml,ml|l|cl|piece,
schweppes,Schweppes,,beverages,Schweppes,Schweppes,ml,ml|l|cl|piece,
scorzonera,Scorsonère,,vegetables,Scorzonera,Escorzonera,piece,piece|g|kg,
sebaste,Sébaste,,fish,Sebaste,Sebaste,g,g|kg|piece,
cuttlefish,Seiche,seiche_67623_w100h100c1cx350cy350.jpg,seafood,Cuttlefish,Calamar,g,g|kg|piece,
rye,Seigle,seigle_117259_w100h100c1cx928cy807cxt0cyt0cxb1856cyb1615.jpg,grains,Rye,Centeno,g,g|kg|piece,
seitan,Seitan,,meat,Seitan,Seitán,g,g|kg|piece,
salt,Sel,sel_67687_w100h100c1cx350cy350.jpg,spices,Salt,Sal,g,g|piece,
espelettePepperSalt,Sel au piment d'Espelette,,spices,Espelette pepper salt,sal de pimienta de Espelette,g,g|piece,
spicedSalt,Sel aux épices,,spices,Spiced Salt,Sal especiada,g,g|piece,
herbSalt,Sel aux herbes,,spices,Herb salt,sal de hierbas,g,g|piece,
celerySalt,Sel de céleri,,spices,Celery salt,sal de apio,g,g|piece,
guRandeSalt,Sel de Guérande,,spices,Guérande salt,sal de Guérande,g,g|piece,
saltAndPepper,Sel et poivre,sel-et-poivre_130740_w100h100c1cx894cy838cxt0cyt0cxb1789cyb1676.jpg,spices,Salt and pepper,Sal y pimienta,g,g|piece,
fineSalt,Sel fin,sel-fin_129104_w100h100c1cx968cy774cxt0cyt0cxb1937cyb1548.jpg,spices,Fine salt,sal fina,g,g|piece,
greySalt,Sel gris,,spices,Grey salt,Sal gris,g,g|piece,
saddleOfLamb,Selle d'agneau,,meat,Saddle of lamb,silla de cordero,g,g|kg|piece,
sellesSurCher,Selles-sur-Cher,selles-sur-cher_77311_w100h100c1cx1056cy762cxt0cyt0cxb2112cyb1524.jpg,dairy,Selles-sur-Cher,Selles-sur-Cher,g,g|kg|piece,
semolina,Semoule,semoule_67439_w100h100c1cx350cy350.jpg,grains,Semolina,Sémola,g,g|kg|piece,
fineSemolina,Semoule fine,semoule-fine_67635_w100h100c1cx350cy350.jpg,grains,Fine semolina,sémola fina,g,g|kg|piece,
mediumSemolina,Semoule moyenne,semoule-moyenne_69169_w100h100c1cxt0cyt0cxb700cyb700.jpg,grains,Medium semolina,sémola media,g,g|kg|piece,
serac,Sérac,,dairy,Serac,Serac,g,g|kg|piece,
seren,Séré,,dairy,Seren,Seren,g,g|kg|piece,
snake,Serpent,,meat,Snake,Serpiente,g,g|kg|piece,
wildThyme,Serpolet,serpolet_77312_w100h100c1cx2808cy1872cxt0cyt0cxb5616cyb3744.jpg,spices,Wild thyme,tomillo silvestre,g,g|piece,
serran,Serran,,fish,Serran,Serrano,g,g|kg|piece,
sesame,Sésame,sesame_67391_w100h100c1cx350cy350.jpg,snacks,Sesame,Sésamo,g,g|piece,
blondSesame,Sésame blond,,snacks,blond sesame,sésamo rubio,g,g|piece,
sevenUp,Seven Up,,beverages,Seven Up,Siete arriba,ml,ml|l|cl|piece,
severeau,Sévereau,,fish,Severeau,Severeau,g,g|kg|piece,
sherry,Sherry,,beverages,Sherry,Jerez,ml,ml|l|cl|piece,
shichimiTogarashi,Shichimi togarashi,,spices,Shichimi togarashi,shichimi togarashi,g,g|piece,
shiitake,Shiitaké,shiitake_117542_w100h100c1cx295cy295cxt0cyt0cxb591cyb591.jpg,vegetables,Shiitake,Shiitake,g,g|kg|piece,
redShiso,Shiso rouge,,vegetables,Red shiso,shiso rojo,piece,piece|g|kg,
shortbread2,Shortbread,shortbread_77313_w100h100c1cx2508cy1672cxt0cyt0cxb5016cyb3344.jpg,snacks,Shortbread,Mantecada,g,g|piece,
siave,Siave,,dairy,Siave,Siave,g,g|kg|piece,
catfish,Silure,,fish,Catfish,Bagre,g,g|kg|piece,
syrup,Sirop,sirop_67386_w100h100c1cx350cy350.jpg,condiments,Syrup,Jarabe,ml,ml|l|piece,
woodruffSyrup,Sirop à l'aspérule,,spices,Woodruff syrup,Jarabe de asperilla,ml,ml|l|piece,
exoticFruitSyrup,Sirop aux fruits exotiques,,condiments,Exotic fruit syrup,Jarabe de frutas exóticas,ml,ml|l|piece,
caribbeanSyrupRumFlavor,Sirop caribbean (saveur rhum),,condiments,Caribbean syrup (rum flavor),Jarabe caribeño (sabor a ron),ml,ml|l|piece,
agaveSyrup,Sirop d'agave,sirop-d-agave_81504_w100h100c1cx1750cy1750cxt0cyt0cxb3500cyb3500.jpg,condiments,Agave syrup,Jarabe de agave,ml,ml|l|piece,
pineappleSyrup,Sirop d'ananas,,condiments,Pineapple syrup,Jarabe de piña,ml,ml|l|piece,
mapleSyrup,Sirop d'érable,sirop-d-erable_67415_w100h100c1cx350cy350.jpg,condiments,Maple syrup,Jarabe de arce,ml,ml|l|piece,
orangeSyrup,Sirop d'orange,,condiments,Orange syrup,Jarabe de naranja,ml,ml|l|piece,
orgeatSyrup,Sirop d'orgeat,,condiments,Orgeat syrup,jarabe de orgeat,ml,ml|l|piece,
caneSyrup,Sirop de canne,sirop-de-canne_152074_w100h100c1cx150cy150cxt0cyt0cxb300cyb300.jpg,condiments,Cane syrup,jarabe de caña,ml,ml|l|piece,
cinnamonSyrup,Sirop de cannelle,,condiments,Cinnamon syrup,Jarabe de canela,ml,ml|l|piece,
blackcurrantSyrup,Sirop de cassis,,condiments,Blackcurrant syrup,Jarabe de grosella negra,ml,ml|l|piece,
cherrySyrup,Sirop de cerises,sirop-de-cerises_115257_w100h100c1cx465cy477cxt0cyt0cxb930cyb954.png,condiments,Cherry syrup,Jarabe de cereza,ml,ml|l|piece,
lemonSyrup,Sirop de citrons,,condiments,Lemon syrup,Jarabe de limón,ml,ml|l|piece,
curaAoSyrup,Sirop de curaçao,sirop-de-curacao_69023_w100h100c1cxt0cyt0cxb700cyb700.jpg,condiments,Curaçao syrup,Jarabe de Curaçao,ml,ml|l|piece,
strawberrySyrup,Sirop de fraise,sirop-de-fraise_118453_w100h100c1cx457cy454cxt0cyt0cxb914cyb908.png,condiments,strawberry syrup,jarabe de fresa,ml,ml|l|piece,
strawberrySyrup2,Sirop de fraises,sirop-de-fraises_118452_w100h100c1cx457cy454cxt0cyt0cxb914cyb908.png,condiments,Strawberry syrup,Jarabe de fresa,ml,ml|l|piece,
genepiSyrup,Sirop de génépi,,condiments,Genepi syrup,Jarabe Genepi,ml,ml|l|piece,
glucoseSyrup,Sirop de glucose,,condiments,Glucose syrup,Jarabe de glucosa,ml,ml|l|piece,
grenadineSyrup,Sirop de grenadine,sirop-de-grenadine_118456_w100h100c1cx451cy451cxt0cyt0cxb902cyb902.png,condiments,Grenadine syrup,jarabe de granadina,ml,ml|l|piece,
liGeSyrup,Sirop de Liège,,condiments,Liège Syrup,Jarabe de Lieja,ml,ml|l|piece,
mintSyrup,Sirop de menthe,,condiments,Mint syrup,Jarabe de menta,ml,ml|l|piece,
honeySyrup,Sirop de miel,sirop-de-miel_76408_w100h100c1cx2592cy1728cxt0cyt0cxb5184cyb3456.jpg,condiments,Honey syrup,Jarabe de miel,ml,ml|l|piece,
pinaColadaSyrup,Sirop de pina colada,,condiments,Pina colada syrup,jarabe de piña colada,ml,ml|l|piece,
roseSyrup,Sirop de rose,,condiments,Rose syrup,Jarabe de rosas,ml,ml|l|piece,
caneSugarSyrup,Sirop de sucre de canne,,condiments,Cane sugar syrup,jarabe de azúcar de caña,ml,ml|l|piece,
violetSyrup,Sirop de violette,,condiments,Violet syrup,Jarabe violeta,ml,ml|l|piece,
skyr,Skyr,skyr_121868_w100h100c1cx411cy411cxt0cyt0cxb822cyb822.png,dairy,Skyr,Skyr,piece,piece|g,
smarties,Smarties®,smarties_158912_w100h100c1cx750cy750cxt0cyt0cxb1500cyb1500.png,snacks,Smarties®,Smarties®,g,g|piece,
smartiesMini,Smarties® Mini,smarties-mini_125757_w100h100c1cx1200cy1200cxt0cyt0cxb2400cyb2400.jpg,snacks,Smarties® Mini,Mini Smarties®,g,g|piece,
smoothie,Smoothie,smoothie_117535_w100h100c1cx295cy295cxt0cyt0cxb591cyb591.jpg,beverages,Smoothie,Zalamero,ml,ml|l|cl|piece,
snickers,Snickers,,snacks,Snickers,Snickers,g,g|piece,
soda,Soda,soda_117598_w100h100c1cxt0cyt0cxb529cyb661.jpg,beverages,Soda,Soda,ml,ml|l|cl|piece,
orangeSodaOrangina,Soda à l'orange (orangina),,beverages,Orange soda (Orangina),Refresco de naranja (Orangina),ml,ml|l|cl|piece,
soho,Soho,,beverages,Soho,Soho,ml,ml|l|cl|piece,
soy,Soja,soja_67375_w100h100c1cx350cy350.jpg,vegetables,Soy,Soja,piece,piece|g|kg,
soju,Soju,,beverages,Soju,Soju,ml,ml|l|cl|piece,
sole,Sole,sole_69043_w100h100c1cxt0cyt0cxb700cyb700.jpg,fish,Sole,Único,g,g|kg|piece,
solePortion,Sole portion,,fish,Sole portion,Parte de la suela,g,g|kg|piece,
wheatBran,Son de blé,son-de-ble_117378_w100h100c1cx866cy866cxt0cyt0cxb1732cyb1732.jpg,grains,Wheat bran,Salvado de trigo,g,g|kg|piece,
vanillaSorbet,Sorbet à la vanille,,frozen,Vanilla sorbet,Sorbete de vainilla,ml,ml|l|g|piece,
pineappleSorbet,Sorbet ananas,sorbet-ananas_81525_w100h100c1cx1750cy1750cxt0cyt0cxb3500cyb3500.jpg,frozen,Pineapple sorbet,Sorbete de piña,ml,ml|l|g|piece,
limeSorbet,Sorbet au citron vert,sorbet-au-citron-vert_117415_w100h100c1cx866cy866cxt0cyt0cxb1732cyb1732.jpg,frozen,Lime sorbet,Sorbete de lima,ml,ml|l|g|piece,
lemonSorbet,Sorbet citron,sorbet-citron_117414_w100h100c1cx866cy866cxt0cyt0cxb1732cyb1732.jpg,frozen,Lemon sorbet,sorbete de limón,ml,ml|l|g|piece,
limeSorbet2,Sorbet citron vert,,frozen,Lime sorbet,Sorbete de lima,ml,ml|l|g|piece,
coconutSorbet,Sorbet coco,sorbet-coco_117529_w100h100c1cx295cy295cxt0cyt0cxb591cyb591.jpg,frozen,Coconut sorbet,sorbete de coco,ml,ml|l|g|piece,
strawberrySorbet,Sorbet fraise,sorbet-fraise_81851_w100h100c1cx1932cy1288cxt0cyt0cxb3865cyb2576.jpg,frozen,Strawberry sorbet,Sorbete de fresa,ml,ml|l|g|piece,
mangoSorbet,Sorbet mangue,,frozen,Mango sorbet,Sorbete de mango,ml,ml|l|g|piece,
melonSorbet,Sorbet melon,sorbet-melon_117416_w100h100c1cxt0cyt0cxb1732cyb1732.jpg,frozen,Melon sorbet,Sorbete de melón,ml,ml|l|g|piece,
mirabelleSorbet,Sorbet mirabelle,sorbet-mirabelle_117422_w100h100c1cxt0cyt0cxb3000cyb3000.jpg,frozen,Mirabelle sorbet,Sorbete de mirabel,ml,ml|l|g|piece,
greenAppleSorbet,Sorbet pomme verte,sorbet-pomme-verte_81524_w100h100c1cx1976cy1644cxt0cyt0cxb3952cyb3288.jpg,frozen,Green apple sorbet,sorbete de manzana verde,ml,ml|l|g|piece,
sotLYLaisse,Sot-l'y-laisse,,meat,Sot-l'y-laisse,Sot-l'y-laisse,g,g|kg|piece,
sobrassada,Soubressade,,meat,Sobrassada,Sobrasada,g,g|kg|piece,
soumaintrain,Soumaintrain,,dairy,Soumaintrain,Tren de Souma,g,g|kg|piece,
fishSoup,Soupe de poisson,,meal,Fish soup,Sopa de pescado,piece,piece|g,
oxtailSoup,Soupe oxtail,,meal,Oxtail soup,Sopa de rabo de buey,piece,piece|g,
lambShanks,Souris d'agneau,,meat,Lamb shanks,Piernas de cordero,g,g|kg|piece,
beefShank,Souris de boeuf,,meat,Beef shank,Jarrete de ternera,g,g|kg|piece,
spaghetti,Spaghetti,spaghetti_67671_w100h100c1cx350cy350.jpg,grains,Spaghetti,Espaguetis,g,g|kg|piece,
spaghettini,Spaghettini,spaghettini_69014_w100h100c1cxt0cyt0cxb700cyb700.jpg,grains,Spaghettini,Espaguetis,g,g|kg|piece,
spTzle,Spätzle,spatzle_77315_w100h100c1cx2464cy1632cxt0cyt0cxb4928cyb3264.jpg,grains,Spätzle,Spätzle,g,g|kg|piece,
speck,Speck,,meat,Speck,Mota,piece,piece|g,tranche
speculoos,Spéculoos,speculoos_67424_w100h100c1cx350cy350.jpg,snacks,Speculoos,Speculoos,g,g|piece,
spigol,Spigol,spigol_117367_w100h100c1cx866cy866cxt0cyt0cxb1732cyb1732.jpg,spices,Spigol,Spigol,g,g|piece,
spirulina,Spiruline,spiruline_117477_w100h100c1cx866cy866cxt0cyt0cxb1732cyb1732.jpg,vegetables,Spirulina,Espirulina,piece,piece|g|kg,
sprat,Sprat,sprat_117260_w100h100c1cx866cy866cxt0cyt0cxb1732cyb1732.jpg,fish,Sprat,Espadín,g,g|kg|piece,
spritz,Spritz,spritz_113145_w100h100c1cx237cy168cxt0cyt0cxb474cyb336.png,beverages,Spritz,Spritz,ml,ml|l|cl|piece,
stGermain,St Germain,st-germain_120879_w100h100c1cx350cy350cxt0cyt0cxb700cyb700.jpeg,beverages,St Germain,Saint Germain,ml,ml|l|cl|piece,
stabilizer,Stabilisateur,,preparation,Stabilizer,Estabilizador,g,g|ml|piece,
steak,Steak,steack_69170_w100h100c1cxt0cyt0cxb700cyb700.jpg,meat,Steak,Bife,piece,piece|g|kg,
soySteak,Steak de soja,,meat,Soy steak,filete de soja,piece,piece|g|kg,
mincedSteak,Steak haché,steak-hache_120930_w100h100c1cx411cy411cxt0cyt0cxb822cyb822.png,meat,Minced steak,Carne picada,piece,piece|g|kg,
stevia,Stévia,stevia_117370_w100h100c1cx866cy866cxt0cyt0cxb1732cyb1732.jpg,condiments,Stevia,Estevia,g,g|kg|ml|l|piece,
stilton,Stilton,stilton_77327_w100h100c1cx2750cy2750cxt0cyt0cxb5500cyb5500.jpg,dairy,Stilton,Stilton,g,g|kg|piece,
stollen,Stollen,stollen_117600_w100h100c1cxt0cyt0cxb591cyb591.jpg,snacks,Stollen,Stollen,g,g|piece,
pastryPen,Stylo pâtissier,,snacks,pastry pen,pluma de pastelería,g,g|piece,
lollipop,Sucette,,snacks,Lollipop,Chupete,g,g|piece,
sugar,Sucre,sucre_67691_w100h100c1cx350cy350.jpg,condiments,Sugar,Azúcar,g,g|kg|ml|l|piece,
lightBrownSugar,Sucre blond,sucre-blond_133182_w100h100c1cx411cy411cxt0cyt0cxb822cyb822.png,condiments,Light brown sugar,azúcar moreno claro,g,g|kg|ml|l|piece,
lightBrownCaneSugar,Sucre blond de canne,sucre-blond-de-canne_159559_w100h100c1cx2074cy1997cxt0cyt0cxb4149cyb3994.jpg,condiments,Light brown cane sugar,azúcar moreno claro de caña,g,g|kg|ml|l|piece,
brownSugar2,Sucre brun,sucre-brun_153189_w100h100c1cx72cy102cxt0cyt0cxb145cyb204.jpg,condiments,Brown sugar,azúcar moreno,g,g|kg|ml|l|piece,
rockCandy,Sucre candi,,snacks,Rock candy,caramelo de roca,g,g|piece,
wholeSugar,Sucre complet,,condiments,Whole sugar,Azúcar integral,g,g|kg|ml|l|piece,
caneSugar,Sucre de canne,sucre-de-canne_68913_w100h100c1cxt0cyt0cxb700cyb700.jpg,condiments,Cane sugar,azúcar de caña,g,g|kg|ml|l|piece,
coconutSugar,Sucre de coco,sucre-de-coco_81900_w100h100c1cx2300cy2300cxt0cyt0cxb4600cyb4600.jpg,fruits,Coconut sugar,Azúcar de coco,piece,piece|g|kg,
granulatedSugar,Sucre en grain,,condiments,Granulated sugar,azúcar granulada,g,g|kg|ml|l|piece,
sugarPieces,Sucre en morceaux,sucre-en-morceaux_68914_w100h100c1cxt0cyt0cxb700cyb700.jpg,condiments,Sugar pieces,trozos de azúcar,g,g|kg|ml|l|piece,
powderedSugar,Sucre en poudre,sucre-en-poudre_67377_w100h100c1cx350cy350.jpg,condiments,Powdered sugar,azúcar glas,g,g|kg|ml|l|piece,
fineSugar,Sucre fin,sucre-fin_68915_w100h100c1cxt0cyt0cxb700cyb700.jpg,condiments,Fine sugar,azúcar fina,g,g|kg|ml|l|piece,
icingSugar,Sucre glace,sucre-glace_67532_w100h100c1cx350cy350.jpg,grains,Icing sugar,Azúcar en polvo,g,g|kg|piece,
icingSugar2,Sucre impalpable,,grains,Icing sugar,Azúcar en polvo,g,g|kg|piece,
brownSugar3,Sucre roux,sucre-roux_67530_w100h100c1cx350cy350.jpg,condiments,Brown sugar,azúcar moreno,g,g|kg|ml|l|piece,
brownSugarCassonade,Sucre roux (cassonade),,condiments,Brown sugar (cassonade),azúcar moreno (cassonada),g,g|kg|ml|l|piece,
granulatedSugar2,Sucre semoule,sucre-semoule_68916_w100h100c1cxt0cyt0cxb700cyb700.jpg,condiments,Granulated sugar,azúcar granulada,g,g|kg|ml|l|piece,
vanillaSugar,Sucre vanillé,sucre-vanille_67644_w100h100c1cx350cy350.jpg,condiments,Vanilla sugar,azúcar de vainilla,g,g|kg|ml|l|piece,
vanillaSugar2,Sucre vanilliné,sucre-vanilline_77326_w100h100c1cx2750cy2750cxt0cyt0cxb5500cyb5500.jpg,condiments,Vanilla sugar,azúcar de vainilla,g,g|kg|ml|l|piece,
sweetie,Sucrette,,condiments,Sweetie,Cariño,g,g|kg|ml|l|piece,
sucrine,Sucrine,sucrine_117488_w100h100c1cx295cy295cxt0cyt0cxb591cyb591.jpg,vegetables,Sucrine,Sucrina,piece,piece|g|kg,
chocolateFigure,Sujet en chocolat,sujet-en-chocolat_81884_w100h100c1cx2250cy2250cxt0cyt0cxb4500cyb4500.png,snacks,Chocolate figure,Figura de chocolate,g,g|piece,
sumac,Sumac,sumac_77324_w100h100c1cx1800cy1800cxt0cyt0cxb3600cyb3600.jpg,spices,Sumac,Zumaque,g,g|piece,
supion,Supion,,seafood,Supion,supión,g,g|kg|piece,
surimi,Surimi,surimi_67373_w100h100c1cx350cy350.jpg,fish,Surimi,Surimi,g,g|kg|piece,
sylvaner,Sylvaner,,beverages,Sylvaner,Sylvaner,ml,ml|l|cl|piece,
tabasco,Tabasco,tabasco_67548_w100h100c1cx350cy350.jpg,condiments,Tabasco,salsa Tabasco,g,g|kg|ml|l|piece,
table,Tabel,,spices,Table,Mesa,g,g|piece,
tabbouleh,Taboulé,taboule_117442_w100h100c1cx866cy866cxt0cyt0cxb1732cyb1732.jpg,meal,Tabbouleh,Tabule,piece,piece|g,
whiting2,Tacaud,,fish,Whiting,Pescadilla,g,g|kg|piece,
tacos,Tacos,tacos_95909_w100h100c1cx1000cy1000cxt0cyt0cxb2000cyb2000.png,meal,Tacos,Tacos,piece,piece|g,
tagliatelle,Tagliatelles,tagliatelles_69175_w100h100c1cxt0cyt0cxb700cyb700.jpg,grains,Tagliatelle,Tagliatelle,g,g|kg|piece,
freshTagliatelle,Tagliatelles fraîches,tagliatelles-fraiches_69174_w100h100c1cxt0cyt0cxb700cyb700.jpg,grains,Fresh tagliatelle,tagliatelle fresco,g,g|kg|piece,
tahin,Tahin,tahin_79744_w100h100c1cx150cy150cxt0cyt0cxb300cyb300.jpg,condiments,Tahin,Tahin,g,g|ml|piece,
tahini,Tahiné,tahine_69176_w100h100c1cxt0cyt0cxb700cyb700.jpg,condiments,Tahini,Tahini,g,g|kg|ml|l|piece,
tahini2,Tahini,tahini_103117_w100h100c1cx1531cy1531cxt0cyt0cxb3063cyb3063.jpg,condiments,Tahini,Tahini,g,g|ml|piece,
takuan,Takuan,,vegetables,Takuan,Takuan,piece,piece|g|kg,
taleggio,Taleggio,taleggio_77320_w100h100c1cx2750cy2750cxt0cyt0cxb5500cyb5500.jpg,dairy,Taleggio,Taleggio,g,g|kg|piece,
tamari,Tamari,,condiments,Tamari,Tamari,g,g|kg|ml|l|piece,
tamarind,Tamarin,tamarin_77322_w100h100c1cx2150cy2150cxt0cyt0cxb4300cyb4300.jpg,condiments,Tamarind,Tamarindo,g,g|kg|ml|l|piece,
tench,Tanche,,fish,Tench,Tenca,g,g|kg|piece,
tandoori,Tandoori,tandoori_117366_w100h100c1cx866cy866cxt0cyt0cxb1732cyb1732.jpg,spices,Tandoori,Tandoori,g,g|piece,
tapenade,Tapenade,tapenade_67676_w100h100c1cx350cy350.jpg,condiments,Tapenade,Tapenade,g,g|ml|piece,
blackTapenade,Tapenade noire,tapenade-noire_69177_w100h100c1cxt0cyt0cxb700cyb700.jpg,condiments,Black tapenade,Tapenade negro,g,g|ml|piece,
greenTapenade,Tapenade verte,tapenade-verte_77318_w100h100c1cx2750cy2750cxt0cyt0cxb5500cyb5500.jpg,condiments,Green tapenade,Tapenade verde,g,g|ml|piece,
tapioca,Tapioca,tapioca_69178_w100h100c1cxt0cyt0cxb700cyb700.jpg,condiments,Tapioca,Tapioca,g,g|kg|ml|l|piece,
tarama,Tarama,tarama_69179_w100h100c1cxt0cyt0cxb700cyb700.jpg,fish,Tarama,Tarama,g,g|kg|piece,
taro,Taro,taro_77323_w100h100c1cx4350cy4350cxt0cyt0cxb8700cyb8700.jpg,vegetables,Taro,Taro,piece,piece|g|kg,
seaweedTartare,Tartare d'algue,,vegetables,Seaweed tartare,tartar de algas,piece,piece|g|kg,
tartufata,Tartufata,,condiments,Tartufata,Tartufata,g,g|kg|ml|l|piece,
bull,Taureau,,meat,Bull,Toro,g,g|kg|piece,
telline,Telline,tellines_77321_w100h100c1cx1728cy1153cxt0cyt0cxb3456cyb2306.jpg,seafood,Telline,Línea telefónica,g,g|kg|piece,
tempeh,Tempeh,tempeh_103630_w100h100c1cx2380cy1872cxt0cyt0cxb4761cyb3744.jpg,meat,Tempeh,Tempeh,g,g|kg|piece,
tenderSlice,Tende de tranche,,meat,Tender slice,Rebanada tierna,g,g|kg|piece,
vealShank2,Tendron de veau,,meat,Veal shank,Jarrete de ternera,g,g|kg|piece,
tequila,Téquila,tequila_118625_w100h100c1cx451cy451cxt0cyt0cxb902cyb902.png,beverages,Tequila,Tequila,ml,ml|l|cl|piece,
pigSHead,Tête de cochon,,meat,Pig's head,Cabeza de cerdo,g,g|kg|piece,
monkSHead,Tête de moine,,dairy,Monk's head,Cabeza de monje,g,g|kg|piece,
pigSHead2,Tête de porc,,meat,Pig's head,Cabeza de cerdo,g,g|kg|piece,
calfSHead,Tête de veau,,meat,Calf's head,Cabeza de ternera,g,g|kg|piece,
nipple,Tétine,,meat,Nipple,Pezón,g,g|kg|piece,
tetragona,Tétragone,,vegetables,Tetragona,Tetragona,piece,piece|g|kg,
tea,Thé,the_67435_w100h100c1cx350cy350.jpg,beverages,Tea,Té,ml,ml|l|piece,
flavoredTea,Thé aromatisé,the-aromatise_69245_w100h100c1cxt0cyt0cxb700cyb700.jpg,beverages,Flavored tea,Té aromatizado,ml,ml|l|piece,
matchaTea,Thé matcha,the-matcha_69251_w100h100c1cxt0cyt0cxb700cyb700.jpg,beverages,Matcha tea,Té matcha,ml,ml|l|piece,
greenTea,Thé vert,the-vert_69180_w100h100c1cxt0cyt0cxb700cyb700.jpg,beverages,Green tea,Té verde,ml,ml|l|piece,
thiof,Thiof,,fish,Thiof,Thiof,g,g|kg|piece,
tuna,Thon,thon_67518_w100h100c1cx350cy350.jpg,fish,Tuna,Atún,g,g|kg|piece,
whiteTuna,Thon blanc,,fish,White tuna,atún blanco,g,g|kg|piece,
bluefinTuna,Thon rouge,thon-rouge_67511_w100h100c1cx350cy350.jpg,fish,Bluefin tuna,atún rojo,g,g|kg|piece,
thyme,Thym,thym_67735_w100h100c1cx350cy350.jpg,spices,Thyme,Tomillo,piece,piece|g,branche
lemonThyme,Thym citron,thym-citron_162531_w100h100c1cxt0cyt0cxb500cyb500.png,spices,Lemon thyme,tomillo limón,piece,piece|g,branche
greenOnionStalks,Tiges d’oignons verts,,vegetables,Green onion stalks,tallos de cebolla verde,piece,piece|g|kg,
tilapia,Tilapia,,fish,Tilapia,Tilapia,g,g|kg|piece,
lindenTree,Tilleul,tilleul_117316_w100h100c1cx866cy866cxt0cyt0cxb1732cyb1732.jpg,beverages,Linden tree,Árbol de tilo,ml,ml|l|cl|piece,
tilsit,Tilsit,,dairy,Tilsit,Tilsit,g,g|kg|piece,
toast,Toast,toast_69181_w100h100c1cxt0cyt0cxb700cyb700.jpg,meal,Toast,Tostada,piece,piece|g,
toastinette,Toastinette,toastinette_117531_w100h100c1cx295cy295cxt0cyt0cxb591cyb591.jpg,dairy,Toastinette,Tostada,g,g|kg|piece,
toblerone,Toblerone,toblerone_81507_w100h100c1cx1050cy1050cxt0cyt0cxb2100cyb2100.jpg,snacks,Toblerone,Toblerone,g,g|piece,
tofu,Tofu,tofu_67675_w100h100c1cx350cy350.jpg,meat,Tofu,Tofu,g,g|kg|piece,
silkenTofu,Tofu soyeux,tofu-soyeux_74687_w100h100c1cx2651cy2442cxt0cyt0cxb5302cyb4884.jpg,meat,Silken tofu,Tofu sedoso,g,g|kg|piece,
tokay,Tokay,,beverages,Tokay,Tokay,ml,ml|l|cl|piece,
tomato,Tomate,tomate_67459_w100h100c1cx350cy350.jpg,vegetables,Tomato,Tomate,piece,piece|g|kg,
pineappleTomato,Tomate ananas,,vegetables,Pineapple tomato,Piña tomate,piece,piece|g|kg,
cocktailTomato,Tomate cocktail,tomate-cocktail_160540_w100h100c1cxt0cyt0cxb4928cyb3264.jpg,vegetables,Cocktail tomato,tomate cóctel,piece,piece|g|kg,
tomatoPaste2,Tomate concentré,tomate-concentre_129116_w100h100c1cx866cy866cxt0cyt0cxb1732cyb1732.jpg,vegetables,Tomato paste,pasta de tomate,piece,piece|g|kg,
yellowTomato,Tomate jaune,tomate-jaune_133194_w100h100c1cxt0cyt0cxb1811cyb1656.jpg,vegetables,Yellow tomato,tomate amarillo,piece,piece|g|kg,
sunDriedTomato,Tomate séchée,tomate-sechee_67524_w100h100c1cx350cy350.jpg,vegetables,Sun-dried tomato,tomate seco al sol,piece,piece|g|kg,
sunDriedTomatoesInOliveOil,Tomate séchée à l'huile d'olive,tomate-sechee-a-l-huile-d-olive_69166_w100h100c1cxt0cyt0cxb700cyb700.jpg,vegetables,Sun-dried tomatoes in olive oil,Tomates secos al sol en aceite de oliva,piece,piece|g|kg,
greenTomato,Tomate verte,tomate-verte_69165_w100h100c1cxt0cyt0cxb700cyb700.jpg,vegetables,Green tomato,tomate verde,piece,piece|g|kg,
cherryTomatoes,Tomates cerise,tomates-cerise_67652_w100h100c1cx350cy350.jpg,vegetables,Cherry tomatoes,tomates cherry,piece,piece|g|kg,
crushedTomatoes,Tomates concassées,tomates-concassees_67560_w100h100c1cx350cy350.jpg,vegetables,Crushed tomatoes,tomates triturados,piece,piece|g|kg,
sunDriedTomatoesInOil,Tomates confites à l’huile,tomates-confites-a-l-huile_117602_w100h100c1cx295cy295cxt0cyt0cxb591cyb591.jpg,vegetables,Sun-dried tomatoes in oil,Tomates secos al sol en aceite,piece,piece|g|kg,
clusterTomatoes,Tomates grappes,tomates-grappes_145490_w100h100c1cx350cy350cxt0cyt0cxb700cyb700.jpg,vegetables,Cluster tomatoes,tomates en racimo,piece,piece|g|kg,
peeledTomatoes,Tomates pelées,tomates-pelees_67551_w100h100c1cx350cy350.jpg,vegetables,Peeled tomatoes,tomates pelados,piece,piece|g|kg,
sunDriedTomatoes,Tomates séchées,tomates-sechees_115106_w100h100c1cx2808cy1872cxt0cyt0cxb5616cyb3744.jpg,vegetables,Sun-dried tomatoes,tomates secos al sol,piece,piece|g|kg,
sheepSMilkCheese,Tome de brebis,tome-de-brebis_76021_w100h100c1cx1900cy960cxt0cyt0cxb3800cyb1920.jpg,dairy,Sheep's milk cheese,queso de leche de oveja,g,g|kg|piece,
volume,Tomme,tomme_67596_w100h100c1cx350cy350.jpg,dairy,Volume,Volumen,g,g|kg|piece,
tommeDeSavoie,Tomme de Savoie,tomme-de-savoie_119302_w100h100c1cx411cy411cxt0cyt0cxb822cyb822.png,dairy,Tomme de Savoie,Tomme de Savoie,g,g|kg|piece,
quebecTomme,Tomme québécoise,,dairy,Quebec Tomme,Quebec Tomme,g,g|kg|piece,
vaudoisTome,Tomme vaudoise,,dairy,Vaudois tome,tomo de Vaud,g,g|kg|piece,
tonic,Tonic,tonic_94948_w100h100c1cx50cy50cxt0cyt0cxb100cyb100.jpg,beverages,Tonic,Tónico,ml,ml|l|cl|piece,
jerusalemArtichoke,Topinambour,topinambour_67677_w100h100c1cx350cy350.jpg,vegetables,Jerusalem artichoke,topinambur,piece,piece|g|kg,
twists,Torsades,torsades_117318_w100h100c1cx866cy866cxt0cyt0cxb1732cyb1732.jpg,grains,Twists,Giros,g,g|kg|piece,
torsette,Torsette,torsette_117319_w100h100c1cx866cy866cxt0cyt0cxb1732cyb1732.jpg,grains,Torsette,Torsette,g,g|kg|piece,
tortellini,Tortellini,tortellini_77330_w100h100c1cx1728cy1152cxt0cyt0cxb3456cyb2304.jpg,grains,Tortellini,Tortellini,g,g|kg|piece,
tortilla,Tortilla,tortilla_67727_w100h100c1cx350cy350.jpg,meal,Tortilla,Tortilla,piece,piece|g,
tortillaChips2,Tortilla chips,tortilla-chips_117320_w100h100c1cx866cy866cxt0cyt0cxb1732cyb1732.jpg,grains,Tortilla chips,totopos,g,g|kg|piece,
twists2,Tortils,tortils_117321_w100h100c1cx866cy866cxt0cyt0cxb1732cyb1732.jpg,grains,Twists,Giros,g,g|kg|piece,
tournedos,Tournedos,tournedos_77397_w100h100c1cx2880cy1920cxt0cyt0cxb5760cyb3840.jpg,meat,Tournedos,Tournedos,g,g|kg|piece,
crab,Tourteau,tourteau_117322_w100h100c1cx866cy866cxt0cyt0cxb1732cyb1732.jpg,seafood,Crab,Cangrejo,g,g|kg|piece,
anyAlcoholYouCanGetYourHandsOn,Tout alcool qui vous tombe sous la main,,beverages,Any alcohol you can get your hands on,Cualquier alcohol que puedas conseguir,ml,ml|l|cl|piece,
turkeySlice,Tranche de dinde,,meat,Turkey slice,lonchas de pavo,g,g|kg|piece,
porkRibs,Travers de porc,travers-de-porc_69012_w100h100c1cxt0cyt0cxb700cyb700.jpg,meat,Pork ribs,Costillas de cerdo,piece,piece|g|kg,
treviso,Trévise,trevise_77336_w100h100c1cx2150cy2150cxt0cyt0cxb4300cyb4300.jpg,vegetables,Treviso,Treviso,piece,piece|g|kg,
tripe,Tripes,tripes_117323_w100h100c1cx1500cy1500cxt0cyt0cxb3000cyb3000.jpg,meat,Tripe,Callos,g,g|kg|piece,
tripleSec,Triple sec,triple-sec_153353_w100h100c1cx350cy350cxt0cyt0cxb700cyb700.jpg,beverages,Triple sec,triple sec,ml,ml|l|cl|piece,
tripleSecCointreauGrandMarnier,"Triple sec (cointreau, grand marnier)",,beverages,"Triple sec (cointreau, grand marnier)","Triple sec (Cointreau, Grand Marnier)",ml,ml|l|cl|piece,
trumpetOfDeath,Trompette de la mort,trompette-de-la-mort_77331_w100h100c1cx2948cy2000cxt0cyt0cxb5896cyb4000.jpg,vegetables,Trumpet of Death,Trompeta de la muerte,piece,piece|g|kg,
truffle,Truffe,truffe_67429_w100h100c1cx350cy350.jpg,vegetables,Truffle,Trufa,g,g|kg|piece,
albaWhiteTruffle,Truffe blanche d'alba,truffe-blanche-d-alba_77332_w100h100c1cx3680cy2456cxt0cyt0cxb7360cyb4912.jpg,vegetables,Alba white truffle,Trufa blanca de Alba,g,g|kg|piece,
blackTruffle,Truffe noire,,vegetables,Black truffle,Trufa negra,g,g|kg|piece,
summerBlackTruffle,Truffe noire d’été,,vegetables,Summer black truffle,Trufa negra de verano,g,g|kg|piece,
blackTruffleFromPRigord,Truffe noire du périgord,truffe-noire-du-perigord_77335_w100h100c1cx2251cy1503cxt0cyt0cxb4503cyb3006.jpg,vegetables,Black truffle from Périgord,Trufa negra del Périgord,g,g|kg|piece,
trout,Truite,truite_67556_w100h100c1cx350cy350.jpg,fish,Trout,Trucha,g,g|kg|piece,
salmonTrout,Truite saumonée,truite-saumonee_69168_w100h100c1cxt0cyt0cxb700cyb700.jpg,fish,Salmon trout,Trucha salmón,g,g|kg|piece,
tsuyuFlyingFishBroth,Tsuyu (bouillon au poisson volant),tsuyu-bouillon-au-poisson-volant_74681_w100h100c1cx1869cy1246cxt0cyt0cxb3739cyb2493.jpg,meat,Tsuyu (flying fish broth),Tsuyu (caldo de pez volador),g,g|kg|piece,
tuc,Tuc,,snacks,Tuc,Tuc,g,g|piece,
almondTuile,Tuile aux amandes,,snacks,Almond tuile,Teja de almendra,g,g|piece,
turbot,Turbot,turbot_117324_w100h100c1cx866cy866cxt0cyt0cxb1732cyb1732.jpg,fish,Turbot,Rodaballo,g,g|kg|piece,
turron,Turron,turron_81556_w100h100c1cx2950cy2950cxt0cyt0cxb5900cyb5900.png,snacks,Turron,Turrón,g,g|piece,
tzatziki,Tzatziki,tzatziki_77340_w100h100c1cx1672cy1242cxt0cyt0cxb3345cyb2484.jpg,meal,Tzatziki,Tzatziki,piece,piece|g,
theLaughingCow,Vache qui rit®,vache-qui-rit_68882_w100h100c1cxt0cyt0cxb700cyb700.jpg,dairy,The Laughing Cow®,La Vaca que Ríe®,g,g|kg|piece,
vacherin,Vacherin,vacherin_77329_w100h100c1cx2750cy2750cxt0cyt0cxb5500cyb5500.jpg,dairy,Vacherin,Vacherin,g,g|kg|piece,
fribourgVacherin,Vacherin Fribourgeois,,dairy,Fribourg Vacherin,Friburgo Vacherin,g,g|kg|piece,
vanilla,Vanille,vanille_67724_w100h100c1cx350cy350.jpg,spices,Vanilla,Vainilla,g,g|piece,
madagascarVanilla,Vanille de Madagascar,,spices,Madagascar Vanilla,Vainilla de Madagascar,g,g|piece,
vanillin,Vanilline,,preparation,Vanillin,Vanilina,g,g|ml|piece,
calf,Veau,veau_67582_w100h100c1cx350cy350.jpg,meat,Calf,Becerro,g,g|kg|piece,
vegetaline,Végétaline,vegetaline_84352_w100h100c1cx864cy625cxt0cyt0cxb1728cyb1250.jpg,condiments,Vegetaline,Vegetal,g,g|kg|ml|l|piece,
balsamicVinegarVelvet,Velours de vinaigre balsamique,velours-de-vinaigre-balsamique_150985_w100h100c1cxt0cyt0cxb500cyb500.png,condiments,Balsamic vinegar velvet,terciopelo de vinagre balsámico,g,g|kg|ml|l|piece,
ventrChe,Ventrèche,,meat,Ventrèche,Ventrèche,g,g|kg|piece,
venus,Vénus,venus_118635_w100h100c1cx351cy249cxt0cyt0cxb702cyb498.jpg,seafood,Venus,Venus,g,g|kg|piece,
vergeoise,Vergeoise,vergeoise_117325_w100h100c1cx866cy866cxt0cyt0cxb1732cyb1732.jpg,condiments,Vergeoise,Vergeoise,g,g|kg|ml|l|piece,
lightBrown,Vergeoise blonde,vergeoise-blonde_117326_w100h100c1cx866cy866cxt0cyt0cxb1732cyb1732.jpg,condiments,light brown,marrón claro,g,g|kg|ml|l|piece,
brownSugar4,Vergeoise brune,vergeoise-brune_117327_w100h100c1cx866cy866cxt0cyt0cxb1732cyb1732.jpg,condiments,Brown sugar,azúcar moreno,g,g|kg|ml|l|piece,
verjuice,Verjus,verjus_162528_w100h100c1cxt0cyt0cxb500cyb500.png,spices,Verjuice,verjus,g,g|piece,
vermicelli,Vermicelles,vermicelles_67336_w100h100c1cx350cy350.jpg,grains,Vermicelli,Fideos,g,g|kg|piece,
coloredSprinkles,Vermicelles colorés,,snacks,colored sprinkles,chispas de colores,g,g|kg|piece,
riceVermicelli,Vermicelles de riz,vermicelles-de-riz_69183_w100h100c1cxt0cyt0cxb700cyb700.jpg,grains,Rice vermicelli,fideos de arroz,g,g|kg|piece,
soybeanVermicelli,Vermicelles de soja,vermicelles-de-soja_117331_w100h100c1cx866cy866cxt0cyt0cxb1732cyb1732.jpg,grains,Soybean vermicelli,Fideos de soja,g,g|kg|piece,
chocolateSprinkles,Vermicelles en chocolat,vermicelles-en-chocolat_81878_w100h100c1cx2000cy2000cxt0cyt0cxb4000cyb4000.png,preparation,Chocolate sprinkles,chispas de chocolate,g,g|kg|piece,
vermouth,Vermouth,,beverages,Vermouth,Vermut,ml,ml|l|cl|piece,
dryVermouthMartiniNoillyPrat,"Vermouth dry (martini, noilly prat)",,beverages,"Dry vermouth (martini, noilly prat)","vermut seco (martini, noilly prat)",ml,ml|l|cl|piece,
verbena,Verveine,verveine_69184_w100h100c1cxt0cyt0cxb700cyb700.jpg,spices,Verbena,Verbena,piece,piece|g,brin
lemonVerbena,Verveine citron,,fruits,Lemon verbena,Hierba luisa,piece,piece|g,brin
vetTsin,Vet-tsin,,preparation,Vet-tsin,Vet-tsin,g,g|ml|piece,
meat,Viande,viandes_67442_w100h100c1cx350cy350.jpg,meat,Meat,Carne,g,g|kg|piece,
ostrichMeat,Viande d'autruche,,meat,Ostrich meat,carne de avestruz,g,g|kg|piece,
lambMeat,Viande d’agneau,viande-d-agneau_117437_w100h100c1cx866cy866cxt0cyt0cxb1732cyb1732.jpg,meat,Lamb meat,Carne de cordero,g,g|kg|piece,
bNdnerfleisch,Viande de grison,viande-de-grison_69185_w100h100c1cxt0cyt0cxb700cyb700.jpg,meat,Bündnerfleisch,Carne de la India,g,g|kg|piece,
mincedMeat,Viande hachée,viande-hachee_67611_w100h100c1cx350cy350.jpg,meat,Minced meat,Carne picada,g,g|kg|piece,
viandox,Viandox,,meat,Viandox,Viandox,g,g|kg|piece,
old,Vieille,,fish,Old,Viejo,g,g|kg|piece,
oldLille,Vieux lille,,dairy,Old Lille,Lille antiguo,g,g|kg|piece,
breadedOldMan,Vieux pané,,dairy,Breaded Old Man,Viejo empanizado,g,g|kg|piece,
whiteWine,Vin blanc,vin-blanc_67771_w100h100c1cx350cy350.jpg,beverages,White wine,Vino blanco,ml,ml|l|cl|piece,
dryWhiteWine,Vin blanc sec,vin-blanc-sec_67422_w100h100c1cx350cy350.jpg,beverages,Dry white wine,Vino blanco seco,ml,ml|l|cl|piece,
vinJaune,Vin Jaune,,beverages,Vin Jaune,Vino amarillo,ml,ml|l|cl|piece,
sparklingWine,Vin mousseux,,beverages,Sparkling wine,Vino espumoso,ml,ml|l|cl|piece,
rosWine,Vin rosé,vin-rose_67768_w100h100c1cx350cy350.jpg,beverages,Rosé wine,vino rosado,ml,ml|l|cl|piece,
redWine,Vin rouge,vin-rouge_67416_w100h100c1cx350cy350.jpg,beverages,Red wine,Vino tinto,ml,ml|l|cl|piece,
redWineFromLanguedoc,Vin rouge du Languedoc,,beverages,Red wine from Languedoc,Vino tinto de Languedoc,ml,ml|l|cl|piece,
flavoredVinegar,Vinaigre aromatisé,vinaigre-aromatise_69189_w100h100c1cxt0cyt0cxb300cyb300.jpg,condiments,Flavored vinegar,vinagre aromatizado,ml,ml|l|piece,
tarragonFlavoredVinegar,Vinaigre aromatisé à l'estragon,,spices,Tarragon-flavored vinegar,vinagre con sabor a estragón,ml,ml|l|piece,
nutFlavoredVinegar,Vinaigre aromatisé aux noix,,condiments,Nut-flavored vinegar,vinagre con sabor a nuez,ml,ml|l|piece,
balsamicVinegar,Vinaigre balsamique,vinaigre-balsamique_67527_w100h100c1cx350cy350.jpg,condiments,Balsamic vinegar,vinagre balsámico,ml,ml|l|piece,
figBalsamicVinegar,Vinaigre balsamique de figue,,condiments,Fig balsamic vinegar,vinagre balsámico de higos,ml,ml|l|piece,
whiteVinegar,Vinaigre blanc,vinaigre-blanc_150045_w100h100c1cxt0cyt0cxb5200cyb5200.jpg,condiments,White vinegar,vinagre blanco,ml,ml|l|piece,
alcoholVinegar,Vinaigre d'alcool,vinaigre-d-alcool_69186_w100h100c1cxt0cyt0cxb700cyb700.jpg,condiments,Alcohol vinegar,Vinagre de alcohol,ml,ml|l|piece,
appleCiderVinegar,Vinaigre de cidre,vinaigre-de-cidre_69187_w100h100c1cxt0cyt0cxb700cyb700.jpg,condiments,Apple cider vinegar,vinagre de sidra de manzana,ml,ml|l|piece,
dateVinegar,Vinaigre de datte,,condiments,Date vinegar,vinagre de dátiles,ml,ml|l|piece,
raspberryVinegar,Vinaigre de framboise,vinaigre-de-framboise_79692_w100h100c1cx250cy250cxt0cyt0cxb500cyb500.jpg,condiments,Raspberry vinegar,vinagre de frambuesa,ml,ml|l|piece,
mangoVinegar,Vinaigre de mangue,,condiments,Mango vinegar,Vinagre de mango,ml,ml|l|piece,
riceVinegar,Vinaigre de riz,vinaigre-de-riz_69188_w100h100c1cxt0cyt0cxb700cyb700.jpg,condiments,Rice vinegar,vinagre de arroz,ml,ml|l|piece,
elderberryVinegar,Vinaigre de sureau,,condiments,Elderberry vinegar,vinagre de saúco,ml,ml|l|piece,
wineVinegar,Vinaigre de vin,vinaigre-de-vin_67359_w100h100c1cx350cy350.jpg,condiments,Wine vinegar,vinagre de vino,ml,ml|l|piece,
whiteWineVinegar,Vinaigre de vin blanc,,condiments,White wine vinegar,vinagre de vino blanco,ml,ml|l|piece,
agedRedWineVinegar,Vinaigre de vin rouge affiné,,condiments,Aged red wine vinegar,vinagre de vino tinto añejo,ml,ml|l|piece,
sherryVinegar,Vinaigre de xérès,vinaigre-de-xeres_160529_w100h100c1cxt0cyt0cxb2175cyb2175.jpg,condiments,Sherry vinegar,Vinagre de Jerez,ml,ml|l|piece,
hibiscusVinegar,Vinaigre hibiscus,,condiments,Hibiscus vinegar,Vinagre de hibisco,ml,ml|l|piece,
mangoVinegar2,Vinaigre mangue,,condiments,Mango vinegar,Vinagre de mango,ml,ml|l|piece,
wine,Vin,vins_67385_w100h100c1cx350cy350.jpg,beverages,Wine,Vino,ml,ml|l|cl|piece,
vinaigrette,Vinaigrette,vinaigrette_118623_w100h100c1cx540cy541cxt0cyt0cxb1080cyb1082.png,condiments,Vinaigrette,Vinagreta,g,g|kg|ml|l|piece,
raspberryVinaigrette,Vinaigrette aux framboises,,condiments,Raspberry vinaigrette,Vinagreta de frambuesa,g,g|kg|ml|l|piece,
violet,Violette,,vegetables,Violet,Violeta,piece,piece|g|kg,
sugarViolet,Violette au sucre,,vegetables,Sugar Violet,Violeta de azúcar,piece,piece|g|kg,
vitpris,Vitpris,,condiments,Vitpris,Vitpris,g,g|kg|ml|l|piece,
longLive,Vive,,fish,Long live,Viva,g,g|kg|piece,
vodka,Vodka,vodka_67421_w100h100c1cx350cy350.jpg,beverages,Vodka,Vodka,ml,ml|l|cl|piece,
absolutVodka,Vodka ABSOLUT,,beverages,ABSOLUT Vodka,Vodka ABSOLUT,ml,ml|l|cl|piece,
volAuVent,Vol-au-vent,vol-au-vent_117446_w100h100c1cx866cy866cxt0cyt0cxb1732cyb1732.jpg,meal,Vol-au-vent,Vol-au-vent,piece,piece|g,
poultry,Volaille,volaille_117328_w100h100c1cx866cy866cxt0cyt0cxb1732cyb1732.jpg,meat,Poultry,Aves de corral,g,g|kg|piece,
vouvray,Vouvray,,beverages,Vouvray,Vouvray,ml,ml|l|cl|piece,
wakame,Wakame,wakame_74686_w100h100c1cx3533cy2826cxt0cyt0cxb7066cyb5653.jpg,vegetables,Wakame,Wakame,piece,piece|g|kg,
wasa,Wasa,,grains,Wasa,Wasa,g,g|kg|piece,
wasabi,Wasabi,wasabi_69191_w100h100c1cxt0cyt0cxb700cyb700.jpg,spices,Wasabi,Wasabi,g,g|piece,
whiskey,Whisky,whisky_67387_w100h100c1cx350cy350.jpg,beverages,Whiskey,Whisky,ml,ml|l|cl|piece,
whiskyBourbonWhiskey,"Whisky (bourbon, whiskey)",whisky-bourbon-whiskey_109947_w100h100c1cx350cy350cxt0cyt0cxb700cyb700.jpg,beverages,"Whisky (bourbon, whiskey)","Whisky (bourbon, whisky)",ml,ml|l|cl|piece,
wonton,Wonton,,meal,Wonton,Wonton,piece,piece|g,
fullWrap,Wrap complet,,grains,Full Wrap,Envoltura completa,g,g|kg|piece,
jerez,Xérès,,beverages,Jerez,Jerez,ml,ml|l|cl|piece,
yogurt,Yaourt,yaourts_67473_w100h100c1cx350cy350.jpg,dairy,Yogurt,Yogur,piece,piece|g,
greekYogurt,Yaourt à la grecque,yaourt-a-la-grecque_69192_w100h100c1cxt0cyt0cxb700cyb700.jpg,dairy,Greek yogurt,yogur griego,piece,piece|g,
lowFatYogurt,Yaourt allégé,yaourt-allege_69193_w100h100c1cxt0cyt0cxb700cyb700.jpg,dairy,Low-fat yogurt,yogur bajo en grasa,piece,piece|g,
flavoredYogurt,Yaourt aromatisé,yaourt-aromatise_69201_w100h100c1cxt0cyt0cxb700cyb700.jpg,dairy,Flavored yogurt,Yogur con sabor,piece,piece|g,
fruitYogurt,Yaourt aux fruits,yaourt-aux-fruits_69200_w100h100c1cxt0cyt0cxb700cyb700.jpg,dairy,Fruit yogurt,Yogur de frutas,piece,piece|g,
stirredYogurt,Yaourt brassé,yaourt-brasse_69194_w100h100c1cxt0cyt0cxb700cyb700.jpg,dairy,Stirred yogurt,Yogur batido,piece,piece|g,
bulgarianYogurt,Yaourt bulgare,,dairy,Bulgarian yogurt,Yogur búlgaro,piece,piece|g,
soyYogurt,Yaourt de soja,,dairy,Soy yogurt,Yogur de soja,piece,piece|g,
plainYogurt,Yaourt nature,yaourt-nature_67499_w100h100c1cx350cy350.jpg,dairy,Plain yogurt,Yogur natural,piece,piece|g,
yet,Yet,,condiments,Yet,Todavía,g,g|kg|ml|l|piece,
yuzu,Yuzu,yuzu_117363_w100h100c1cx890cy841cxt0cyt0cxb1781cyb1683.jpg,fruits,Yuzu,Yuzu,piece,piece|g|kg,
zaatar,Zaatar,zaatar_77338_w100h100c1cx2657cy2657cxt0cyt0cxb5315cyb5315.jpg,spices,Zaatar,Zaatar,g,g|piece,
orangeZest,Zeste d'orange,,fruits,Orange zest,ralladura de naranja,piece,piece|g|kg,
lemonZest,Zeste de citron,zeste-de-citron_78503_w100h100c1cx2563cy1920cxt0cyt0cxb5126cyb3840.jpg,fruits,Lemon zest,ralladura de limón,piece,piece|g|kg,
zgougou,Zgougou,,snacks,Zgougou,Zgougou,g,g|piece,
zuccata,Zuccata,,fruits,Zuccata,Zuccata,piece,piece|g|kg,
asparagus,Asperges,asperges_67425_w100h100c1cx350cy350.webp,vegetables,Asparagus,Espárragos,g,g|kg|piece,
greenAsparagus,Asperges verte,asperges-verte_78285_w100h100c1cx2500cy2500cxt0cyt0cxb5000cyb5000.webp,vegetables,Green asparagus,Espárragos verdes,g,g|kg|piece,
smartiesMiniBox15g,Boite de Smarties® Mini (15 g),boite-de-smarties-mini-15-g_125757_w100h100c1cx1200cy1200cxt0cyt0cxb2400cyb2400.webp,snacks,Smarties® Mini box (15 g),Caja de Smarties® Mini (15 g),piece,piece|g,
blackCherry,Cerise noire,cerise-noire_117607_w100h100c1cx295cy295cxt0cyt0cxb591cyb591.webp,fruits,Black cherry,Cereza negra,piece,piece|g|kg,
duckSausageMeat,Chair à saucisse de canard ,,meat,Duck sausage meat,Carne de salchicha de pato,g,g|kg|piece,
smartiesChocolate,Chocolat SMARTIES®,chocolat-smarties_117460_w100h100c1cx866cy866cxt0cyt0cxb1732cyb1732.webp,snacks,Smarties® chocolate,Chocolate SMARTIES®,g,g|piece,
cornFlakes,Corn flakes,corn-flakes_69007_w100h100c1cxt0cyt0cxb700cyb700.webp,grains,Corn flakes,Copos de maíz,g,g|kg|piece,
cornedBeef,Corned beef,,meat,Corned beef,Cecina,g,g|kg|piece,
cone,Cornet,cornet_117456_w100h100c1cx866cy866cxt0cyt0cxb1732cyb1732.webp,snacks,Cone,Cucurucho,piece,piece|g,
iceCreamCone,Cornet de glace,cornet-de-glace_117457_w100h100c1cx866cy866cxt0cyt0cxb1732cyb1732.webp,snacks,Ice cream cone,Cucurucho de helado,piece,piece|g,
cornetteBean,Cornette,,vegetables,Cornette bean,Judía cornette,g,g|kg|piece,
pickleInVinegar,Cornichon au vinaigre,cornichon-au-vinaigre_69008_w100h100c1cxt0cyt0cxb700cyb700.webp,condiments,Pickle in vinegar,Pepinillo en vinagre,piece,piece|g|kg,
pickles,Cornichons,cornichons_67340_w100h100c1cx350cy350.webp,condiments,Pickles,Pepinillos,piece,piece|g|kg,
soursop,Corossol,,fruits,Soursop,Guanábana,piece,piece|g|kg,
peaPods,Cosses de petits pois,,vegetables,Pea pods,Vainas de guisantes,g,g|kg|piece,
cottageCheese,Cottage cheese,cottage-cheese_117537_w100h100c1cx295cy295cxt0cyt0cxb591cyb591.webp,dairy,Cottage cheese,Queso cottage,g,g|kg|piece,
layer,Couche,couche_76301_w100h100c1cx3008cy2008cxt0cyt0cxb6016cyb4016.webp,other,Layer,Capa,piece,piece|g,
elbowMacaroni,Coude,coude_76302_w100h100c1cx2000cy1500cxt0cyt0cxb4000cyb3000.webp,grains,Elbow macaroni,Macarrones,g,g|kg|piece,
porkRind,Couenne,,meat,Pork rind,Corteza de cerdo,g,g|kg|piece,
porkBackFatRind,Couenne de panne,,meat,Pork back fat rind,Corteza de panceta,g,g|kg|piece,
parasolMushroom,Coulemelle,,vegetables,Parasol mushroom,Apagador,piece,piece|g|kg,
coulis,Coulis,,condiments,Coulis,Coulis,g,g|kg|ml|l|piece,
apricotCoulis,Coulis d'abricot,coulis-d-abricot_78362_w100h100c1cx1250cy1250cxt0cyt0cxb2500cyb2500.webp,condiments,Apricot coulis,Coulis de albaricoque,g,g|kg|ml|l|piece,
cherryCoulis,Coulis de cerise,coulis-de-cerise_112554_w100h100c1cx1041cy719cxt0cyt0cxb2083cyb1439.webp,condiments,Cherry coulis,Coulis de cereza,g,g|kg|ml|l|piece,
strawberryCoulis,Coulis de fraise,coulis-de-fraise_112552_w100h100c1cx1085cy691cxt0cyt0cxb2170cyb1382.webp,condiments,Strawberry coulis,Coulis de fresa,g,g|kg|ml|l|piece,
raspberryCoulis,Coulis de framboise,coulis-de-framboise_81862_w100h100c1cx1672cy1242cxt0cyt0cxb3345cyb2484.webp,condiments,Raspberry coulis,Coulis de frambuesa,g,g|kg|ml|l|piece,
passionFruitCoulis,Coulis de fruits de la passion,coulis-de-fruits-de-la-passion_81861_w100h100c1cx1664cy1409cxt0cyt0cxb3329cyb2819.webp,condiments,Passion fruit coulis,Coulis de fruta de la pasión,g,g|kg|ml|l|piece,
redFruitCoulis,Coulis de fruits rouges,coulis-de-fruits-rouges_118164_w100h100c1cx295cy295cxt0cyt0cxb591cyb591.webp,condiments,Red fruit coulis,Coulis de frutos rojos,g,g|kg|ml|l|piece,
mangoCoulis,Coulis de mangue,coulis-de-mangue_159400_w100h100c1cxt0cyt0cxb1500cyb1500.png,condiments,Mango coulis,Coulis de mango,g,g|kg|ml|l|piece,
tomatoCoulis,Coulis de tomate,coulis-de-tomate_67657_w100h100c1cx350cy350.webp,condiments,Tomato coulis,Coulis de tomate,g,g|kg|ml|l|piece,
coulommier,Coulommier,coulommier_76304_w100h100c1cx2024cy2088cxt0cyt0cxb4048cyb4176.webp,dairy,Coulommier,Coulommier,g,g|kg|piece,
squash,Courge,courge_67583_w100h100c1cx350cy350.webp,vegetables,Squash,Calabaza,piece,piece|g|kg,
butternutSquash,Courge musquée,courge-musquee_76303_w100h100c1cx1936cy1296cxt0cyt0cxb3872cyb2592.webp,vegetables,Butternut squash,Calabaza moscada,piece,piece|g|kg,
spaghettiSquash,Courge spaghetti,courge-spaghetti_69013_w100h100c1cxt0cyt0cxb700cyb700.webp,vegetables,Spaghetti squash,Calabaza espagueti,piece,piece|g|kg,
zucchini,Courgette,courgette_67437_w100h100c1cx350cy262.webp,vegetables,Zucchini,Calabacín,piece,piece|g|kg,
yellowZucchini,Courgette jaune,courgette-jaune_151817_w100h100c1cx3000cy2000cxt0cyt0cxb6000cyb4000.webp,vegetables,Yellow zucchini,Calabacín amarillo,piece,piece|g|kg,
roundZucchini,Courgette ronde,,vegetables,Round zucchini,Calabacín redondo,piece,piece|g|kg,
poultryCourtBouillon,Court bouillon de volaille,,preparation,Poultry court-bouillon,Caldo corto de ave,ml,ml|l|piece,
courtBouillon,Court-bouillon,court-bouillon_76306_w100h100c1cx1944cy1296cxt0cyt0cxb3888cyb2592.webp,preparation,Court-bouillon,Caldo corto,ml,ml|l|piece,
couscous,Couscous,couscous_76305_w100h100c1cx2010cy1674cxt0cyt0cxb4020cyb3348.webp,grains,Couscous,Cuscús,g,g|kg|piece,
couscousInCookingBags,Couscous en sachets cuisson,,grains,Couscous in cooking bags,Cuscús en bolsitas de cocción,g,g|kg|piece,
razorClam,Couteau,couteau_67506_w100h100c1cx350cy350.webp,seafood,Razor clam,Navaja,piece,piece|g|kg,
crab,Crabe,crabe_67697_w100h100c1cx350cy350.webp,seafood,Crab,Cangrejo,piece,piece|g|kg,
cracker,Cracker,cracker_117374_w100h100c1cx866cy866cxt0cyt0cxb1732cyb1732.webp,snacks,Cracker,Cracker,piece,piece|g,
cranberries,Cranberries,cranberries_74918_w100h100c1cx2034cy2034cxt0cyt0cxb4068cyb4068.webp,fruits,Cranberries,Arándanos rojos,g,g|kg|piece,
creamCheese,Cream cheese,cream-cheese_117365_w100h100c1cx906cy826cxt0cyt0cxb1813cyb1653.webp,dairy,Cream cheese,Queso crema,g,g|kg|piece,
almondCream,Crema mandorla,,condiments,Almond cream,Crema de almendra,g,g|kg|ml|l|piece,
watercress,Cresson,cresson_67704_w100h100c1cx350cy350.webp,vegetables,Watercress,Berro,g,g|kg|piece,
smallWatercress,Cressonnette,,vegetables,Small watercress,Berro pequeño,g,g|kg|piece,
bouquetShrimp,Crevette bouquet,crevette-bouquet_68972_w100h100c1cxt0cyt0cxb700cyb700.webp,seafood,Bouquet shrimp,Camarón bouquet,g,g|kg|piece,
greyShrimp,Crevette grise,crevettes-grises_76310_w100h100c1cx2657cy1771cxt0cyt0cxb5315cyb3543.webp,seafood,Grey shrimp,Camarón gris,g,g|kg|piece,
pinkShrimp,Crevette rose,crevette-rose_67494_w100h100c1cx350cy350.webp,seafood,Pink shrimp,Camarón rosado,g,g|kg|piece,
tigerShrimp,Crevette tigrée,crevette-tigree_76312_w100h100c1cx1425cy1053cxt0cyt0cxb2850cyb2106.webp,seafood,Tiger shrimp,Langostino tigre,g,g|kg|piece,
shrimps,Crevettes,crevettes_67700_w100h100c1cx2736cy1824.webp,seafood,Shrimps,Camarones,g,g|kg|piece,
croissant,Croissant,croissant_67432_w100h100c1cx350cy350.webp,grains,Croissant,Croissant,piece,piece|g,
cordesCroquant,Croquant de Cordes,,snacks,Cordes croquant,Croquant de Cordes,piece,piece|g,
ferncrosnes,Crosne de fougère,crosne-de-fougere_76309_w100h100c1cx2808cy1872cxt0cyt0cxb5616cyb3744.webp,vegetables,Fern crosnes,Crosnes de helecho,g,g|kg|piece,
chavignolCrottin,Crottin de Chavignol,crottins-de-chavignol_69238_w100h100c1cxt0cyt0cxb2768cyb2408.webp,dairy,Chavignol crottin,Crottin de Chavignol,piece,piece|g|kg,
goatCrottin,Crottin de chèvre,crottin-de-chevre_68983_w100h100c1cxt0cyt0cxb700cyb700.webp,dairy,Goat crottin,Crottin de cabra,piece,piece|g|kg,
crozet,Crozet,crozet_69016_w100h100c1cxt0cyt0cxb700cyb700.webp,grains,Crozet,Crozet,g,g|kg|piece,
cheeseRind,Croûte de fromage,,dairy,Cheese rind,Corteza de queso,g,g|kg|piece,
garlicAndHerbsCrouton,Croûton à l'ail et aux fines herbes à l'ancienne,crouton-a-l-ail-et-aux-fines-herbes-a-l-ancienne_117438_w100h100c1cx1424cy1424cxt0cyt0cxb2848cyb2848.webp,grains,Garlic and herbs crouton,Picatoste con ajo y finas hierbas,g,g|kg|piece,
croutons,Croûtons,croutons_67721_w100h100c1cx350cy350.webp,grains,Croutons,Picatostes,g,g|kg|piece,
crumble,Crumble,crumble_128800_w100h100c1cxt0cyt0cxb1845cyb1624.webp,snacks,Crumble,Crumble,g,g|piece,
crunch,Crunch,crunch_85401_w100h100c1cx2250cy2250cxt0cyt0cxb4500cyb4500.png,snacks,Crunch,Crunch,g,g|piece,
cream,Crème,creme_67440_w100h100c1cx350cy350.webp,dairy,Cream,Nata,ml,ml|l|g|piece,
lightCream,Crème allégée,creme-allegee_68931_w100h100c1cxt0cyt0cxb700cyb700.webp,dairy,Light cream,Nata ligera,ml,ml|l|g|piece,
creamAnglaise,Crème anglaise,creme-anglaise_117126_w100h100c1cx1428cy1583cxt0cyt0cxb2857cyb3166.webp,dairy,Crème anglaise,Crema inglesa,ml,ml|l|g|piece,
balsamicCream,Crème balsamique,creme-balsamique_118178_w100h100c1cx441cy363cxt0cyt0cxb883cyb726.png,condiments,Balsamic cream,Crema balsámica,ml,ml|l|g|piece,
whippedCream,Crème chantilly,creme-chantilly_67598_w100h100c1cx350cy350.webp,dairy,Whipped cream,Nata montada,g,g|ml|l|piece,
almondCreamPaste,Crème d'amande,creme-d-amande_165470_w100h100c1cxt0cyt0cxb1024cyb1024.png,preparation,Almond cream,Crema de almendras,g,g|kg|piece,
anchovyCream,Crème d'anchois,,condiments,Anchovy cream,Crema de anchoa,g,g|kg|piece,
bananaLiqueur,Crème de bananes,,beverages,Banana liqueur,Crema de plátano,ml,ml|l|cl|piece,
blackcurrantLiqueur,Crème de cassis,,beverages,Blackcurrant liqueur,Crema de grosella,ml,ml|l|cl|piece,
coconutCream,Crème de coco,creme-de-coco_118179_w100h100c1cx48cy48cxt0cyt0cxb96cyb96.webp,dairy,Coconut cream,Crema de coco,ml,ml|l|g|piece,
passionFruitCream,Crème de fruit de la passion,,preparation,Passion fruit cream,Crema de fruta de la pasión,g,g|kg|ml|l|piece,
chestnutCream,Crème de marrons,creme-de-marrons_67428_w100h100c1cx350cy350.webp,preparation,Chestnut cream,Crema de castañas,g,g|kg|piece,
blackberryLiqueur,Crème de mûre,,beverages,Blackberry liqueur,Crema de mora,ml,ml|l|cl|piece,
riceCream,Crème de riz,,grains,Rice cream,Crema de arroz,g,g|kg|piece,
soyCream,Crème de soja,,dairy,Soy cream,Nata de soja,ml,ml|l|g|piece,
creamOfTartar,Crème de tartre,,preparation,Cream of tartar,Crémor tártaro,g,g|piece,
truffleCream,Crème de truffe,,condiments,Truffle cream,Crema de trufa,g,g|kg|piece,
baileysCream,Crème de whisky (baileys),,beverages,Whisky cream (baileys),Crema de whisky (baileys),ml,ml|l|cl|piece,
chocolateDessertCream,Crème dessert au chocolat,creme-dessert-au-chocolat_81882_w100h100c1cx2000cy2000cxt0cyt0cxb4000cyb4000.png,dairy,Chocolate dessert cream,Crema de postre de chocolate,g,g|piece,
vanillaDessertCream,Crème dessert à la vanille,creme-dessert-a-la-vanille_118182_w100h100c1cx308cy283cxt0cyt0cxb617cyb567.webp,dairy,Vanilla dessert cream,Crema de postre de vainilla,g,g|piece,
wholeCream,Crème entière,creme-entiere_159401_w100h100c1cxt0cyt0cxb5388cyb5388.webp,dairy,Whole cream,Nata entera,ml,ml|l|g|piece,
wholeLiquidCream,Crème entière liquide,creme-entiere-liquide_166833_w100h100c1cxt0cyt0cxb3744cyb4296.webp,dairy,Whole liquid cream,Nata líquida entera,ml,ml|l|piece,
fleuretteCream,Crème fleurette,creme-fleurette_68923_w100h100c1cxt0cyt0cxb700cyb700.webp,dairy,Fleurette cream,Nata fleurette,ml,ml|l|g|piece,
whippedCream2,Crème fouettée,creme-fouettee_68924_w100h100c1cxt0cyt0cxb700cyb700.webp,dairy,Whipped cream,Nata batida,g,g|ml|l|piece,
creme_fraiche,Crème fraîche,creme-fraiche_67763_w100h100c1cx350cy350.webp,dairy,Crème fraîche,Nata fresca,g,g|ml|l|piece,
lightCremeFraiche,Crème fraîche allégée,creme-fraiche-allegee_68926_w100h100c1cxt0cyt0cxb700cyb700.webp,dairy,Light crème fraîche,Nata fresca ligera,g,g|ml|l|piece,
liquidCremeFraiche,Crème fraîche liquide,creme-fraiche-liquide_68925_w100h100c1cxt0cyt0cxb700cyb700.webp,dairy,Liquid crème fraîche,Nata fresca líquida,ml,ml|l|g|piece,
thickCremeFraiche,Crème fraîche épaisse,creme-fraiche-epaisse_68883_w100h100c1cxt0cyt0cxb700cyb700.webp,dairy,Thick crème fraîche,Nata fresca espesa,g,g|ml|l|piece,
liquidCream,Crème liquide,creme-liquide_67338_w100h100c1cx350cy350.webp,dairy,Liquid cream,Nata líquida,ml,ml|l|g|piece,
pastryCream,Crème pâtissière,creme-patissiere_118185_w100h100c1cx294cy296cxt0cyt0cxb589cyb593.webp,preparation,Pastry cream,Crema pastelera,g,g|ml|l|piece,
semiThickCream,Crème semi-épaisse,creme-semi-epaisse_67549_w100h100c1cx350cy350.webp,dairy,Semi-thick cream,Nata semi-espesa,g,g|ml|l|piece,
vegetableCream,Crème végétale,creme-vegetale_118184_w100h100c1cx150cy150cxt0cyt0cxb300cyb300.webp,dairy,Vegetable cream,Nata vegetal,ml,ml|l|g|piece,
speltVegetableCream,Crème végétale à l'épeautre,,dairy,Spelt vegetable cream,Nata vegetal de espelta,ml,ml|l|g|piece,
thickCream,Crème épaisse,creme-epaisse_68884_w100h100c1cxt0cyt0cxb700cyb700.webp,dairy,Thick cream,Nata espesa,g,g|ml|l|piece,
cremant,Crémant,cremant_76308_w100h100c1cx1500cy1500cxt0cyt0cxb3000cyb3000.webp,beverages,Crémant,Crémant,ml,ml|l|cl|piece,
slipperLimpet,Crépidule,,seafood,Slipper limpet,Lapa zapatilla,piece,piece|g|kg,
caulFat,Crépine,,meat,Caul fat,Redaño,g,g|kg|piece,
crepinette,Crépinette,,meat,Crépinette,Crepinette,piece,piece|g|kg,
crepe,Crêpe,crepe_67366_w100h100c1cx350cy350.webp,grains,Crepe,Crepe,piece,piece|g,
laceCrepe,Crêpe dentelle,crepe-dentelle_138227_w100h100c1cx621cy650cxt0cyt0cxb1242cyb1300.png,snacks,Lace crepe,Crepe de encaje,piece,piece|g,
milkChocolateLaceCrepes,Crêpes Dentelle au chocolat au lait,crepes-dentelle-au-chocolat-au-lait_138230_w100h100c1cxt0cyt0cxb770cyb767.png,snacks,Milk chocolate lace crepes,Crepes de encaje con chocolate con leche,piece,piece|g,
darkChocolateLaceCrepes,Crêpes Dentelle au chocolat noir,crepes-dentelle-au-chocolat-noir_138231_w100h100c1cxt0cyt0cxb800cyb705.png,snacks,Dark chocolate lace crepes,Crepes de encaje con chocolate negro,piece,piece|g,
cuajada,Cuajada,cuajada_117599_w100h100c1cxt0cyt0cxb591cyb591.webp,dairy,Cuajada,Cuajada,g,g|kg|piece,
bouillonCube,Cube de bouillon,cube-de-bouillon_67643_w100h100c1cx350cy350.webp,preparation,Bouillon cube,Cubito de caldo,piece,piece|g,
maggiCube,Cube Maggi,cube-maggi_117528_w100h100c1cx350cy350cxt0cyt0cxb700cyb700.webp,preparation,Maggi cube,Cubito Maggi,piece,piece|g,
potAuFeuCube,Cube pot au feu,,preparation,Pot-au-feu cube,Cubito pot-au-feu,piece,piece|g,
cuberdon,Cuberdon,,snacks,Cuberdon,Cuberdón,piece,piece|g,
duckThigh,Cuisse de canard,cuisse-de-canard_69017_w100h100c1cxt0cyt0cxb700cyb700.webp,meat,Duck thigh,Muslo de pato,g,g|kg|piece,
duckConfitThigh,Cuisse de confit de canard,,meat,Duck confit thigh,Muslo de pato confitado,g,g|kg|piece,
turkeyThigh,Cuisse de dinde,cuisse-de-dinde_69018_w100h100c1cxt0cyt0cxb700cyb700.webp,meat,Turkey thigh,Muslo de pavo,g,g|kg|piece,
frogLeg,Cuisse de grenouille,cuisse-de-grenouille_69019_w100h100c1cxt0cyt0cxb700cyb700.webp,meat,Frog leg,Ancas de rana,piece,piece|g|kg,
rabbitThigh,Cuisse de lapin,cuisses-de-lapin_69020_w100h100c1cxt0cyt0cxb700cyb700.webp,meat,Rabbit thigh,Muslo de conejo,g,g|kg|piece,
chickenThigh,Cuisse de poulet,cuisse-de-poulet_67722_w100h100c1cx350cy350.webp,meat,Chicken thigh,Muslo de pollo,g,g|kg|piece,
cumin,Cumin,cumin_67483_w100h100c1cx350cy350.webp,spices,Cumin,Comino,g,g|piece,
groundCumin,Cumin en poudre,cumin-en-poudre_69021_w100h100c1cxt0cyt0cxb700cyb700.webp,spices,Ground cumin,Comino en polvo,g,g|piece,
curacao,Curaçao,curacao_69022_w100h100c1cxt0cyt0cxb700cyb700.webp,beverages,Curaçao,Curaçao,ml,ml|l|cl|piece,
blueCuracao,Curaçao bleu,,beverages,Blue Curaçao,Curaçao azul,ml,ml|l|cl|piece,
turmeric,Curcuma,curcuma_67617_w100h100c1cx350cy350.webp,spices,Turmeric,Cúrcuma,g,g|piece,
curry,Curry,curry_67368_w100h100c1cx350cy350.webp,spices,Curry,Curry,g,g|piece,
cureNantais,Curé nantais,,dairy,Curé nantais,Curé nantais,g,g|kg|piece,
rosehip,Cynorhodon,cynorhodon_117550_w100h100c1cxt0cyt0cxb591cyb591.webp,fruits,Rosehip,Escaramujo,g,g|kg|piece,
lambChop,Côte d'agneau,cote-d-agneau_75866_w100h100c1cx2808cy1872cxt0cyt0cxb5616cyb3744.webp,meat,Lamb chop,Chuleta de cordero,g,g|kg|piece,
beefRib,Côte de boeuf,cote-de-boeuf_117499_w100h100c1cx295cy295cxt0cyt0cxb591cyb591.webp,meat,Beef rib,Chuletón,g,g|kg|piece,
porkChop,Côte de porc,cotes-de-porc_69011_w100h100c1cxt0cyt0cxb700cyb700.webp,meat,Pork chop,Chuleta de cerdo,g,g|kg|piece,
vealChop,Côte de veau,cote-de-veau_81890_w100h100c1cx2500cy2500cxt0cyt0cxb5000cyb5000.webp,meat,Veal chop,Chuleta de ternera,g,g|kg|piece,
lambCutlet,Côtelette d'agneau,cotelette-d-agneau_76307_w100h100c1cx2808cy1872cxt0cyt0cxb5616cyb3744.webp,meat,Lamb cutlet,Chuleta de cordero,g,g|kg|piece,
vealCutlet,Côtelette de veau,,meat,Veal cutlet,Chuleta de ternera,g,g|kg|piece,
espresso,Espresso,espresso_117466_w100h100c1cx866cy866cxt0cyt0cxb1732cyb1732.webp,beverages,Espresso,Espresso,ml,ml|l|cl|piece,
oxalisLeaves,Feuilles d'Oxalis,feuilles-d-oxalis_163997_w100h100c1cx250cy250cxt0cyt0cxb500cyb500.png,vegetables,Oxalis leaves,Hojas de oxalis,g,g|kg|piece,
chickenUpperThigh,Hauts de cuisse de poulet,hauts-de-cuisse-de-poulet_165294_w100h100c1cxt0cyt0cxb500cyb500.png,meat,Chicken upper thighs,Contramuslos de pollo,g,g|kg|piece,
beetrootJuice,Jus de betterave,jus-de-betterave_163995_w100h100c1cx250cy250cxt0cyt0cxb500cyb500.png,beverages,Beetroot juice,Zumo de remolacha,ml,ml|l|piece,
limeJuice,Jus de citron vert,jus-de-citron-vert_152455_w100h100c1cx150cy150cxt0cyt0cxb300cyb300.webp,beverages,Lime juice,Zumo de lima,ml,ml|l|piece,
poultryJus,Jus de volaille,,preparation,Poultry jus,Jugo de ave,ml,ml|l|piece,
shisoMiso,Miso de shiso,miso-de-shiso_163996_w100h100c1cx250cy250cxt0cyt0cxb500cyb500.png,condiments,Shiso miso,Miso de shiso,g,g|kg|piece,
goldenFoodFlakes,Paillettes dorées alimentaires,,preparation,Golden food flakes,Copos dorados alimentarios,g,g|piece,
smartiesSmallTube38g,Petit tube Smarties® (38 g),petit-tube-smarties-38-g_158912_w100h100c1cx750cy750cxt0cyt0cxb1500cyb1500.png,snacks,Smarties® small tube (38 g),Tubo pequeño de Smarties® (38 g),piece,piece|g,
smallChocolateEggs,Petits œufs en chocolat,petits-oeufs-en-chocolat_118538_w100h100c1cx667cy657cxt0cyt0cxb1334cyb1314.png,snacks,Small chocolate eggs,Pequeños huevos de chocolate,piece,piece|g,
hen,Poule,poule_69138_w100h100c1cxt0cyt0cxb700cyb700.webp,meat,Hen,Gallina,g,g|kg|piece,
chicken,Poulet,poulet_67769_w100h100c1cx350cy350.webp,meat,Chicken,Pollo,g,g|kg|piece,
wholeChicken,Poulet entier,poulet-entier_69139_w100h100c1cxt0cyt0cxb300cyb300.webp,meat,Whole chicken,Pollo entero,piece,piece|g|kg,
octopus,Poulpe,poulpe_69140_w100h100c1cxt0cyt0cxb700cyb700.webp,seafood,Octopus,Pulpo,g,g|kg|piece,
lung,Poumon,,meat,Lung,Pulmón,g,g|kg|piece,
purslane,Pourpier,pourpier_81468_w100h100c1cx2500cy2500cxt0cyt0cxb5000cyb5000.png,vegetables,Purslane,Verdolaga,g,g|kg|piece,
bambooShoot,Pousse de bambou,pousse-de-bambou_68960_w100h100c1cxt0cyt0cxb700cyb700.webp,vegetables,Bamboo shoot,Brote de bambú,g,g|kg|piece,
lotusShoot,Pousse de lotus,,vegetables,Lotus shoot,Brote de loto,g,g|kg|piece,
pousseRapiere,Pousse-Rapière,,beverages,Pousse-Rapière,Pousse-Rapière,ml,ml|l|cl|piece,
spinachShoots,Pousses d'épinards,pousses-d-epinards_69035_w100h100c1cxt0cyt0cxb700cyb700.webp,vegetables,Spinach shoots,Brotes de espinacas,g,g|kg|piece,
redMustardSprouts,Pousses de moutarde rouge,pousses-de-moutarde-rouge_132257_w100h100c1cxt0cyt0cxb1414cyb2121.webp,vegetables,Red mustard sprouts,Brotes de mostaza roja,g,g|kg|piece,
greenMustardSprouts,Pousses de moutarde verte,,vegetables,Green mustard sprouts,Brotes de mostaza verde,g,g|kg|piece,
soybeanSprouts,Pousses de soja,,vegetables,Soybean sprouts,Brotes de soja,g,g|kg|piece,
germinatedSprouts,Pousses germées,,vegetables,Germinated sprouts,Brotes germinados,g,g|kg|piece,
chick,Poussin,,meat,Chick,Pollito,piece,piece|g|kg,
bottarga,Poutargue,poutargue_77256_w100h100c1cx2100cy2100cxt0cyt0cxb4200cyb4200.png,fish,Bottarga,Botarga,g,g|kg|piece,
clam,Praire,praire_117228_w100h100c1cxt0cyt0cxb1411cyb1411.jpeg,seafood,Clam,Almeja,piece,piece|g|kg,
pralin,Pralin,pralin_139034_w100h100c1cx411cy411cxt0cyt0cxb822cyb822.png,preparation,Pralin,Pralin,g,g|piece,
praline,Praline,praline_81498_w100h100c1cx2700cy2700cxt0cyt0cxb5400cyb5400.webp,snacks,Praline,Praliné,piece,piece|g,
redPraline,Praline rouge,,snacks,Red praline,Praliné rojo,piece,piece|g,
pinkPralines,Pralines roses,,snacks,Pink pralines,Pralinés rosas,piece,piece|g,
pralinoise,Pralinoise,pralinoise_147400_w100h100c1cx749cy693cxt0cyt0cxb1498cyb1386.jpeg,snacks,Pralinoise,Pralinoise,g,g|piece,
pralineTopping,Praliné,praline_115260_w100h100c1cx627cy668cxt0cyt0cxb1254cyb1336.png,preparation,Praliné,Praliné,g,g|piece,
prosciutto,Prosciutto,prosciutto_76414_w100h100c1cx2376cy1584cxt0cyt0cxb4752cyb3168.webp,meat,Prosciutto,Prosciutto,g,g|kg|piece,
prosecco,Prosecco,,beverages,Prosecco,Prosecco,ml,ml|l|cl|piece,
soyProtein,Protéine de soja,proteine-de-soja_117372_w100h100c1cx1130cy1130cxt0cyt0cxb2261cyb2261.webp,preparation,Soy protein,Proteína de soja,g,g|kg|piece,
provolone,Provolone,,dairy,Provolone,Provolone,g,g|kg|piece,
plum,Prune,prune_67640_w100h100c1cx350cy350.webp,fruits,Plum,Ciruela,piece,piece|g|kg,
prune,Pruneau,pruneaux_67666_w100h100c1cx1700cy1320.webp,fruits,Prune,Ciruela pasa,piece,piece|g|kg,
sloe,Prunelle,prunelle_117558_w100h100c1cx295cy295cxt0cyt0cxb591cyb591.webp,fruits,Sloe,Endrina,piece,piece|g|kg,
plainFlanPreparation,Préparation pour flan nature,,preparation,Plain flan preparation,Preparación para flan natural,g,g|kg|piece,
rennet,Présure,,preparation,Rennet,Cuajo,ml,ml|g|piece,
psyllium,Psyllium,,preparation,Psyllium,Psyllium,g,g|piece,
tomatoPulp,Pulpe de tomate,pulpe-de-tomate_67376_w100h100c1cx350cy350.webp,canned,Tomato pulp,Pulpa de tomate,g,g|kg|piece,
coconutPunch,Punch coco,,beverages,Coconut punch,Punch de coco,ml,ml|l|cl|piece,
puree,Purée,puree_69141_w100h100c1cxt0cyt0cxb700cyb700.webp,preparation,Puree,Puré,g,g|kg|piece,
almondPuree,Purée d'amandes,puree-d-amandes_83297_w100h100c1cx1900cy1900cxt0cyt0cxb3800cyb3800.png,preparation,Almond puree,Puré de almendras,g,g|kg|piece,
eggplantPuree,Purée d'aubergine,,preparation,Eggplant puree,Puré de berenjena,g,g|kg|piece,
onionPuree,Purée d'oignon,,preparation,Onion puree,Puré de cebolla,g,g|kg|piece,
spinachPuree,Purée d'épinard,,preparation,Spinach puree,Puré de espinacas,g,g|kg|piece,
peanutPuree,Purée de cacahuète,puree-de-cacahuete_118760_w100h100c1cx150cy150cxt0cyt0cxb300cyb300.webp,preparation,Peanut puree,Puré de cacahuete,g,g|kg|piece,
carrotPuree,Purée de carotte,puree-de-carotte_117486_w100h100c1cx295cy295cxt0cyt0cxb591cyb591.webp,preparation,Carrot puree,Puré de zanahoria,g,g|kg|piece,
strawberryPuree,Purée de fraise,,preparation,Strawberry puree,Puré de fresa,g,g|kg|piece,
passionFruitPuree,Purée de fruit de la passion,puree-de-fruit-de-la-passion_164711_w100h100c1cxt0cyt0cxb4717cyb3607.webp,preparation,Passion fruit puree,Puré de fruta de la pasión,g,g|kg|piece,
lycheePuree,Purée de litchi,,preparation,Lychee puree,Puré de lichi,g,g|kg|piece,
chestnutPuree,Purée de marrons,puree-de-marrons_155785_w100h100c1cx150cy150cxt0cyt0cxb300cyb300.webp,preparation,Chestnut puree,Puré de castañas,g,g|kg|piece,
hazelnutPuree,Purée de noisettes,,preparation,Hazelnut puree,Puré de avellanas,g,g|kg|piece,
cashewPuree,Purée de noix de cajou,,preparation,Cashew puree,Puré de anacardos,g,g|kg|piece,
passionPuree,Purée de passion,puree-de-passion_128801_w100h100c1cxt0cyt0cxb1414cyb2121.webp,preparation,Passion puree,Puré de pasión,g,g|kg|piece,
chiliPuree,Purée de piment,puree-de-piment_117333_w100h100c1cx866cy866cxt0cyt0cxb1732cyb1732.webp,condiments,Chili puree,Puré de pimiento,g,g|kg|piece,
peachPuree,Purée de pêche,,preparation,Peach puree,Puré de melocotón,g,g|kg|piece,
tomatoPuree,Purée de tomate,puree-de-tomate_83358_w100h100c1cx1000cy1000cxt0cyt0cxb2000cyb2000.png,canned,Tomato puree,Puré de tomate,g,g|kg|piece,
bottledTomatoPuree,Purée de tomate en bouteille,puree-de-tomate-en-bouteille_83357_w100h100c1cx2320cy2320cxt0cyt0cxb4641cyb4641.webp,canned,Bottled tomato puree,Puré de tomate en botella,g,g|kg|piece,
perlAmandeWholeAlmondPuree,Purée d’amande complète extra douce Perl’Amande,puree-d-amande-complete-extra-douce-perl-amande_152931_w100h100c1cxt0cyt0cxb700cyb700.png,preparation,Whole extra-soft almond puree Perl'Amande,Puré de almendra entera extra suave Perl'Amande,g,g|kg|piece,
thaiCurryPaste,Pâte de curry thaï,pate-de-curry-thai_166356_w100h100c1cxt0cyt0cxb500cyb500.png,condiments,Thai curry paste,Pasta de curry tailandés,g,g|kg|piece,
poultrySupremesWithBone,Suprêmes de volaille avec manchon,,meat,Poultry supremes with bone,Supremas de ave con manchón,g,g|kg|piece,
grisonMeat,Viande des Grisons,viande-des-grisons_69185_w100h100c1cxt0cyt0cxb700cyb700.webp,meat,Grison meat,Carne de los Grisones,g,g|kg|piece,